-- MySQL dump 10.13  Distrib 8.0.42, for Win64 (x86_64)
--
-- Host: localhost    Database: azania
-- ------------------------------------------------------
-- Server version	8.0.42

/*!40101 SET @OLD_CHARACTER_SET_CLIENT=@@CHARACTER_SET_CLIENT */;
/*!40101 SET @OLD_CHARACTER_SET_RESULTS=@@CHARACTER_SET_RESULTS */;
/*!40101 SET @OLD_COLLATION_CONNECTION=@@COLLATION_CONNECTION */;
/*!50503 SET NAMES utf8 */;
/*!40103 SET @OLD_TIME_ZONE=@@TIME_ZONE */;
/*!40103 SET TIME_ZONE='+00:00' */;
/*!40014 SET @OLD_UNIQUE_CHECKS=@@UNIQUE_CHECKS, UNIQUE_CHECKS=0 */;
/*!40014 SET @OLD_FOREIGN_KEY_CHECKS=@@FOREIGN_KEY_CHECKS, FOREIGN_KEY_CHECKS=0 */;
/*!40101 SET @OLD_SQL_MODE=@@SQL_MODE, SQL_MODE='NO_AUTO_VALUE_ON_ZERO' */;
/*!40111 SET @OLD_SQL_NOTES=@@SQL_NOTES, SQL_NOTES=0 */;

--
-- Table structure for table `t_attendance`
--

DROP TABLE IF EXISTS `t_attendance`;
/*!40101 SET @saved_cs_client     = @@character_set_client */;
/*!50503 SET character_set_client = utf8mb4 */;
CREATE TABLE `t_attendance` (
  `attendance_id` int NOT NULL AUTO_INCREMENT,
  `employee_id` int NOT NULL,
  `shift_id` int NOT NULL,
  `clock_in_time` datetime DEFAULT NULL,
  `clock_out_time` datetime DEFAULT NULL,
  `status_` enum('present','absent','late','on_leave') NOT NULL,
  `device_ip_address` varchar(45) DEFAULT NULL,
  `device_mac_address` varchar(20) DEFAULT NULL,
  `time_to_clock_in` time DEFAULT NULL COMMENT 'Time employee was supposed to clock in',
  `on_time` tinyint(1) DEFAULT NULL,
  `qr_id` int DEFAULT NULL,
  `device_id` int DEFAULT NULL,
  `created_at` datetime DEFAULT CURRENT_TIMESTAMP,
  `updated_at` datetime DEFAULT CURRENT_TIMESTAMP ON UPDATE CURRENT_TIMESTAMP,
  PRIMARY KEY (`employee_id`,`shift_id`),
  UNIQUE KEY `attendance_id` (`attendance_id`),
  KEY `shift_id` (`shift_id`),
  KEY `qr_id` (`qr_id`),
  KEY `device_id` (`device_id`),
  CONSTRAINT `T_Attendance_ibfk_1` FOREIGN KEY (`employee_id`) REFERENCES `t_employee` (`employee_id`),
  CONSTRAINT `T_Attendance_ibfk_2` FOREIGN KEY (`shift_id`) REFERENCES `t_shift` (`shift_id`),
  CONSTRAINT `T_Attendance_ibfk_3` FOREIGN KEY (`qr_id`) REFERENCES `t_qr_code` (`qr_id`),
  CONSTRAINT `T_Attendance_ibfk_4` FOREIGN KEY (`device_id`) REFERENCES `t_device` (`device_id`)
) ENGINE=InnoDB AUTO_INCREMENT=9 DEFAULT CHARSET=utf8mb4 COLLATE=utf8mb4_0900_ai_ci;
/*!40101 SET character_set_client = @saved_cs_client */;

--
-- Dumping data for table `t_attendance`
--

LOCK TABLES `t_attendance` WRITE;
/*!40000 ALTER TABLE `t_attendance` DISABLE KEYS */;
INSERT INTO `t_attendance` VALUES (2,2,2,'2023-11-15 16:05:00','2023-11-16 00:03:00','present','192.168.1.11','08:00:27:AB:CD:EF','16:00:00',0,1,2,'2025-05-20 22:38:23','2025-06-30 17:17:27'),(4,2,37,'2025-06-23 02:10:00','2025-06-23 02:12:00','present','192.168.1.10','00:1A:2B:3C:4D:5E','08:00:00',1,1,1,'2025-05-20 22:38:23','2025-06-30 17:17:27'),(3,4,4,'2023-11-16 08:15:00','2023-11-16 16:10:00','present','192.168.1.12','52:54:00:12:34:56','08:00:00',0,1,4,'2025-05-20 22:38:23','2025-06-30 17:17:27'),(1,5,1,'2023-11-15 07:58:00','2023-11-15 16:02:00','present','192.168.1.10','00:1A:2B:3C:4D:5E','08:00:00',1,1,1,'2025-05-20 22:38:23','2025-06-30 17:17:27'),(7,9,206,'2025-07-03 21:08:21','2025-07-03 22:22:22','present','192.168.1.10','00:1A:2B:3C:4D:5E','08:00:00',1,1,1,'2025-05-20 22:38:23','2025-06-30 17:17:27'),(8,9,263,'2025-07-07 21:34:12','2025-07-07 21:43:33','present',NULL,NULL,NULL,NULL,462,NULL,'2025-07-07 21:34:12','2025-07-07 21:48:29'),(5,13,78,'2023-11-15 07:58:00','2023-11-15 16:02:00','absent','192.168.1.10','00:1A:2B:3C:4D:5E','08:00:00',1,1,1,'2025-05-20 22:38:23','2025-06-30 17:17:27'),(6,13,131,'2023-11-15 07:58:00','2023-11-15 16:02:00','absent','192.168.1.10','00:1A:2B:3C:4D:5E','08:00:00',1,1,1,'2025-05-20 22:38:23','2025-06-30 17:17:27');
/*!40000 ALTER TABLE `t_attendance` ENABLE KEYS */;
UNLOCK TABLES;

--
-- Table structure for table `t_device`
--

DROP TABLE IF EXISTS `t_device`;
/*!40101 SET @saved_cs_client     = @@character_set_client */;
/*!50503 SET character_set_client = utf8mb4 */;
CREATE TABLE `t_device` (
  `device_id` int NOT NULL AUTO_INCREMENT,
  `mac_address` varchar(50) NOT NULL,
  `registered_date` datetime NOT NULL DEFAULT CURRENT_TIMESTAMP,
  `employee_id` int NOT NULL,
  PRIMARY KEY (`device_id`),
  KEY `employee_id` (`employee_id`),
  CONSTRAINT `T_Device_ibfk_1` FOREIGN KEY (`employee_id`) REFERENCES `t_employee` (`employee_id`)
) ENGINE=InnoDB AUTO_INCREMENT=14 DEFAULT CHARSET=utf8mb4 COLLATE=utf8mb4_0900_ai_ci;
/*!40101 SET character_set_client = @saved_cs_client */;

--
-- Dumping data for table `t_device`
--

LOCK TABLES `t_device` WRITE;
/*!40000 ALTER TABLE `t_device` DISABLE KEYS */;
INSERT INTO `t_device` VALUES (1,'00:1A:2B:3C:4D:5E','2025-05-08 15:00:59',1),(2,'08:00:27:AB:CD:EF','2025-05-08 15:00:59',2),(3,'52:54:00:12:34:56','2025-05-08 15:00:59',3),(4,'D4:BE:D9:8A:F1:32','2025-05-08 15:00:59',4),(5,'3C:22:FB:78:91:10','2025-05-08 15:00:59',1),(6,'01:1A:2B:3C:4D:5E','2025-05-08 16:27:41',6),(7,'02:1A:2B:3C:4D:5E','2025-05-08 16:39:19',7),(8,'04:1A:2B:3C:4D:5E','2025-05-08 17:07:59',8),(9,'03:1A:2B:3C:4D:5E','2025-05-08 23:35:09',9),(10,'12:34:56:78:AB:CD','2025-05-09 05:38:02',13),(11,'13:23:45:67:89:AB','2025-05-09 08:18:29',14),(12,'00:00:5E:00:53:AF','2025-05-20 19:07:42',15),(13,'05:1A:2B:3C:4D:5E','2025-05-20 20:11:10',16);
/*!40000 ALTER TABLE `t_device` ENABLE KEYS */;
UNLOCK TABLES;

--
-- Table structure for table `t_employee`
--

DROP TABLE IF EXISTS `t_employee`;
/*!40101 SET @saved_cs_client     = @@character_set_client */;
/*!50503 SET character_set_client = utf8mb4 */;
CREATE TABLE `t_employee` (
  `employee_id` int NOT NULL AUTO_INCREMENT,
  `first_name` varchar(50) NOT NULL,
  `last_name` varchar(50) NOT NULL,
  `email` varchar(100) NOT NULL,
  `phone_number` varchar(11) NOT NULL,
  `password_hash` varchar(255) NOT NULL COMMENT 'Store bcrypt/scrypt hashes only',
  `status_` enum('Working','Not Working','On Leave') NOT NULL DEFAULT 'Not Working',
  `type_` enum('employee','manager') NOT NULL DEFAULT 'employee',
  `role_id` int NOT NULL,
  `base_hourly_rate` decimal(10,2) DEFAULT NULL,
  `overtime_hourly_rate` decimal(10,2) DEFAULT NULL,
  `reset_token` varchar(255) DEFAULT NULL,
  PRIMARY KEY (`employee_id`),
  UNIQUE KEY `email` (`email`),
  KEY `role_id` (`role_id`),
  CONSTRAINT `T_Employee_ibfk_1` FOREIGN KEY (`role_id`) REFERENCES `t_role` (`role_id`)
) ENGINE=InnoDB AUTO_INCREMENT=18 DEFAULT CHARSET=utf8mb4 COLLATE=utf8mb4_0900_ai_ci;
/*!40101 SET character_set_client = @saved_cs_client */;

--
-- Dumping data for table `t_employee`
--

LOCK TABLES `t_employee` WRITE;
/*!40000 ALTER TABLE `t_employee` DISABLE KEYS */;
INSERT INTO `t_employee` VALUES (1,'John','Smith','john.smith@example.com','5551234567','$2a$10$N9qo8uLOickgx2ZMRZoMy.MrYV7ZRHH3jLmsjW3TSMdDh8QY8sQaO','Not Working','manager',7,100.00,150.00,NULL),(2,'Sarah','Johnson','sarah.j@example.com','5552345678','$2a$10$N9qo8uLOickgx2ZMRZoMy.MrYV7ZRHH3jLmsjW3TSMdDh8QY8sQaO','Not Working','employee',6,25.25,37.88,NULL),(3,'Michael','Williams','michael.w@example.com','5553456789','$2a$10$N9qo8uLOickgx2ZMRZoMy.MrYV7ZRHH3jLmsjW3TSMdDh8QY8sQaO','Not Working','employee',3,126.99,23.00,NULL),(4,'Emily','Brown','emily.b@example.com','5554567890','$2a$10$N9qo8uLOickgx2ZMRZoMy.MrYV7ZRHH3jLmsjW3TSMdDh8QY8sQaO','Not Working','employee',4,22.50,33.75,NULL),(5,'David','Jones','david.j@example.com','5555678901','$2a$10$N9qo8uLOickgx2ZMRZoMy.MrYV7ZRHH3jLmsjW3TSMdDh8QY8sQaO','Not Working','employee',5,21.50,30.00,NULL),(6,'John','Doe','john.doe@example.com','5551234567','$2b$10$ej0cld/9xj0kicCc8kv4Xe1rDjmO.kryPt61O0Bbs5K/FYbcGp1XS','Not Working','employee',1,122.00,61.05,NULL),(7,'Batin','Doe','batin.doe@example.com','5551234567','$2b$10$tJpcl8ySMksNcAJcRIfFte8dAqMa89368QOjIKypzRfSePECQ.Ghe','Not Working','employee',3,126.99,23.00,NULL),(8,'main','man','main.man@example.com','1234567890','$2b$10$riibSo/gkdcxRCmKm7gRcO3bmlalGxMhMBPfcZ/2bon2DTmATf4gC','Not Working','manager',1,122.00,61.05,NULL),(9,'main','man','hi@example.com','1234567890','$2b$10$n2nfX1lSqVwsMfmDDkLKBuA8PzMxn.6CpvY7pYGNFTydpYU/4/NzC','Not Working','employee',1,122.00,61.05,NULL),(13,'Yatin','Fakir','F@gmail.com','0900900900','$2b$10$RUrpdk125iLx1liZegsEMeh2bXBNHkFOfegWAaw15tEU6yna5LF/K','Not Working','employee',2,28.75,43.13,NULL),(14,'c','c','c@c.com','0810810811','$2b$10$dBQ8ohblhGRg7wG6IzlGzu3wLa4T/Mn8K1ET1xIk6a49qEc1zpYzG','Not Working','employee',3,126.99,23.00,NULL),(15,'Zlatan','Ibrahimovic','Z.I@Z.I.com','0810810811','$2b$10$GolXYplSPn3sOCzEu3yIq.dJYp5FWxv95mOlY1PKX/5RZwKiulWMC','On Leave','employee',5,21.50,30.00,NULL),(16,'main','man','man@example.com','1234567890','$2b$10$ERDtDptbF7JJxLhRlOTeu.SX9VGjliPAOY0/8vw98JqavxTA/.cBu','Not Working','manager',1,122.00,61.05,NULL),(17,'Shayzaad','Kallan','SK@SK.com','0819291023','$2a$12$sLgfSumRYpmjRyyHaYP7G.BPCj8nUk3NSYPNIUYCUaas/L3rBFNAa','Working','manager',7,100.00,NULL,NULL);
/*!40000 ALTER TABLE `t_employee` ENABLE KEYS */;
UNLOCK TABLES;

--
-- Table structure for table `t_leave`
--

DROP TABLE IF EXISTS `t_leave`;
/*!40101 SET @saved_cs_client     = @@character_set_client */;
/*!50503 SET character_set_client = utf8mb4 */;
CREATE TABLE `t_leave` (
  `leave_id` int NOT NULL AUTO_INCREMENT,
  `start_date` date NOT NULL,
  `end_date` date NOT NULL,
  `status_` enum('pending','approved','rejected','cancelled') NOT NULL DEFAULT 'pending',
  `employee_id` int NOT NULL,
  `leave_type_id` int NOT NULL,
  `created_at` timestamp NULL DEFAULT CURRENT_TIMESTAMP,
  `updated_at` timestamp NULL DEFAULT CURRENT_TIMESTAMP ON UPDATE CURRENT_TIMESTAMP,
  `used_days` int DEFAULT NULL,
  `remaining_days` int DEFAULT NULL,
  PRIMARY KEY (`leave_id`),
  KEY `employee_id` (`employee_id`),
  KEY `leave_type_id` (`leave_type_id`),
  CONSTRAINT `T_Leave_ibfk_1` FOREIGN KEY (`employee_id`) REFERENCES `t_employee` (`employee_id`),
  CONSTRAINT `T_Leave_ibfk_2` FOREIGN KEY (`leave_type_id`) REFERENCES `t_leave_type` (`leave_type_id`)
) ENGINE=InnoDB AUTO_INCREMENT=17 DEFAULT CHARSET=utf8mb4 COLLATE=utf8mb4_0900_ai_ci;
/*!40101 SET character_set_client = @saved_cs_client */;

--
-- Dumping data for table `t_leave`
--

LOCK TABLES `t_leave` WRITE;
/*!40000 ALTER TABLE `t_leave` DISABLE KEYS */;
INSERT INTO `t_leave` VALUES (1,'2023-06-01','2023-06-07','approved',2,1,'2025-05-08 15:01:15','2025-05-08 15:01:15',NULL,NULL),(2,'2023-07-15','2023-07-16','rejected',3,2,'2025-05-08 15:01:15','2025-05-20 21:15:13',NULL,NULL),(3,'2023-08-01','2023-10-30','approved',4,3,'2025-05-08 15:01:15','2025-05-08 15:01:15',NULL,NULL),(4,'2023-09-01','2023-09-14','rejected',5,1,'2025-05-08 15:01:15','2025-05-08 15:01:15',NULL,NULL),(5,'2023-12-25','2023-12-31','approved',1,1,'2025-05-08 15:01:15','2025-05-08 15:01:15',NULL,NULL),(6,'2026-11-10','2026-11-15','rejected',7,1,'2025-05-08 16:42:51','2025-05-08 17:12:43',NULL,NULL),(9,'2026-11-10','2026-11-15','rejected',9,3,'0000-00-00 00:00:00','2025-05-22 13:25:21',NULL,NULL),(10,'2023-07-15','2023-07-16','approved',3,2,'2025-05-20 21:24:53','2025-05-20 21:27:18',NULL,NULL),(11,'2023-07-15','2023-09-16','approved',3,2,'2025-05-20 21:27:58','2025-05-20 21:35:18',NULL,NULL),(12,'2026-06-10','2026-06-15','approved',9,3,'2025-05-22 13:25:01','2025-05-22 13:26:30',NULL,NULL),(13,'2025-07-07','2025-07-11','pending',9,3,'2025-05-22 15:25:07','2025-05-22 15:25:07',NULL,NULL),(14,'2025-07-18','2025-07-25','pending',9,2,'2025-05-22 15:33:08','2025-05-22 15:33:08',NULL,NULL),(15,'2025-07-01','2025-07-31','rejected',9,3,'2025-06-29 18:40:41','2025-07-11 21:21:18',6,9),(16,'2025-08-05','2025-08-19','approved',9,2,'2025-06-29 18:41:01','2025-06-29 18:41:01',0,30);
/*!40000 ALTER TABLE `t_leave` ENABLE KEYS */;
UNLOCK TABLES;

--
-- Table structure for table `t_leave_type`
--

DROP TABLE IF EXISTS `t_leave_type`;
/*!40101 SET @saved_cs_client     = @@character_set_client */;
/*!50503 SET character_set_client = utf8mb4 */;
CREATE TABLE `t_leave_type` (
  `leave_type_id` int NOT NULL AUTO_INCREMENT,
  `name_` varchar(50) NOT NULL,
  `max_days_per_year` int NOT NULL DEFAULT '14',
  `created_at` timestamp NULL DEFAULT CURRENT_TIMESTAMP,
  `updated_at` timestamp NULL DEFAULT CURRENT_TIMESTAMP ON UPDATE CURRENT_TIMESTAMP,
  PRIMARY KEY (`leave_type_id`),
  UNIQUE KEY `name_` (`name_`)
) ENGINE=InnoDB AUTO_INCREMENT=4 DEFAULT CHARSET=utf8mb4 COLLATE=utf8mb4_0900_ai_ci;
/*!40101 SET character_set_client = @saved_cs_client */;

--
-- Dumping data for table `t_leave_type`
--

LOCK TABLES `t_leave_type` WRITE;
/*!40000 ALTER TABLE `t_leave_type` DISABLE KEYS */;
INSERT INTO `t_leave_type` VALUES (1,'Annual Leave',20,'2025-05-08 15:01:05','2025-05-08 15:01:05'),(2,'Sick Leave',30,'2025-05-08 15:01:05','2025-05-20 21:35:18'),(3,'Family Leave',15,'2025-05-08 15:01:05','2025-05-22 13:26:31');
/*!40000 ALTER TABLE `t_leave_type` ENABLE KEYS */;
UNLOCK TABLES;

--
-- Table structure for table `t_notification`
--

DROP TABLE IF EXISTS `t_notification`;
/*!40101 SET @saved_cs_client     = @@character_set_client */;
/*!50503 SET character_set_client = utf8mb4 */;
CREATE TABLE `t_notification` (
  `notification_id` int NOT NULL AUTO_INCREMENT,
  `employee_id` int NOT NULL,
  `message` varchar(255) NOT NULL,
  `sent_time` datetime DEFAULT NULL,
  `read_status` enum('read','unread') DEFAULT 'unread',
  `notification_type_id` int DEFAULT NULL,
  PRIMARY KEY (`notification_id`),
  KEY `employee_id` (`employee_id`),
  KEY `notification_type_id` (`notification_type_id`),
  CONSTRAINT `t_notification_ibfk_1` FOREIGN KEY (`employee_id`) REFERENCES `t_employee` (`employee_id`),
  CONSTRAINT `t_notification_ibfk_2` FOREIGN KEY (`notification_type_id`) REFERENCES `t_notification_type` (`notification_type_id`)
) ENGINE=InnoDB AUTO_INCREMENT=464 DEFAULT CHARSET=utf8mb4 COLLATE=utf8mb4_0900_ai_ci;
/*!40101 SET character_set_client = @saved_cs_client */;

--
-- Dumping data for table `t_notification`
--

LOCK TABLES `t_notification` WRITE;
/*!40000 ALTER TABLE `t_notification` DISABLE KEYS */;
INSERT INTO `t_notification` VALUES (307,7,'Your hourly rates have been updated to R121.98 (base) and R23 (overtime)','2025-06-30 19:49:18','unread',2),(308,7,'Your hourly rates have been updated to R121.99 (base) and R23 (overtime)','2025-06-30 19:49:18','unread',2),(309,14,'Your hourly rates have been updated to R121.98 (base) and R23 (overtime)','2025-06-30 19:49:18','unread',2),(310,7,'Your hourly rates have been updated to R122.89 (base) and R23 (overtime)','2025-06-30 19:49:18','unread',2),(311,14,'Your hourly rates have been updated to R122.98 (base) and R23 (overtime)','2025-06-30 19:49:18','unread',2),(316,3,'Michael Williams has missed a shift on 2025/07/02','2025-06-30 19:49:18','unread',4),(317,4,'Emily Brown has missed a shift on 2025/07/02','2025-06-30 19:49:18','unread',4),(318,7,'Batin Doe has missed a shift on 2025/07/02','2025-06-30 19:49:18','unread',4),(319,13,'Yatin Fakir has missed a shift on 2025/07/02','2025-06-30 19:49:18','unread',4),(320,14,'c c has missed a shift on 2025/07/02','2025-06-30 19:49:18','unread',4),(321,4,'Emily Brown has missed a shift on 2025/07/02','2025-06-30 19:49:18','unread',4),(322,7,'Your hourly rates have been updated to R125 (base) and R23 (overtime)','2025-06-30 19:49:18','unread',2),(323,6,'Your hourly rates have been updated to R122 (base) and R61 (overtime)','2025-07-03 18:39:56','unread',2),(324,8,'Your hourly rates have been updated to R122 (base) and R61 (overtime)','2025-07-03 18:39:56','unread',2),(325,9,'Your hourly rates have been updated to R122 (base) and R61 (overtime)','2025-07-03 18:39:56','unread',2),(326,16,'Your hourly rates have been updated to R122 (base) and R61 (overtime)','2025-07-03 18:39:56','unread',2),(327,6,'John Doe has missed an overtime shift on 2025/07/03','2025-07-03 22:40:49','unread',4),(328,8,'main man has missed an overtime shift on 2025/07/03','2025-07-03 22:40:49','unread',4),(329,16,'main man has missed an overtime shift on 2025/07/03','2025-07-03 22:40:49','unread',4),(330,6,'John Doe has missed an overtime shift on 2025/07/04','2025-07-04 14:34:23','unread',4),(331,8,'main man has missed an overtime shift on 2025/07/04','2025-07-04 14:34:23','unread',4),(332,9,'main man has missed an overtime shift on 2025/07/04','2025-07-04 14:34:23','unread',4),(333,16,'main man has missed an overtime shift on 2025/07/04','2025-07-04 14:34:23','unread',4),(334,6,'John Doe has missed an overtime shift on 2025/07/04','2025-07-04 15:04:23','unread',4),(335,8,'main man has missed an overtime shift on 2025/07/04','2025-07-04 15:04:23','unread',4),(336,9,'main man has missed an overtime shift on 2025/07/04','2025-07-04 15:04:23','unread',4),(337,16,'main man has missed an overtime shift on 2025/07/04','2025-07-04 15:04:23','unread',4),(338,5,'David Jones has missed an overtime shift on 2025/07/04','2025-07-04 15:10:43','unread',4),(339,6,'John Doe has missed an overtime shift on 2025/07/04','2025-07-04 15:10:43','unread',4),(340,8,'main man has missed an overtime shift on 2025/07/04','2025-07-04 15:10:43','unread',4),(341,9,'main man has missed an overtime shift on 2025/07/04','2025-07-04 15:10:43','unread',4),(342,16,'main man has missed an overtime shift on 2025/07/04','2025-07-04 15:10:43','unread',4),(343,3,'Michael Williams has missed an overtime shift on 2025/07/04','2025-07-04 15:24:55','unread',4),(344,7,'Batin Doe has missed an overtime shift on 2025/07/04','2025-07-04 15:24:55','unread',4),(345,14,'c c has missed an overtime shift on 2025/07/04','2025-07-04 15:24:55','unread',4),(346,16,'main man has missed a normal shift on 2025/07/04','2025-07-04 15:31:01','unread',4),(347,16,'main man has missed a normal shift on 2025/07/04','2025-07-04 15:35:01','unread',4),(348,2,'Sarah Johnson has missed an overtime shift on 2025/07/04','2025-07-04 15:35:32','unread',4),(349,2,'Sarah Johnson has missed a normal shift on 2025/07/04','2025-07-04 15:42:01','unread',4),(350,2,'Sarah Johnson has missed a normal shift on 2025/07/04','2025-07-04 15:45:01','unread',4),(351,2,'Sarah Johnson has missed a normal shift on 2025/07/04','2025-07-04 15:48:01','unread',4),(352,2,'Sarah Johnson has missed a normal shift on 2025/07/04','2025-07-04 15:52:01','unread',4),(353,2,'Sarah Johnson has missed a normal shift on 2025/07/04','2025-07-04 15:55:01','unread',4),(354,2,'Sarah Johnson has missed a normal shift on 2025/07/04','2025-07-04 15:58:41','unread',4),(355,2,'Sarah Johnson has missed an overtime shift on 2025/07/04','2025-07-04 15:59:51','unread',4),(356,2,'Sarah Johnson has missed an overtime shift on 2025/07/04','2025-07-04 15:59:51','unread',4),(357,4,'Emily Brown has missed an overtime shift on 2025/07/04','2025-07-04 16:07:35','unread',4),(358,3,'Michael Williams has missed an overtime shift on 2025/07/04','2025-07-04 16:09:52','unread',4),(359,3,'Michael Williams has missed an overtime shift on 2025/07/04','2025-07-04 16:09:52','unread',4),(360,4,'Emily Brown has missed an overtime shift on 2025/07/04','2025-07-04 16:09:52','unread',4),(361,5,'David Jones has missed an overtime shift on 2025/07/04','2025-07-04 16:09:52','unread',4),(362,7,'Batin Doe has missed an overtime shift on 2025/07/04','2025-07-04 16:09:52','unread',4),(363,7,'Batin Doe has missed an overtime shift on 2025/07/04','2025-07-04 16:09:52','unread',4),(364,14,'c c has missed an overtime shift on 2025/07/04','2025-07-04 16:09:52','unread',4),(365,14,'c c has missed an overtime shift on 2025/07/04','2025-07-04 16:09:52','unread',4),(366,5,'David Jones has missed an overtime shift on 2025/07/04','2025-07-04 16:12:48','unread',4),(367,5,'David Jones has missed an overtime shift on 2025/07/04','2025-07-04 16:12:48','unread',4),(368,5,'David Jones has missed an overtime shift on 2025/07/04','2025-07-04 16:12:48','unread',4),(369,5,'David Jones has missed an overtime shift on 2025/07/04','2025-07-04 16:17:28','unread',4),(370,5,'David Jones has missed an overtime shift on 2025/07/04','2025-07-04 16:17:28','unread',4),(371,4,'Emily Brown has missed an overtime shift on 2025/07/04','2025-07-04 16:18:35','unread',4),(372,5,'David Jones has missed an overtime shift on 2025/07/04','2025-07-04 16:18:35','unread',4),(373,5,'David Jones has missed an overtime shift on 2025/07/04','2025-07-04 16:29:15','unread',4),(374,5,'David Jones has missed an overtime shift on 2025/07/04','2025-07-04 16:29:15','unread',4),(375,3,'Michael Williams has missed an overtime shift on 2025/07/04','2025-07-04 16:34:13','unread',4),(376,4,'Emily Brown has missed an overtime shift on 2025/07/04','2025-07-04 16:34:13','unread',4),(377,7,'Batin Doe has missed an overtime shift on 2025/07/04','2025-07-04 16:34:13','unread',4),(378,14,'c c has missed an overtime shift on 2025/07/04','2025-07-04 16:34:13','unread',4),(379,4,'Emily Brown has missed an overtime shift on 2025/07/04','2025-07-04 16:43:40','unread',4),(380,5,'David Jones has missed an overtime shift on 2025/07/04','2025-07-04 16:45:26','unread',4),(381,2,'Sarah Johnson has missed a normal shift on 2025/07/04','2025-07-04 17:58:01','unread',4),(382,2,'Sarah Johnson has missed a normal shift on 2025/07/04','2025-07-04 18:01:01','unread',4),(383,2,'Sarah Johnson has missed an overtime shift on 2025/07/07','2025-07-07 18:04:12','unread',4),(384,5,'David Jones has missed an overtime shift on 2025/07/07','2025-07-07 18:04:12','unread',4),(385,6,'John Doe has missed an overtime shift on 2025/07/07','2025-07-07 21:24:24','unread',4),(386,6,'John Doe has missed an overtime shift on 2025/07/07','2025-07-07 21:24:24','unread',4),(387,8,'main man has missed an overtime shift on 2025/07/07','2025-07-07 21:24:24','unread',4),(388,8,'main man has missed an overtime shift on 2025/07/07','2025-07-07 21:24:24','unread',4),(389,9,'main man has missed an overtime shift on 2025/07/07','2025-07-07 21:24:24','unread',4),(390,9,'main man has missed an overtime shift on 2025/07/07','2025-07-07 21:24:24','unread',4),(391,16,'main man has missed an overtime shift on 2025/07/07','2025-07-07 21:24:24','unread',4),(392,16,'main man has missed an overtime shift on 2025/07/07','2025-07-07 21:24:24','unread',4),(393,9,'Your clock in for today has been approved.','2025-07-07 21:34:12','unread',4),(394,6,'John Doe has missed an overtime shift on 2025/07/07','2025-07-07 21:49:48','unread',4),(395,8,'main man has missed an overtime shift on 2025/07/07','2025-07-07 21:49:48','unread',4),(396,16,'main man has missed an overtime shift on 2025/07/07','2025-07-07 21:49:48','unread',4),(397,2,'Sarah Johnson has missed an overtime shift on 2025/07/08','2025-07-08 15:42:00','unread',4),(398,3,'Michael Williams has missed an overtime shift on 2025/07/08','2025-07-08 15:44:08','unread',4),(399,5,'David Jones has missed an overtime shift on 2025/07/08','2025-07-08 15:44:08','unread',4),(400,7,'Batin Doe has missed an overtime shift on 2025/07/08','2025-07-08 15:44:08','unread',4),(401,14,'c c has missed an overtime shift on 2025/07/08','2025-07-08 15:44:08','unread',4),(402,6,'John Doe has missed an overtime shift on 2025/07/08','2025-07-08 15:49:03','unread',4),(403,8,'main man has missed an overtime shift on 2025/07/08','2025-07-08 15:49:03','unread',4),(404,9,'main man has missed an overtime shift on 2025/07/08','2025-07-08 15:49:03','unread',4),(405,13,'Yatin Fakir has missed an overtime shift on 2025/07/08','2025-07-08 15:49:03','unread',4),(406,16,'main man has missed an overtime shift on 2025/07/08','2025-07-08 15:49:03','unread',4),(407,2,'Sarah Johnson has missed an overtime shift on 2025/07/08','2025-07-08 15:50:00','unread',4),(408,2,'Sarah Johnson has missed an overtime shift on 2025/07/08','2025-07-08 15:52:46','unread',4),(409,3,'Michael Williams has missed an overtime shift on 2025/07/08','2025-07-08 15:54:07','unread',4),(410,7,'Batin Doe has missed an overtime shift on 2025/07/08','2025-07-08 15:54:07','unread',4),(411,14,'c c has missed an overtime shift on 2025/07/08','2025-07-08 15:54:07','unread',4),(412,3,'Michael Williams has missed an overtime shift on 2025/07/08','2025-07-08 15:55:11','unread',4),(413,7,'Batin Doe has missed an overtime shift on 2025/07/08','2025-07-08 15:55:11','unread',4),(414,14,'c c has missed an overtime shift on 2025/07/08','2025-07-08 15:55:11','unread',4),(415,6,'John Doe has missed an overtime shift on 2025/07/08','2025-07-08 15:56:23','unread',4),(416,8,'main man has missed an overtime shift on 2025/07/08','2025-07-08 15:56:23','unread',4),(417,9,'main man has missed an overtime shift on 2025/07/08','2025-07-08 15:56:23','unread',4),(418,16,'main man has missed an overtime shift on 2025/07/08','2025-07-08 15:56:23','unread',4),(419,5,'David Jones has missed an overtime shift on 2025/07/08','2025-07-08 15:58:22','unread',4),(420,3,'Michael Williams has missed an overtime shift on 2025/07/08','2025-07-08 16:08:13','unread',4),(421,7,'Batin Doe has missed an overtime shift on 2025/07/08','2025-07-08 16:08:13','unread',4),(422,14,'c c has missed an overtime shift on 2025/07/08','2025-07-08 16:08:13','unread',4),(423,3,'Michael Williams has missed an overtime shift on 2025/07/08','2025-07-08 16:09:51','unread',4),(424,7,'Batin Doe has missed an overtime shift on 2025/07/08','2025-07-08 16:09:51','unread',4),(425,14,'c c has missed an overtime shift on 2025/07/08','2025-07-08 16:09:51','unread',4),(426,6,'John Doe has missed an overtime shift on 2025/07/08','2025-07-08 16:11:46','unread',4),(427,8,'main man has missed an overtime shift on 2025/07/08','2025-07-08 16:11:46','unread',4),(428,9,'main man has missed an overtime shift on 2025/07/08','2025-07-08 16:11:46','unread',4),(429,16,'main man has missed an overtime shift on 2025/07/08','2025-07-08 16:11:46','unread',4),(430,3,'Michael Williams has missed an overtime shift on 2025/07/08','2025-07-08 16:54:10','unread',4),(431,5,'David Jones has missed an overtime shift on 2025/07/08','2025-07-08 16:54:10','unread',4),(432,6,'John Doe has missed an overtime shift on 2025/07/08','2025-07-08 16:54:10','unread',4),(433,6,'John Doe has missed an overtime shift on 2025/07/08','2025-07-08 16:54:10','unread',4),(434,6,'John Doe has missed an overtime shift on 2025/07/08','2025-07-08 16:54:10','unread',4),(435,7,'Batin Doe has missed an overtime shift on 2025/07/08','2025-07-08 16:54:10','unread',4),(436,8,'main man has missed an overtime shift on 2025/07/08','2025-07-08 16:54:10','unread',4),(437,8,'main man has missed an overtime shift on 2025/07/08','2025-07-08 16:54:10','unread',4),(438,8,'main man has missed an overtime shift on 2025/07/08','2025-07-08 16:54:10','unread',4),(439,9,'main man has missed an overtime shift on 2025/07/08','2025-07-08 16:54:10','unread',4),(440,9,'main man has missed an overtime shift on 2025/07/08','2025-07-08 16:54:10','unread',4),(441,9,'main man has missed an overtime shift on 2025/07/08','2025-07-08 16:54:10','unread',4),(442,14,'c c has missed an overtime shift on 2025/07/08','2025-07-08 16:54:10','unread',4),(443,16,'main man has missed an overtime shift on 2025/07/08','2025-07-08 16:54:10','unread',4),(444,16,'main man has missed an overtime shift on 2025/07/08','2025-07-08 16:54:10','unread',4),(445,16,'main man has missed an overtime shift on 2025/07/08','2025-07-08 16:54:10','unread',4),(446,4,'Emily Brown has missed an overtime shift on 2025/07/08','2025-07-08 17:02:51','unread',4),(447,4,'Emily Brown has missed an overtime shift on 2025/07/08','2025-07-08 17:02:51','unread',4),(448,16,'main man has missed a normal shift on 2025/07/09','2025-07-09 14:32:01','unread',4),(449,16,'main man has missed a normal shift on 2025/07/09','2025-07-09 14:43:01','unread',4),(450,6,'John Doe has missed an overtime shift on 2025/07/08','2025-07-09 18:59:34','unread',4),(451,8,'main man has missed an overtime shift on 2025/07/08','2025-07-09 18:59:34','unread',4),(452,9,'main man has missed an overtime shift on 2025/07/08','2025-07-09 18:59:34','unread',4),(453,7,'Your hourly rates have been updated to R126 (base) and R23 (overtime)','2025-07-09 20:39:18','unread',2),(454,3,'Your hourly rates have been updated to R125.99 (base) and R23 (overtime)','2025-07-09 20:39:33','unread',2),(455,14,'Your hourly rates have been updated to R125.99 (base) and R23 (overtime)','2025-07-09 20:39:33','unread',2),(456,3,'Your hourly rates have been updated to R126.99 (base) and R23 (overtime)','2025-07-09 20:39:42','unread',2),(457,7,'Your hourly rates have been updated to R126.99 (base) and R23 (overtime)','2025-07-09 20:39:42','unread',2),(458,14,'Your hourly rates have been updated to R126.99 (base) and R23 (overtime)','2025-07-09 20:39:42','unread',2),(459,3,'Michael Williams has missed an overtime shift on 2025/07/09','2025-07-09 20:44:27','unread',4),(460,7,'Batin Doe has missed an overtime shift on 2025/07/09','2025-07-09 20:44:27','unread',4),(461,14,'c c has missed an overtime shift on 2025/07/09','2025-07-09 20:44:27','unread',4),(462,14,'c c has missed a normal shift on 2025/07/09','2025-07-09 20:48:11','unread',4),(463,9,'Your Family Leave request from Tue Jul 01 2025 00:00:00 GMT+0200 (South Africa Standard Time) to Thu Jul 31 2025 00:00:00 GMT+0200 (South Africa Standard Time) has been rejected','2025-07-11 23:21:19','unread',1);
/*!40000 ALTER TABLE `t_notification` ENABLE KEYS */;
UNLOCK TABLES;

--
-- Table structure for table `t_notification_type`
--

DROP TABLE IF EXISTS `t_notification_type`;
/*!40101 SET @saved_cs_client     = @@character_set_client */;
/*!50503 SET character_set_client = utf8mb4 */;
CREATE TABLE `t_notification_type` (
  `notification_type_id` int NOT NULL AUTO_INCREMENT,
  `_name` enum('leave_request','shift_swap','schedule','attendance','payroll','manager') DEFAULT NULL,
  PRIMARY KEY (`notification_type_id`)
) ENGINE=InnoDB AUTO_INCREMENT=7 DEFAULT CHARSET=utf8mb4 COLLATE=utf8mb4_0900_ai_ci;
/*!40101 SET character_set_client = @saved_cs_client */;

--
-- Dumping data for table `t_notification_type`
--

LOCK TABLES `t_notification_type` WRITE;
/*!40000 ALTER TABLE `t_notification_type` DISABLE KEYS */;
INSERT INTO `t_notification_type` VALUES (1,'leave_request'),(2,'payroll'),(3,'schedule'),(4,'attendance'),(5,'shift_swap'),(6,'manager');
/*!40000 ALTER TABLE `t_notification_type` ENABLE KEYS */;
UNLOCK TABLES;

--
-- Table structure for table `t_overtime`
--

DROP TABLE IF EXISTS `t_overtime`;
/*!40101 SET @saved_cs_client     = @@character_set_client */;
/*!50503 SET character_set_client = utf8mb4 */;
CREATE TABLE `t_overtime` (
  `overtime_id` int NOT NULL AUTO_INCREMENT,
  `_date` datetime NOT NULL,
  `start_time` time NOT NULL,
  `end_time` time NOT NULL,
  `duration` time GENERATED ALWAYS AS (timediff(`end_time`,`start_time`)) STORED,
  `_status` enum('on-going','completed') NOT NULL DEFAULT 'on-going',
  `employee_id` int DEFAULT NULL,
  `qr_code_id` int NOT NULL,
  PRIMARY KEY (`overtime_id`),
  KEY `employee_id` (`employee_id`),
  KEY `qr_code_id` (`qr_code_id`),
  CONSTRAINT `t_overtime_ibfk_1` FOREIGN KEY (`employee_id`) REFERENCES `t_employee` (`employee_id`),
  CONSTRAINT `t_overtime_ibfk_3` FOREIGN KEY (`qr_code_id`) REFERENCES `t_qr_code` (`qr_id`)
) ENGINE=InnoDB AUTO_INCREMENT=154 DEFAULT CHARSET=utf8mb4 COLLATE=utf8mb4_0900_ai_ci;
/*!40101 SET character_set_client = @saved_cs_client */;

--
-- Dumping data for table `t_overtime`
--

LOCK TABLES `t_overtime` WRITE;
/*!40000 ALTER TABLE `t_overtime` DISABLE KEYS */;
INSERT INTO `t_overtime` (`overtime_id`, `_date`, `start_time`, `end_time`, `_status`, `employee_id`, `qr_code_id`) VALUES (1,'2023-11-15 18:00:00','01:00:00','03:00:00','completed',2,1),(2,'2023-11-16 17:00:00','01:00:00','03:00:00','completed',3,2),(3,'2023-11-17 16:30:00','01:30:00','03:30:00','completed',4,3),(4,'2023-11-18 19:00:00','01:00:00','03:00:00','completed',6,4),(5,'2023-11-19 20:00:00','01:00:00','03:00:00','completed',7,1),(6,'2025-06-21 00:00:00','22:07:16','23:07:17','completed',NULL,10),(7,'2025-06-21 00:00:00','22:08:48','23:19:48','completed',NULL,11),(8,'2025-06-22 00:00:00','00:41:08','00:42:08','completed',NULL,12),(9,'2025-06-22 00:00:00','14:41:26','14:43:26','completed',NULL,13),(10,'2025-06-22 00:00:00','21:42:14','22:42:15','completed',NULL,14),(11,'2025-06-22 00:00:00','21:42:39','22:42:40','completed',NULL,15),(12,'2025-06-22 00:00:00','21:42:58','22:42:59','completed',NULL,16),(13,'2025-06-22 00:00:00','21:43:22','22:43:22','completed',NULL,17),(14,'2025-06-22 00:00:00','23:22:49','23:42:49','completed',NULL,18),(15,'2025-06-22 00:00:00','23:24:19','23:44:20','completed',NULL,19),(16,'2025-06-22 00:00:00','23:24:40','23:44:40','completed',NULL,20),(17,'2025-06-22 00:00:00','23:27:56','23:47:56','completed',NULL,21),(23,'2025-06-22 00:00:00','23:35:30','23:55:31','completed',NULL,27),(24,'2025-06-22 00:00:00','23:37:32','00:37:32','completed',NULL,28),(25,'2025-06-22 00:00:00','23:38:06','23:40:06','completed',NULL,29),(26,'2025-06-22 00:00:00','23:39:43','23:41:44','completed',NULL,30),(27,'2025-06-23 00:00:00','00:42:14','00:43:14','completed',NULL,31),(28,'2025-06-23 00:00:00','00:53:33','00:54:33','completed',NULL,33),(29,'2025-06-23 00:00:00','01:03:00','01:04:00','completed',NULL,35),(30,'2025-06-23 00:00:00','01:33:18','01:34:19','completed',NULL,37),(31,'2025-06-23 00:00:00','02:09:05','02:10:05','completed',NULL,39),(32,'2025-06-23 00:00:00','02:09:54','02:10:55','completed',NULL,40),(33,'2025-06-23 00:00:00','02:12:49','02:13:50','completed',NULL,43),(34,'2025-06-23 00:00:00','02:25:34','02:26:34','completed',NULL,45),(36,'2025-06-23 00:00:00','13:13:55','13:14:55','completed',NULL,48),(37,'2025-06-23 00:00:00','13:39:38','13:46:39','completed',NULL,50),(38,'2025-06-23 00:00:00','13:40:19','13:41:19','completed',NULL,52),(39,'2025-06-23 00:00:00','13:40:38','13:44:39','completed',NULL,53),(40,'2025-06-23 00:00:00','14:39:54','14:41:55','completed',NULL,56),(41,'2025-06-23 00:00:00','14:43:54','14:45:54','completed',NULL,58),(42,'2025-06-23 00:00:00','14:44:26','14:45:27','completed',NULL,60),(43,'2025-06-23 00:00:00','17:55:11','17:56:12','completed',NULL,62),(44,'2025-06-23 00:00:00','17:57:05','17:58:05','completed',NULL,64),(45,'2025-06-23 00:00:00','18:14:20','18:15:21','completed',NULL,66),(46,'2025-06-23 00:00:00','18:21:50','18:22:50','completed',NULL,68),(47,'2025-06-23 00:00:00','18:23:01','18:25:01','completed',NULL,70),(48,'2025-06-23 00:00:00','21:00:25','21:01:25','completed',NULL,72),(49,'2025-06-23 00:00:00','21:08:39','21:09:39','completed',NULL,74),(50,'2025-06-23 00:00:00','21:09:20','21:15:21','completed',NULL,91),(51,'2025-06-23 00:00:00','21:09:34','21:10:34','completed',NULL,93),(52,'2025-06-23 00:00:00','21:10:20','21:11:21','completed',NULL,96),(53,'2025-06-23 00:00:00','21:12:26','21:13:26','completed',NULL,102),(54,'2025-06-23 00:00:00','21:13:15','21:14:16','completed',NULL,105),(55,'2025-06-23 00:00:00','21:14:44','21:17:44','completed',NULL,108),(56,'2025-06-23 00:00:00','21:20:00','21:21:00','completed',NULL,111),(57,'2025-06-23 00:00:00','21:25:04','21:26:04','completed',NULL,113),(58,'2025-06-23 00:00:00','22:23:47','22:24:47','completed',NULL,115),(59,'2025-06-23 00:00:00','22:47:29','22:48:29','completed',NULL,117),(60,'2025-06-23 00:00:00','22:50:03','22:51:03','completed',NULL,119),(61,'2025-06-23 00:00:00','22:55:31','22:56:31','completed',NULL,121),(62,'2025-06-23 00:00:00','23:01:20','23:02:21','completed',NULL,123),(63,'2025-06-23 00:00:00','23:03:37','23:04:37','completed',NULL,125),(64,'2025-06-23 00:00:00','23:08:43','23:09:44','completed',NULL,127),(65,'2025-06-23 00:00:00','23:10:01','23:11:01','completed',NULL,129),(66,'2025-06-23 00:00:00','23:11:17','23:12:18','completed',NULL,131),(67,'2025-06-23 00:00:00','23:11:45','23:12:45','completed',NULL,132),(68,'2025-06-23 00:00:00','23:13:11','23:15:11','completed',NULL,135),(69,'2025-06-24 00:00:00','13:36:04','13:37:04','completed',NULL,137),(70,'2025-06-24 00:00:00','13:36:29','13:37:30','completed',NULL,139),(71,'2025-06-24 00:00:00','13:38:59','13:40:00','completed',NULL,141),(72,'2025-06-24 00:00:00','20:51:23','21:51:24','completed',NULL,143),(73,'2025-06-25 00:00:00','14:06:23','14:10:23','completed',NULL,144),(74,'2025-06-25 00:00:00','14:08:39','14:10:40','completed',NULL,146),(75,'2025-06-25 00:00:00','14:16:01','14:21:01','completed',NULL,148),(76,'2025-06-25 00:00:00','14:16:44','14:18:45','completed',NULL,150),(77,'2025-06-25 00:00:00','14:17:24','14:19:24','completed',NULL,151),(78,'2025-06-25 00:00:00','14:19:49','14:21:49','completed',NULL,154),(79,'2025-06-25 00:00:00','14:37:11','14:38:11','completed',NULL,156),(80,'2025-06-25 00:00:00','14:37:26','14:39:27','completed',NULL,157),(81,'2025-06-25 00:00:00','14:38:05','14:43:05','completed',NULL,158),(82,'2025-06-25 00:00:00','14:51:41','14:53:42','completed',NULL,162),(83,'2025-06-25 00:00:00','15:07:48','16:07:49','completed',NULL,164),(84,'2025-06-25 00:00:00','15:20:06','15:22:06','completed',NULL,165),(85,'2025-06-25 00:00:00','15:28:44','15:39:45','completed',NULL,167),(86,'2025-06-25 00:00:00','15:29:16','15:34:17','completed',NULL,168),(87,'2025-06-25 00:00:00','15:30:06','15:36:06','completed',NULL,169),(88,'2025-06-25 00:00:00','15:32:53','15:36:53','completed',NULL,170),(89,'2025-06-25 00:00:00','15:34:53','15:39:53','completed',NULL,172),(90,'2025-06-25 00:00:00','15:36:22','15:38:23','completed',NULL,174),(91,'2025-06-25 00:00:00','16:31:01','16:33:01','completed',NULL,180),(92,'2025-06-25 00:00:00','16:38:41','16:40:42','completed',NULL,182),(93,'2025-06-25 00:00:00','16:43:47','16:45:47','completed',NULL,184),(94,'2025-06-27 00:00:00','18:21:34','18:23:34','completed',NULL,366),(95,'2025-06-27 00:00:00','18:27:06','18:29:06','completed',NULL,368),(96,'2025-07-02 00:00:00','19:20:45','19:21:45','completed',NULL,374),(97,'2025-07-02 00:00:00','20:01:45','20:02:45','completed',NULL,376),(98,'2025-07-02 00:00:00','20:04:42','20:06:42','completed',NULL,378),(99,'2025-07-02 00:00:00','20:12:54','20:14:54','completed',NULL,380),(100,'2025-07-02 00:00:00','20:23:13','20:25:13','completed',NULL,382),(101,'2025-07-03 00:00:00','20:40:47','21:40:47','completed',NULL,387),(102,'2025-07-04 00:00:00','14:28:56','14:31:56','completed',NULL,389),(103,'2025-07-04 00:00:00','14:59:13','15:01:13','completed',NULL,391),(104,'2025-07-04 00:00:00','15:05:39','15:07:39','completed',NULL,393),(105,'2025-07-04 00:00:00','15:06:22','16:06:22','completed',NULL,395),(106,'2025-07-04 00:00:00','15:19:46','15:21:47','completed',NULL,397),(107,'2025-07-04 00:00:00','15:30:22','15:32:22','completed',NULL,401),(108,'2025-07-04 00:00:00','15:54:40','15:56:41','completed',NULL,415),(109,'2025-07-04 00:00:00','15:58:50','16:08:50','completed',NULL,419),(110,'2025-07-04 00:00:00','16:00:32','16:02:33','completed',NULL,420),(111,'2025-07-04 00:00:00','16:07:55','17:07:55','completed',NULL,422),(112,'2025-07-04 00:00:00','16:08:53','16:38:54','completed',NULL,425),(113,'2025-07-04 00:00:00','16:09:13','17:09:14','completed',NULL,426),(114,'2025-07-04 00:00:00','16:10:22','16:50:22','completed',NULL,427),(115,'2025-07-04 00:00:00','16:11:39','17:11:39','completed',NULL,428),(116,'2025-07-04 00:00:00','16:12:09','16:15:10','completed',NULL,430),(117,'2025-07-04 00:00:00','16:13:25','16:16:26','completed',NULL,432),(118,'2025-07-04 00:00:00','16:14:08','17:15:08','completed',NULL,433),(119,'2025-07-04 00:00:00','16:17:28','17:17:28','completed',NULL,435),(120,'2025-07-04 00:00:00','16:17:43','17:17:43','completed',NULL,437),(121,'2025-07-04 00:00:00','16:25:14','16:50:14','completed',NULL,439),(122,'2025-07-04 00:00:00','16:28:10','17:28:10','completed',NULL,440),(123,'2025-07-04 00:00:00','16:29:40','17:29:41','completed',NULL,442),(124,'2025-07-04 00:00:00','16:42:30','16:54:31','completed',NULL,445),(125,'2025-07-04 00:00:00','16:44:01','17:15:01','completed',NULL,447),(126,'2025-07-07 00:00:00','18:01:41','19:01:42','completed',NULL,456),(127,'2025-07-07 00:00:00','21:03:02','22:03:02','completed',NULL,458),(128,'2025-07-07 00:00:00','21:14:31','22:14:31','completed',NULL,460),(129,'2025-07-07 00:00:00','21:29:30','22:29:30','completed',NULL,462),(130,'2025-07-08 00:00:00','15:36:55','18:17:55','completed',NULL,465),(131,'2025-07-08 00:00:00','15:42:42','15:48:42','completed',NULL,467),(132,'2025-07-08 00:00:00','15:43:14','16:43:15','completed',NULL,469),(133,'2025-07-08 00:00:00','15:47:59','16:47:59','completed',NULL,471),(134,'2025-07-08 00:00:00','15:48:56','16:48:56','completed',NULL,473),(135,'2025-07-08 00:00:00','15:49:49','16:49:50','completed',NULL,475),(136,'2025-07-08 00:00:00','15:51:42','16:51:43','completed',NULL,477),(137,'2025-07-08 00:00:00','15:53:03','16:53:04','completed',NULL,479),(138,'2025-07-08 00:00:00','15:54:08','16:54:08','completed',NULL,481),(139,'2025-07-08 00:00:00','15:55:18','16:55:19','completed',NULL,483),(140,'2025-07-08 00:00:00','15:57:17','16:57:18','completed',NULL,485),(141,'2025-07-08 00:00:00','16:07:08','17:07:08','completed',NULL,487),(142,'2025-07-08 00:00:00','16:08:48','17:08:48','completed',NULL,489),(143,'2025-07-08 00:00:00','16:10:23','17:10:23','completed',NULL,491),(144,'2025-07-08 00:00:00','16:20:48','17:01:49','completed',NULL,493),(145,'2025-07-08 00:00:00','16:22:08','16:53:08','completed',NULL,494),(146,'2025-07-08 00:00:00','16:33:15','17:04:15','completed',NULL,495),(147,'2025-07-08 00:00:00','16:45:26','17:16:26','completed',NULL,496),(148,'2025-07-08 00:00:00','16:50:16','17:50:16','completed',NULL,497),(149,'2025-07-08 00:00:00','16:55:22','17:55:22','completed',NULL,499),(150,'2025-07-08 00:00:00','17:02:33','19:02:34','completed',NULL,501),(151,'2025-07-08 00:00:00','17:04:16','18:04:17','completed',NULL,502),(152,'2025-07-08 00:00:00','17:04:58','18:36:58','completed',NULL,504),(153,'2025-07-09 00:00:00','20:43:04','21:43:04','completed',NULL,510);
/*!40000 ALTER TABLE `t_overtime` ENABLE KEYS */;
UNLOCK TABLES;

--
-- Table structure for table `t_overtime_roles`
--

DROP TABLE IF EXISTS `t_overtime_roles`;
/*!40101 SET @saved_cs_client     = @@character_set_client */;
/*!50503 SET character_set_client = utf8mb4 */;
CREATE TABLE `t_overtime_roles` (
  `overtime_id` int NOT NULL,
  `role_id` int NOT NULL,
  `created_at` datetime DEFAULT CURRENT_TIMESTAMP,
  PRIMARY KEY (`overtime_id`,`role_id`),
  KEY `role_id` (`role_id`),
  CONSTRAINT `t_overtime_roles_ibfk_1` FOREIGN KEY (`overtime_id`) REFERENCES `t_overtime` (`overtime_id`) ON DELETE CASCADE,
  CONSTRAINT `t_overtime_roles_ibfk_2` FOREIGN KEY (`role_id`) REFERENCES `t_role` (`role_id`) ON DELETE CASCADE
) ENGINE=InnoDB DEFAULT CHARSET=utf8mb4 COLLATE=utf8mb4_0900_ai_ci;
/*!40101 SET character_set_client = @saved_cs_client */;

--
-- Dumping data for table `t_overtime_roles`
--

LOCK TABLES `t_overtime_roles` WRITE;
/*!40000 ALTER TABLE `t_overtime_roles` DISABLE KEYS */;
INSERT INTO `t_overtime_roles` VALUES (6,5,'2025-06-21 22:07:16'),(7,1,'2025-06-21 22:08:48'),(7,3,'2025-06-21 22:08:48'),(7,4,'2025-06-21 22:08:48'),(8,1,'2025-06-22 00:41:08'),(8,2,'2025-06-22 00:41:08'),(8,3,'2025-06-22 00:41:08'),(9,7,'2025-06-22 14:41:26'),(10,3,'2025-06-22 21:42:14'),(10,4,'2025-06-22 21:42:14'),(11,1,'2025-06-22 21:42:39'),(11,2,'2025-06-22 21:42:39'),(12,3,'2025-06-22 21:42:58'),(13,4,'2025-06-22 21:43:22'),(14,6,'2025-06-22 23:22:49'),(15,5,'2025-06-22 23:24:19'),(15,6,'2025-06-22 23:24:19'),(16,4,'2025-06-22 23:24:40'),(17,4,'2025-06-22 23:27:56'),(23,2,'2025-06-22 23:35:30'),(24,6,'2025-06-22 23:37:32'),(25,6,'2025-06-22 23:38:06'),(26,4,'2025-06-22 23:39:43'),(27,1,'2025-06-23 00:42:14'),(28,6,'2025-06-23 00:53:33'),(29,5,'2025-06-23 01:03:00'),(30,5,'2025-06-23 01:33:18'),(30,6,'2025-06-23 01:33:18'),(31,6,'2025-06-23 02:09:05'),(32,6,'2025-06-23 02:09:54'),(33,6,'2025-06-23 02:12:49'),(34,6,'2025-06-23 02:25:34'),(36,1,'2025-06-23 13:13:55'),(37,1,'2025-06-23 13:39:38'),(38,1,'2025-06-23 13:40:19'),(39,1,'2025-06-23 13:40:38'),(40,1,'2025-06-23 14:39:54'),(40,2,'2025-06-23 14:39:54'),(41,1,'2025-06-23 14:43:54'),(42,7,'2025-06-23 14:44:26'),(43,5,'2025-06-23 17:55:11'),(44,5,'2025-06-23 17:57:05'),(44,6,'2025-06-23 17:57:05'),(45,5,'2025-06-23 18:14:20'),(45,6,'2025-06-23 18:14:20'),(46,7,'2025-06-23 18:21:50'),(47,2,'2025-06-23 18:23:01'),(48,2,'2025-06-23 21:00:25'),(49,2,'2025-06-23 21:08:39'),(50,7,'2025-06-23 21:09:20'),(51,5,'2025-06-23 21:09:34'),(52,4,'2025-06-23 21:10:20'),(53,7,'2025-06-23 21:12:26'),(54,6,'2025-06-23 21:13:15'),(55,6,'2025-06-23 21:14:44'),(56,6,'2025-06-23 21:20:00'),(57,2,'2025-06-23 21:25:04'),(58,7,'2025-06-23 22:23:47'),(59,6,'2025-06-23 22:47:29'),(60,6,'2025-06-23 22:50:03'),(61,6,'2025-06-23 22:55:31'),(62,6,'2025-06-23 23:01:20'),(63,7,'2025-06-23 23:03:37'),(64,7,'2025-06-23 23:08:43'),(65,7,'2025-06-23 23:10:01'),(66,7,'2025-06-23 23:11:17'),(67,5,'2025-06-23 23:11:45'),(67,6,'2025-06-23 23:11:45'),(68,5,'2025-06-23 23:13:11'),(68,6,'2025-06-23 23:13:11'),(69,5,'2025-06-24 13:36:04'),(69,6,'2025-06-24 13:36:04'),(70,5,'2025-06-24 13:36:29'),(70,6,'2025-06-24 13:36:29'),(71,5,'2025-06-24 13:38:59'),(71,6,'2025-06-24 13:38:59'),(72,6,'2025-06-24 20:51:23'),(73,7,'2025-06-25 14:06:23'),(74,1,'2025-06-25 14:08:39'),(75,7,'2025-06-25 14:16:01'),(76,7,'2025-06-25 14:16:44'),(77,6,'2025-06-25 14:17:24'),(78,6,'2025-06-25 14:19:49'),(79,7,'2025-06-25 14:37:11'),(80,6,'2025-06-25 14:37:26'),(81,7,'2025-06-25 14:38:05'),(82,6,'2025-06-25 14:51:41'),(83,6,'2025-06-25 15:07:48'),(84,6,'2025-06-25 15:20:06'),(85,5,'2025-06-25 15:28:44'),(86,7,'2025-06-25 15:29:16'),(87,7,'2025-06-25 15:30:06'),(88,6,'2025-06-25 15:32:53'),(89,5,'2025-06-25 15:34:53'),(90,3,'2025-06-25 15:36:22'),(90,4,'2025-06-25 15:36:22'),(91,1,'2025-06-25 16:31:01'),(92,5,'2025-06-25 16:38:41'),(92,6,'2025-06-25 16:38:41'),(93,5,'2025-06-25 16:43:47'),(93,6,'2025-06-25 16:43:47'),(94,1,'2025-06-27 18:21:34'),(94,2,'2025-06-27 18:21:34'),(94,3,'2025-06-27 18:21:34'),(95,4,'2025-06-27 18:27:06'),(95,5,'2025-06-27 18:27:06'),(96,6,'2025-07-02 19:20:45'),(97,1,'2025-07-02 20:01:45'),(97,2,'2025-07-02 20:01:45'),(98,1,'2025-07-02 20:04:42'),(98,2,'2025-07-02 20:04:42'),(98,3,'2025-07-02 20:04:42'),(98,4,'2025-07-02 20:04:42'),(98,5,'2025-07-02 20:04:42'),(98,6,'2025-07-02 20:04:42'),(99,1,'2025-07-02 20:12:54'),(100,2,'2025-07-02 20:23:13'),(100,3,'2025-07-02 20:23:13'),(100,4,'2025-07-02 20:23:13'),(101,1,'2025-07-03 20:40:47'),(102,1,'2025-07-04 14:28:56'),(103,1,'2025-07-04 14:59:13'),(104,1,'2025-07-04 15:05:39'),(105,5,'2025-07-04 15:06:22'),(106,3,'2025-07-04 15:19:46'),(107,6,'2025-07-04 15:30:22'),(108,6,'2025-07-04 15:54:40'),(109,6,'2025-07-04 15:58:50'),(110,4,'2025-07-04 16:00:32'),(111,5,'2025-07-04 16:07:55'),(112,3,'2025-07-04 16:08:53'),(112,4,'2025-07-04 16:08:53'),(113,3,'2025-07-04 16:09:13'),(114,5,'2025-07-04 16:10:22'),(115,5,'2025-07-04 16:11:39'),(116,5,'2025-07-04 16:12:09'),(117,5,'2025-07-04 16:13:25'),(118,5,'2025-07-04 16:14:08'),(119,4,'2025-07-04 16:17:28'),(120,5,'2025-07-04 16:17:43'),(121,5,'2025-07-04 16:25:14'),(122,5,'2025-07-04 16:28:10'),(123,3,'2025-07-04 16:29:40'),(123,4,'2025-07-04 16:29:40'),(124,4,'2025-07-04 16:42:30'),(125,5,'2025-07-04 16:44:01'),(126,5,'2025-07-07 18:01:41'),(126,6,'2025-07-07 18:01:41'),(127,1,'2025-07-07 21:03:02'),(128,1,'2025-07-07 21:14:31'),(129,1,'2025-07-07 21:29:30'),(130,6,'2025-07-08 15:36:55'),(131,5,'2025-07-08 15:42:42'),(132,3,'2025-07-08 15:43:14'),(133,2,'2025-07-08 15:47:59'),(134,1,'2025-07-08 15:48:56'),(135,6,'2025-07-08 15:49:49'),(136,6,'2025-07-08 15:51:42'),(137,3,'2025-07-08 15:53:03'),(138,3,'2025-07-08 15:54:08'),(139,1,'2025-07-08 15:55:18'),(140,5,'2025-07-08 15:57:17'),(141,3,'2025-07-08 16:07:08'),(142,3,'2025-07-08 16:08:48'),(143,1,'2025-07-08 16:10:23'),(144,1,'2025-07-08 16:20:48'),(145,5,'2025-07-08 16:22:08'),(146,3,'2025-07-08 16:33:15'),(147,1,'2025-07-08 16:45:26'),(148,1,'2025-07-08 16:50:16'),(149,4,'2025-07-08 16:55:22'),(150,4,'2025-07-08 17:02:33'),(151,1,'2025-07-08 17:04:16'),(152,1,'2025-07-08 17:04:58'),(153,3,'2025-07-09 20:43:04');
/*!40000 ALTER TABLE `t_overtime_roles` ENABLE KEYS */;
UNLOCK TABLES;

--
-- Table structure for table `t_payroll`
--

DROP TABLE IF EXISTS `t_payroll`;
/*!40101 SET @saved_cs_client     = @@character_set_client */;
/*!50503 SET character_set_client = utf8mb4 */;
CREATE TABLE `t_payroll` (
  `payroll_id` int NOT NULL AUTO_INCREMENT,
  `employee_id` int NOT NULL,
  `base_hours` decimal(10,2) NOT NULL DEFAULT '0.00',
  `overtime_hours` decimal(10,2) NOT NULL DEFAULT '0.00',
  `total_amount` decimal(10,2) NOT NULL DEFAULT '0.00',
  `_status` enum('unpaid','paid') NOT NULL DEFAULT 'unpaid',
  `payment_date` date NOT NULL COMMENT 'Payments processed every Tuesday',
  PRIMARY KEY (`payroll_id`),
  KEY `t_payroll_ibfk_1` (`employee_id`),
  CONSTRAINT `t_payroll_ibfk_1` FOREIGN KEY (`employee_id`) REFERENCES `t_employee` (`employee_id`)
) ENGINE=InnoDB AUTO_INCREMENT=1600 DEFAULT CHARSET=utf8mb4 COLLATE=utf8mb4_0900_ai_ci;
/*!40101 SET character_set_client = @saved_cs_client */;

--
-- Dumping data for table `t_payroll`
--

LOCK TABLES `t_payroll` WRITE;
/*!40000 ALTER TABLE `t_payroll` DISABLE KEYS */;
INSERT INTO `t_payroll` VALUES (857,4,0.00,2.00,67.50,'paid','2025-06-24'),(858,2,0.00,3.00,113.64,'paid','2025-06-24'),(859,13,0.00,0.00,0.00,'paid','2025-06-24'),(860,15,0.00,0.00,0.00,'paid','2025-06-24'),(1561,7,40.00,0.00,5000.00,'paid','2025-07-01'),(1562,14,0.00,0.00,0.00,'paid','2025-07-01'),(1563,5,40.00,0.00,860.00,'paid','2025-07-01'),(1564,4,40.00,0.00,900.00,'paid','2025-07-01'),(1565,6,40.00,0.00,4840.00,'paid','2025-07-01'),(1566,1,0.00,0.00,0.00,'paid','2025-07-01'),(1567,8,40.00,0.00,4840.00,'paid','2025-07-01'),(1568,9,0.00,0.00,0.00,'paid','2025-07-01'),(1569,16,0.00,0.00,0.00,'paid','2025-07-01'),(1570,3,40.00,0.00,4879.60,'paid','2025-07-01'),(1571,2,40.00,0.00,1010.00,'paid','2025-07-01'),(1572,13,0.00,0.00,0.00,'paid','2025-07-01'),(1573,15,0.00,0.00,0.00,'paid','2025-07-01'),(1574,7,0.00,0.00,0.00,'paid','2025-07-08'),(1575,14,0.00,0.00,0.00,'paid','2025-07-08'),(1576,5,0.00,0.00,0.00,'paid','2025-07-08'),(1577,4,0.00,0.00,0.00,'paid','2025-07-08'),(1578,6,0.00,0.00,0.00,'paid','2025-07-08'),(1579,1,0.00,0.00,0.00,'paid','2025-07-08'),(1580,8,0.00,0.00,0.00,'paid','2025-07-08'),(1581,9,0.00,2.00,122.10,'paid','2025-07-08'),(1582,16,0.00,0.00,0.00,'paid','2025-07-08'),(1583,3,0.00,0.00,0.00,'paid','2025-07-08'),(1584,2,0.00,0.00,0.00,'paid','2025-07-08'),(1585,13,0.00,0.00,0.00,'paid','2025-07-08'),(1586,15,0.00,0.00,0.00,'paid','2025-07-08'),(1587,7,0.00,0.00,0.00,'paid','2025-07-15'),(1588,14,0.00,0.00,0.00,'paid','2025-07-15'),(1589,5,0.00,0.00,0.00,'paid','2025-07-15'),(1590,4,0.00,0.00,0.00,'paid','2025-07-15'),(1591,6,0.00,0.00,0.00,'paid','2025-07-15'),(1592,1,0.00,0.00,0.00,'paid','2025-07-15'),(1593,8,0.00,0.00,0.00,'paid','2025-07-15'),(1594,9,0.00,0.00,0.00,'paid','2025-07-15'),(1595,16,0.00,0.00,0.00,'paid','2025-07-15'),(1596,3,0.00,0.00,0.00,'paid','2025-07-15'),(1597,2,0.00,0.00,0.00,'paid','2025-07-15'),(1598,13,0.00,0.00,0.00,'paid','2025-07-15'),(1599,15,0.00,0.00,0.00,'paid','2025-07-15');
/*!40000 ALTER TABLE `t_payroll` ENABLE KEYS */;
UNLOCK TABLES;

--
-- Table structure for table `t_payroll_period`
--

DROP TABLE IF EXISTS `t_payroll_period`;
/*!40101 SET @saved_cs_client     = @@character_set_client */;
/*!50503 SET character_set_client = utf8mb4 */;
CREATE TABLE `t_payroll_period` (
  `period_id` int NOT NULL AUTO_INCREMENT,
  `start_date` datetime NOT NULL,
  `end_date` datetime NOT NULL,
  `_status` enum('open','closed','processed') NOT NULL DEFAULT 'open',
  PRIMARY KEY (`period_id`)
) ENGINE=InnoDB AUTO_INCREMENT=9 DEFAULT CHARSET=utf8mb4 COLLATE=utf8mb4_0900_ai_ci;
/*!40101 SET character_set_client = @saved_cs_client */;

--
-- Dumping data for table `t_payroll_period`
--

LOCK TABLES `t_payroll_period` WRITE;
/*!40000 ALTER TABLE `t_payroll_period` DISABLE KEYS */;
INSERT INTO `t_payroll_period` VALUES (5,'2023-11-01 00:00:00','2023-11-30 23:59:59','closed'),(6,'2023-12-01 00:00:00','2023-12-31 23:59:59','closed'),(7,'2024-01-01 00:00:00','2024-01-31 23:59:59','closed'),(8,'2024-02-01 00:00:00','2024-02-29 23:59:59','closed');
/*!40000 ALTER TABLE `t_payroll_period` ENABLE KEYS */;
UNLOCK TABLES;

--
-- Table structure for table `t_payslip`
--

DROP TABLE IF EXISTS `t_payslip`;
/*!40101 SET @saved_cs_client     = @@character_set_client */;
/*!50503 SET character_set_client = utf8mb4 */;
CREATE TABLE `t_payslip` (
  `payslip_id` int NOT NULL AUTO_INCREMENT,
  `employee_id` int NOT NULL,
  `period_id` int NOT NULL,
  `status` enum('complete','pending','incomplete') DEFAULT NULL,
  PRIMARY KEY (`payslip_id`),
  KEY `employee_id` (`employee_id`),
  KEY `period_id` (`period_id`),
  CONSTRAINT `t_payslip_ibfk_1` FOREIGN KEY (`employee_id`) REFERENCES `t_employee` (`employee_id`),
  CONSTRAINT `t_payslip_ibfk_2` FOREIGN KEY (`period_id`) REFERENCES `t_payroll_period` (`period_id`)
) ENGINE=InnoDB AUTO_INCREMENT=6 DEFAULT CHARSET=utf8mb4 COLLATE=utf8mb4_0900_ai_ci;
/*!40101 SET character_set_client = @saved_cs_client */;

--
-- Dumping data for table `t_payslip`
--

LOCK TABLES `t_payslip` WRITE;
/*!40000 ALTER TABLE `t_payslip` DISABLE KEYS */;
INSERT INTO `t_payslip` VALUES (1,2,5,'pending'),(2,3,5,'complete'),(3,4,6,'pending'),(4,2,6,'complete'),(5,5,7,'incomplete');
/*!40000 ALTER TABLE `t_payslip` ENABLE KEYS */;
UNLOCK TABLES;

--
-- Table structure for table `t_qr_code`
--

DROP TABLE IF EXISTS `t_qr_code`;
/*!40101 SET @saved_cs_client     = @@character_set_client */;
/*!50503 SET character_set_client = utf8mb4 */;
CREATE TABLE `t_qr_code` (
  `qr_id` int NOT NULL AUTO_INCREMENT,
  `code_value` varchar(255) NOT NULL,
  `generation_time` datetime NOT NULL DEFAULT CURRENT_TIMESTAMP,
  `expiration_time` datetime NOT NULL,
  `purpose` enum('overtime','normal','clock-in','attendance','attendanceNormal') NOT NULL,
  `ip_address` varchar(50) DEFAULT NULL,
  `status_` enum('active','used','expired') NOT NULL DEFAULT 'active',
  `generated_by` int DEFAULT NULL COMMENT 'Manager ID who generated this QR code',
  PRIMARY KEY (`qr_id`),
  UNIQUE KEY `code_value` (`code_value`),
  KEY `generated_by` (`generated_by`),
  CONSTRAINT `T_QR_Code_ibfk_1` FOREIGN KEY (`generated_by`) REFERENCES `t_employee` (`employee_id`)
) ENGINE=InnoDB AUTO_INCREMENT=514 DEFAULT CHARSET=utf8mb4 COLLATE=utf8mb4_0900_ai_ci;
/*!40101 SET character_set_client = @saved_cs_client */;

--
-- Dumping data for table `t_qr_code`
--

LOCK TABLES `t_qr_code` WRITE;
/*!40000 ALTER TABLE `t_qr_code` DISABLE KEYS */;
INSERT INTO `t_qr_code` VALUES (1,'1_ATT_202311','2023-11-01 08:00:00','2023-11-30 23:59:59','attendance','192.168.1.100','expired',1),(2,'2_CLOCK_202311','2023-11-01 08:00:00','2023-11-30 23:59:59','clock-in','192.168.1.101','expired',1),(3,'3_OVER_202311','2023-11-01 08:00:00','2023-11-30 23:59:59','overtime','192.168.1.102','used',1),(4,'4_CLOCK_101','2023-10-01 09:00:00','2023-10-31 23:59:59','clock-in','192.168.1.50','expired',1),(5,'ffb750cc-785e-44ea-92bb-a3f9b88b3fa4','2025-06-21 21:12:11','2025-06-21 22:12:12','overtime',NULL,'expired',1),(6,'227016ad-3dcf-467a-89ea-cad53b11c9e4','2025-06-21 21:44:55','2025-06-21 22:44:55','overtime',NULL,'expired',1),(7,'675d769f-0fe5-42fb-a028-442b95593623','2025-06-21 21:47:14','2025-06-21 22:47:15','overtime',NULL,'expired',NULL),(8,'f96b9c82-f30f-4877-a00c-f22da5147265','2025-06-21 21:47:25','2025-06-21 22:47:25','overtime',NULL,'expired',NULL),(9,'66397365-d3da-4705-91eb-3dcf5740c574','2025-06-21 21:47:39','2025-06-21 22:47:39','overtime',NULL,'expired',NULL),(10,'0b6e8a49-594a-443b-b608-bd188b2c8404','2025-06-21 22:07:16','2025-06-21 23:07:17','overtime',NULL,'used',NULL),(11,'b03d3cc3-c896-45a2-8a32-40b9c0f7a256','2025-06-21 22:08:48','2025-06-21 23:19:48','overtime',NULL,'used',NULL),(12,'2aae13fb-e0a9-440d-9222-c82d774374ae','2025-06-22 00:41:08','2025-06-22 00:42:08','overtime',NULL,'used',NULL),(13,'3d1fc2bb-498c-4f27-b5e0-c10bf2e9aadd','2025-06-22 14:41:26','2025-06-22 14:43:26','overtime',NULL,'used',NULL),(14,'d72169b0-ecd6-4fe7-9480-f204ce21848d','2025-06-22 21:42:14','2025-06-22 22:42:15','overtime',NULL,'used',NULL),(15,'e7b2314d-ac26-4683-8730-b1d18b19d47c','2025-06-22 21:42:39','2025-06-22 22:42:40','overtime',NULL,'used',NULL),(16,'00e356fe-8de6-4adb-8760-fcff091d0f98','2025-06-22 21:42:58','2025-06-22 22:42:59','overtime',NULL,'used',NULL),(17,'3f35c8ab-d62e-486c-83e1-26be1832720f','2025-06-22 21:43:22','2025-06-22 22:43:22','overtime',NULL,'used',NULL),(18,'2b06d6d6-4ced-4518-811a-8ef322bfc252','2025-06-22 23:22:49','2025-06-22 23:42:49','overtime',NULL,'used',NULL),(19,'30eb387f-af3f-4521-9cd1-bee68d1bef52','2025-06-22 23:24:19','2025-06-22 23:44:20','overtime',NULL,'used',NULL),(20,'c4c29708-1ca3-475d-83ec-1b7013baa625','2025-06-22 23:24:40','2025-06-22 23:44:40','overtime',NULL,'used',NULL),(21,'e54835c4-d19d-4f48-b652-52aa78e0ed3c','2025-06-22 23:27:56','2025-06-22 23:47:56','overtime',NULL,'used',NULL),(27,'9f5f97db-46ca-4cb4-890d-65cc0c44087d','2025-06-22 23:35:30','2025-06-22 23:55:31','overtime',NULL,'used',NULL),(28,'84cbee19-f4d0-495b-94de-df86bf2d130f','2025-06-22 23:37:32','2025-06-22 23:57:32','overtime',NULL,'used',NULL),(29,'0c846c4f-d117-4d89-9a86-e05c7ecbf9ac','2025-06-22 23:38:06','2025-06-22 23:58:06','overtime',NULL,'used',NULL),(30,'a8377e3d-a7f5-4c6a-bf16-2495b63fe17b','2025-06-22 23:39:43','2025-06-22 23:40:44','overtime',NULL,'used',NULL),(31,'5b36d099-274f-4c48-9b7d-550cfc69f508','2025-06-23 00:42:14','2025-06-23 00:43:14','overtime',NULL,'used',NULL),(34,'ATTENDANCE-PROOF-ed38ffee-8508-42d8-9117-8bc51f77d220','2025-06-23 00:54:34','2025-06-23 01:09:34','attendance',NULL,'expired',NULL),(35,'c8a9babc-265c-4284-8c30-f125296368a0','2025-06-23 01:03:00','2025-06-23 01:04:00','overtime',NULL,'used',NULL),(36,'ATTENDANCE-PROOF-d1642902-50fc-48f0-a0fb-cf5e57e144b2','2025-06-23 01:04:01','2025-06-23 01:05:01','attendance',NULL,'expired',NULL),(37,'6efcd49e-2984-4a84-9bdb-b488f7e809a1','2025-06-23 01:33:18','2025-06-23 01:34:19','overtime',NULL,'used',NULL),(38,'ATTENDANCE-PROOF-b332623a-82d7-4629-af17-eac38412be3f','2025-06-23 01:35:52','2025-06-23 01:36:52','attendance',NULL,'expired',NULL),(39,'4be3b37e-fbf1-48aa-b460-b241fa4ba26f','2025-06-23 02:09:05','2025-06-23 02:10:05','overtime',NULL,'expired',NULL),(40,'589666ac-ec06-4855-8672-f504aa418f00','2025-06-23 02:09:54','2025-06-23 02:10:55','overtime',NULL,'expired',NULL),(41,'ATTENDANCE-PROOF-0ed477aa-ffae-46c8-9315-23dc1342bf09','2025-06-23 02:12:42','2025-06-23 02:13:42','attendance',NULL,'expired',NULL),(42,'ATTENDANCE-PROOF-9a228cb3-1231-4d56-a492-ee96a01f455e','2025-06-23 02:12:42','2025-06-23 02:13:42','attendance',NULL,'expired',NULL),(43,'265b76dd-321c-4622-bbde-62b398b2f16f','2025-06-23 02:12:49','2025-06-23 02:13:50','overtime',NULL,'expired',NULL),(44,'ATTENDANCE-PROOF-b9332939-acef-4fce-865c-c80c35103672','2025-06-23 02:13:51','2025-06-23 02:14:51','attendance',NULL,'expired',NULL),(45,'6e7b5b27-07cc-4008-903a-0f161e45ddc6','2025-06-23 02:25:34','2025-06-23 02:26:34','overtime',NULL,'expired',NULL),(46,'ATTENDANCE-PROOF-ca6f6b9f-9827-4939-9096-4182f79249c9','2025-06-23 02:29:22','2025-06-23 02:30:22','attendance',NULL,'expired',NULL),(48,'9beb46ad-6353-4a03-85ad-f814bf073808','2025-06-23 13:13:55','2025-06-23 13:14:55','overtime',NULL,'expired',NULL),(49,'ATTENDANCE-PROOF-cd56c475-9472-4105-a55e-11f6700e749f','2025-06-23 13:14:56','2025-06-23 13:15:56','attendance',NULL,'expired',NULL),(50,'11fd1615-d370-4ddf-886d-fbf189dbce9e','2025-06-23 13:39:38','2025-06-23 13:46:39','overtime',NULL,'expired',NULL),(51,'ATTENDANCE-PROOF-556adf57-c244-4a46-812a-75a0b91753e7','2025-06-23 13:40:05','2025-06-23 13:41:06','attendance',NULL,'expired',NULL),(52,'02792a70-99c2-42f2-9cc5-60e70764da94','2025-06-23 13:40:19','2025-06-23 13:41:19','overtime',NULL,'expired',NULL),(53,'60ca87bd-d463-45dc-aa4b-709f56d9d8aa','2025-06-23 13:40:38','2025-06-23 13:44:39','overtime',NULL,'expired',NULL),(54,'ATTENDANCE-PROOF-2a80c646-b63e-4e00-9aa5-f29100dca5ab','2025-06-23 13:40:45','2025-06-23 13:41:46','attendance',NULL,'expired',NULL),(55,'ATTENDANCE-PROOF-318bcdcf-f4f8-46d7-b88e-3457df4c901a','2025-06-23 13:41:20','2025-06-23 13:42:20','attendance',NULL,'expired',NULL),(56,'43be4e09-84ce-4ec4-a360-b8d1d81dc57a','2025-06-23 14:39:54','2025-06-23 14:40:55','overtime',NULL,'expired',NULL),(57,'ATTENDANCE-PROOF-8ba325ac-4d08-4c0d-97f9-a2b74e9dfc0b','2025-06-23 14:41:56','2025-06-23 14:42:56','attendance',NULL,'expired',NULL),(58,'4d9a5265-71b0-4095-9af9-1acb9d815127','2025-06-23 14:43:54','2025-06-23 14:44:54','overtime',NULL,'expired',NULL),(59,'ATTENDANCE-PROOF-85ab9c23-ce76-4771-96ae-08d83626858d','2025-06-23 14:43:56','2025-06-23 14:44:56','attendance',NULL,'expired',NULL),(60,'051f22b5-b587-48fd-8998-5e06d3818a51','2025-06-23 14:44:26','2025-06-23 14:45:27','overtime',NULL,'expired',NULL),(61,'ATTENDANCE-PROOF-b6a959ec-f1e6-45dc-a842-f863c8017a5a','2025-06-23 14:44:40','2025-06-23 14:45:40','attendance',NULL,'expired',NULL),(62,'dbdcedcf-9944-4376-b336-ef97e52d6609','2025-06-23 17:55:11','2025-06-23 17:56:12','overtime',NULL,'expired',NULL),(63,'ATTENDANCE-PROOF-16aaa37a-137e-442a-ab34-ba3f565a7af3','2025-06-23 17:56:13','2025-06-23 17:57:13','attendance',NULL,'expired',NULL),(64,'2eaf56e0-9bc6-4e94-966b-032848e65d28','2025-06-23 17:57:05','2025-06-23 17:58:05','overtime',NULL,'expired',NULL),(65,'ATTENDANCE-PROOF-d81e5444-369b-4230-bb02-4928db7bc940','2025-06-23 17:58:06','2025-06-23 17:59:06','attendance',NULL,'expired',NULL),(66,'c734dcda-b07b-40aa-9377-199f342b47ca','2025-06-23 18:14:20','2025-06-23 18:15:21','overtime',NULL,'expired',NULL),(67,'ATTENDANCE-PROOF-91300fb8-508c-4f05-a95d-6b31615b7a84','2025-06-23 18:15:22','2025-06-23 18:16:22','attendance',NULL,'expired',NULL),(68,'860fd38b-2b2a-4051-81b1-945ca71e0e87','2025-06-23 18:21:50','2025-06-23 18:22:50','overtime',NULL,'expired',NULL),(69,'ATTENDANCE-PROOF-de6ff87f-207b-443f-ac55-0aa337c07ae6','2025-06-23 18:22:03','2025-06-23 18:23:04','attendance',NULL,'expired',NULL),(70,'67f60eb2-ae3f-45c5-b038-62cc5978b309','2025-06-23 18:23:01','2025-06-23 18:24:01','overtime',NULL,'expired',NULL),(71,'ATTENDANCE-PROOF-9c0194dd-aef2-40cb-b058-cf91f05a0b1e','2025-06-23 18:23:47','2025-06-23 18:24:47','attendance',NULL,'expired',NULL),(72,'2cc92491-e030-48e6-aad0-98dafb2aac87','2025-06-23 21:00:25','2025-06-23 21:01:25','overtime',NULL,'expired',NULL),(73,'ATTENDANCE-PROOF-2902a424-2b64-43e2-bc13-60c1e3de6354','2025-06-23 21:00:27','2025-06-23 21:01:28','attendance',NULL,'expired',NULL),(74,'53c7efc7-afe6-4be6-8ab9-ef63381a74f7','2025-06-23 21:08:39','2025-06-23 21:09:39','overtime',NULL,'expired',NULL),(91,'eb08cfdd-7599-4b92-9df9-140771c71bed','2025-06-23 21:09:20','2025-06-23 21:10:21','overtime',NULL,'expired',NULL),(93,'68c63292-9cb2-4ca6-a9ca-9121647763ff','2025-06-23 21:09:34','2025-06-23 21:10:34','overtime',NULL,'expired',NULL),(94,'ATTENDANCE-PROOF-bd59712d-147e-45bf-8915-ef1638d912ae','2025-06-23 21:09:36','2025-06-23 21:10:36','attendance',NULL,'expired',NULL),(95,'ATTENDANCE-PROOF-c94a96db-650f-4273-863c-6a0302b5137e','2025-06-23 21:09:40','2025-06-23 21:10:40','attendance',NULL,'expired',NULL),(96,'84f27ed1-cc3c-4fc8-9cfb-33569b0fcc34','2025-06-23 21:10:20','2025-06-23 21:11:21','overtime',NULL,'expired',NULL),(101,'ATTENDANCE-PROOF-ae6e4e40-0753-4c32-a798-a1b3f17a6558','2025-06-23 21:11:22','2025-06-23 21:12:22','attendance',NULL,'expired',NULL),(102,'7c5f19b8-0c23-4323-9a9f-b373efb5ea7c','2025-06-23 21:12:26','2025-06-23 21:13:26','overtime',NULL,'expired',NULL),(105,'752a32c4-c006-4e4d-9cce-76be5a10ddb5','2025-06-23 21:13:15','2025-06-23 21:14:16','overtime',NULL,'expired',NULL),(106,'ATTENDANCE-PROOF-2ca14cec-2afb-4d48-b00b-4d67ad7969a6','2025-06-23 21:13:27','2025-06-23 21:14:27','attendance',NULL,'expired',NULL),(107,'ATTENDANCE-PROOF-0ff0a840-77f4-4ecd-846f-d2cd786d1dbf','2025-06-23 21:13:32','2025-06-23 21:14:32','attendance',NULL,'expired',NULL),(108,'bfab31dc-8a98-4c98-98d3-28c82bf54182','2025-06-23 21:14:44','2025-06-23 21:15:44','overtime',NULL,'expired',NULL),(109,'ATTENDANCE-PROOF-a693883a-ea4c-4fae-92d6-ed0db2327fb3','2025-06-23 21:14:51','2025-06-23 21:15:51','attendance',NULL,'expired',NULL),(110,'ATTENDANCE-PROOF-946bd688-0291-4322-a60a-193098512ba6','2025-06-23 21:15:22','2025-06-23 21:16:22','attendance',NULL,'expired',NULL),(111,'789fa865-06c3-4198-a0b6-eee3bc23c383','2025-06-23 21:20:00','2025-06-23 21:21:00','overtime',NULL,'expired',NULL),(112,'ATTENDANCE-PROOF-82066715-cb07-4c47-bd59-22953ac16459','2025-06-23 21:20:19','2025-06-24 21:20:19','attendance',NULL,'expired',NULL),(113,'ccc529a4-dfe5-436a-a379-60d6201a48e9','2025-06-23 21:25:04','2025-06-23 21:26:04','overtime',NULL,'expired',NULL),(114,'ATTENDANCE-PROOF-99591727-a155-4df4-b92f-1b36a9d8e393','2025-06-23 21:25:13','2025-06-23 21:26:14','attendance',NULL,'expired',NULL),(115,'fb590953-1ff6-4db1-ab2c-76b9c3e3c7e6','2025-06-23 22:23:47','2025-06-23 22:24:47','overtime',NULL,'expired',NULL),(116,'ATTENDANCE-PROOF-9a0cf957-8de1-4f86-86e2-eed6a30a68d0','2025-06-23 22:24:48','2025-06-23 22:25:48','attendance',NULL,'expired',NULL),(117,'a8d1230c-bb86-4d55-88d3-2136f9705961','2025-06-23 22:47:29','2025-06-23 22:48:29','overtime',NULL,'expired',NULL),(118,'ATTENDANCE-PROOF-6cbd8385-0a44-47b7-8303-6772ace1dce7','2025-06-23 22:48:30','2025-06-23 22:49:30','attendance',NULL,'expired',NULL),(119,'dc19571e-8746-4d21-99d1-87f32492c5a6','2025-06-23 22:50:03','2025-06-23 22:51:03','overtime',NULL,'expired',NULL),(120,'ATTENDANCE-PROOF-12c5b36c-5f28-4c56-8220-df5436ff20c0','2025-06-23 22:50:08','2025-06-23 22:51:08','attendance',NULL,'expired',NULL),(121,'159fcd0a-50de-4174-94ef-7a9e70ca078a','2025-06-23 22:55:31','2025-06-23 22:56:31','overtime',NULL,'expired',NULL),(122,'ATTENDANCE-PROOF-f7ae36e3-d684-4fa3-b83d-6021331865eb','2025-06-23 22:55:37','2025-06-23 22:56:37','attendance',NULL,'expired',NULL),(123,'a367d8b2-f729-4443-8c64-b216cebe65dd','2025-06-23 23:01:20','2025-06-23 23:02:21','overtime',NULL,'expired',NULL),(124,'ATTENDANCE-PROOF-f65f589b-b399-4f55-bdcd-faca22796366','2025-06-23 23:01:22','2025-06-23 23:02:23','attendance',NULL,'expired',NULL),(125,'bcf1c25a-4f0e-4ab5-8aa3-20b87fd6d73b','2025-06-23 23:03:37','2025-06-23 23:04:37','overtime',NULL,'expired',NULL),(126,'ATTENDANCE-PROOF-f655ff74-9446-424d-aed2-92a705fe7477','2025-06-23 23:03:38','2025-06-23 23:04:39','attendance',NULL,'expired',NULL),(127,'e276b93d-6de2-4610-8ddb-f2e630394051','2025-06-23 23:08:43','2025-06-23 23:09:44','overtime',NULL,'expired',NULL),(128,'ATTENDANCE-PROOF-81341557-e536-4951-bb75-091504553fc1','2025-06-23 23:08:45','2025-06-23 23:09:46','attendance',NULL,'expired',NULL),(129,'fb949a62-3d62-4807-b8ae-255563604a8f','2025-06-23 23:10:01','2025-06-23 23:11:01','overtime',NULL,'expired',NULL),(130,'ATTENDANCE-PROOF-767147d3-b123-4f8e-9266-a28e8a6ce3d8','2025-06-23 23:10:05','2025-06-23 23:11:06','attendance',NULL,'expired',NULL),(131,'da9fa064-a2be-4993-9370-9a03dfbcc86e','2025-06-23 23:11:17','2025-06-23 23:12:18','overtime',NULL,'expired',NULL),(132,'65c90667-30ee-464b-846d-5d67ede5324f','2025-06-23 23:11:45','2025-06-23 23:12:45','overtime',NULL,'expired',NULL),(133,'ATTENDANCE-PROOF-cd473952-a9aa-43d3-b32c-b3cf2e5175fd','2025-06-23 23:12:00','2025-06-23 23:13:01','attendance',NULL,'expired',NULL),(134,'ATTENDANCE-PROOF-a6fb7b5d-7279-43bc-878f-b0d3f90c9407','2025-06-23 23:12:19','2025-06-23 23:13:19','attendance',NULL,'expired',NULL),(135,'cb15706c-5b68-4759-b5b6-5b0df17ae47d','2025-06-23 23:13:11','2025-06-23 23:15:11','overtime',NULL,'expired',NULL),(136,'ATTENDANCE-PROOF-7f8d8584-5e64-48b9-834b-dbd6b1dea8d8','2025-06-23 23:13:48','2025-06-23 23:14:48','attendance',NULL,'expired',NULL),(137,'12df9825-0965-4cd3-8cea-2b1626a8b2b9','2025-06-24 13:36:04','2025-06-24 13:37:04','overtime',NULL,'expired',NULL),(138,'ATTENDANCE-PROOF-aef5680e-8a2a-438b-a5c8-96240e380ee1','2025-06-24 13:36:17','2025-06-24 13:37:18','attendance',NULL,'expired',NULL),(139,'cbfa9db6-edcc-4d1b-9ca8-11f11c62f35f','2025-06-24 13:36:29','2025-06-24 13:37:30','overtime',NULL,'expired',NULL),(140,'ATTENDANCE-PROOF-40546824-1ae0-48c0-97a9-ddef2d3de56b','2025-06-24 13:37:31','2025-06-24 13:38:31','attendance',NULL,'expired',NULL),(141,'966fa7c0-9dce-45b2-8e00-a10b356d5b2a','2025-06-24 13:38:59','2025-06-24 13:40:00','overtime',NULL,'expired',NULL),(142,'ATTENDANCE-PROOF-86ee3e32-1b08-446e-bfc6-88112b644e70','2025-06-24 13:39:23','2025-06-24 13:40:24','attendance',NULL,'expired',NULL),(143,'db647a1a-fb85-44ae-ad77-ef6bb0ca1752','2025-06-24 20:51:23','2025-06-24 20:52:24','overtime',NULL,'expired',NULL),(144,'0993f36f-1c01-46ec-9e2d-fc736a8b9a32','2025-06-25 14:06:23','2025-06-25 14:10:23','overtime',NULL,'expired',NULL),(145,'ATTENDANCE-PROOF-9f8bc1fd-fa33-454a-a30f-a6dcf4b6687c','2025-06-25 14:06:33','2025-06-25 14:07:34','attendance',NULL,'expired',NULL),(146,'6cb27587-3109-43ae-ad64-3516204a8fb7','2025-06-25 14:08:39','2025-06-25 14:09:40','overtime',NULL,'expired',NULL),(147,'ATTENDANCE-PROOF-7308cafe-7c7e-4e91-9cb4-fe2109a67f80','2025-06-25 14:10:41','2025-06-25 14:11:41','attendance',NULL,'expired',NULL),(148,'fcf9f19e-662b-41a6-bc33-129047886c2f','2025-06-25 14:16:01','2025-06-25 14:21:01','overtime',NULL,'expired',NULL),(149,'ATTENDANCE-PROOF-6f63f82f-9928-4b0c-b109-bb123a186562','2025-06-25 14:16:36','2025-06-25 14:17:36','attendance',NULL,'expired',NULL),(150,'49078ab7-a458-437a-8b0f-4c60dfb770c4','2025-06-25 14:16:44','2025-06-25 14:17:45','overtime',NULL,'expired',NULL),(151,'0bdb18db-dc18-49cc-a43e-61d8e8d3fbf9','2025-06-25 14:17:24','2025-06-25 14:18:24','overtime',NULL,'expired',NULL),(152,'ATTENDANCE-PROOF-94d3f3d5-faf4-40c5-9287-793d1254c656','2025-06-25 14:18:46','2025-06-25 14:19:46','attendance',NULL,'expired',NULL),(153,'ATTENDANCE-PROOF-34189140-e6d4-472b-b966-31d1c98b64ff','2025-06-25 14:19:25','2025-06-25 14:20:25','attendance',NULL,'expired',NULL),(154,'5aff1721-710d-4f83-8b8d-b643f2273b88','2025-06-25 14:19:49','2025-06-25 14:20:49','overtime',NULL,'expired',NULL),(155,'ATTENDANCE-PROOF-1e6daa20-ee41-4114-a772-ffb31c4352a8','2025-06-25 14:21:50','2025-06-25 14:22:50','attendance',NULL,'expired',NULL),(156,'5b54cb79-379d-4836-8498-ab353688260a','2025-06-25 14:37:11','2025-06-25 14:38:11','overtime',NULL,'expired',NULL),(157,'857a3d03-4c65-4564-95c2-bd83c6fa1b0e','2025-06-25 14:37:26','2025-06-25 14:38:27','overtime',NULL,'expired',NULL),(158,'05a151fb-71b3-4d14-ad74-83d4ae49e51b','2025-06-25 14:38:05','2025-06-25 14:39:05','overtime',NULL,'expired',NULL),(159,'ATTENDANCE-PROOF-a1b73d2c-b789-499e-b2d2-ff7102419124','2025-06-25 14:38:12','2025-06-25 14:39:12','attendance',NULL,'expired',NULL),(160,'ATTENDANCE-PROOF-17f0e0a1-66e7-4038-a308-c52f729584fb','2025-06-25 14:39:28','2025-06-25 14:40:28','attendance',NULL,'expired',NULL),(161,'ATTENDANCE-PROOF-15298887-b85b-41d1-8b44-5eed2dcf54af','2025-06-25 14:43:06','2025-06-25 14:44:06','attendance',NULL,'expired',NULL),(162,'6890055d-b325-446a-bb7e-0fa0f8ab535e','2025-06-25 14:51:41','2025-06-25 14:52:42','overtime',NULL,'expired',NULL),(163,'ATTENDANCE-PROOF-97c702c6-ab81-4a57-b1ca-1a4efcc59a9a','2025-06-25 14:53:43','2025-06-25 14:54:43','attendance',NULL,'expired',NULL),(164,'6978d1d4-a5db-40fd-98f5-ceec7a681351','2025-06-25 15:07:48','2025-06-25 15:08:49','overtime',NULL,'expired',NULL),(165,'7fad81b9-b169-49b9-bf1a-fc9c3292c212','2025-06-25 15:20:06','2025-06-25 15:21:06','overtime',NULL,'expired',NULL),(166,'ATTENDANCE-PROOF-131b6189-0f6c-43b5-883c-1fc0027ba073','2025-06-25 15:22:07','2025-06-25 15:23:07','attendance',NULL,'expired',NULL),(167,'ac653571-6fbc-467b-a408-098551559fed','2025-06-25 15:28:44','2025-06-25 15:39:45','overtime',NULL,'expired',NULL),(168,'95c7d95c-b5b4-4ea6-bb95-0f87c0dd3274','2025-06-25 15:29:16','2025-06-25 15:34:17','overtime',NULL,'expired',NULL),(169,'3219a700-90d3-46ab-a296-af4725735ff5','2025-06-25 15:30:06','2025-06-25 15:36:06','overtime',NULL,'expired',NULL),(170,'8d1198db-cef1-469a-b24a-708b2ab5390f','2025-06-25 15:32:53','2025-06-25 15:36:53','overtime',NULL,'expired',NULL),(171,'ATTENDANCE-PROOF-f338aec0-b3d5-4be6-9a45-2e7fe85cdf61','2025-06-25 15:34:18','2025-06-25 15:35:18','attendance',NULL,'expired',NULL),(172,'1006c0fd-6071-4e98-9596-c57bf494ae72','2025-06-25 15:34:53','2025-06-25 15:35:53','overtime',NULL,'expired',NULL),(173,'ATTENDANCE-PROOF-2720007f-8d67-471a-b06a-c08971f10508','2025-06-25 15:36:07','2025-06-25 15:37:07','attendance',NULL,'expired',NULL),(174,'5d2777c8-1cf4-4e8a-a7e3-5a2a81b36e49','2025-06-25 15:36:22','2025-06-25 15:37:23','overtime',NULL,'expired',NULL),(175,'ATTENDANCE-PROOF-1abf7208-3bbc-4493-9bb3-4155172d843d','2025-06-25 16:30:56','2025-06-25 16:31:57','attendance',NULL,'expired',NULL),(176,'ATTENDANCE-PROOF-d9dcb9f4-ed39-424d-bc86-486630d87097','2025-06-25 16:30:56','2025-06-25 16:31:57','attendance',NULL,'expired',NULL),(177,'ATTENDANCE-PROOF-bb01219f-f655-47da-a6d1-e550b8b470ab','2025-06-25 16:30:56','2025-06-25 16:31:57','attendance',NULL,'expired',NULL),(178,'ATTENDANCE-PROOF-380761ba-f589-4db7-a31c-37abfc61d683','2025-06-25 16:30:56','2025-06-25 16:31:57','attendance',NULL,'expired',NULL),(179,'ATTENDANCE-PROOF-e474ae29-f6d2-4ddd-8be0-6aa9a5eb5d81','2025-06-25 16:30:56','2025-06-25 16:31:57','attendance',NULL,'expired',NULL),(180,'262e4988-fae1-481a-96c3-e0291306cf2b','2025-06-25 16:31:01','2025-06-25 16:32:01','overtime',NULL,'expired',NULL),(181,'ATTENDANCE-PROOF-217f87d7-68fd-4d48-a517-fa31991950f1','2025-06-25 16:33:02','2025-06-25 16:34:02','attendance',NULL,'expired',NULL),(182,'f9bbb2ee-d93e-4f2c-ae2b-6c1cdd42f560','2025-06-25 16:38:41','2025-06-25 16:39:42','overtime',NULL,'expired',NULL),(183,'ATTENDANCE-PROOF-696e3e64-4eed-44cc-ac2d-e1d8fb2a72a7','2025-06-25 16:40:43','2025-06-25 16:41:43','attendance',NULL,'expired',NULL),(184,'9d4a6a31-077c-4f58-b15e-a6eced897d61','2025-06-25 16:43:47','2025-06-25 16:44:47','overtime',NULL,'expired',NULL),(185,'ATTENDANCE-PROOF-6cf5fa0e-df9d-461f-95d4-a7974b657142','2025-06-25 16:44:01','2025-06-25 16:45:02','attendance',NULL,'expired',NULL),(187,'ATTENDANCE-PROOF-3060f9bc-5471-41e5-be68-88b6870e243f','2025-06-25 22:06:55','2025-06-25 22:07:55','attendance',NULL,'expired',NULL),(314,'NORMAL-SHIFT-7189b669-53f6-4087-9d0d-6f03497d93d5','2025-06-26 16:37:00','2025-06-26 16:38:00','clock-in',NULL,'expired',NULL),(315,'SHIFT-PROOF-130-ea61040c-12cf-4063-b59d-78e9dc9125b5','2025-06-26 16:42:00','2025-06-26 16:43:00','attendance',NULL,'expired',1),(316,'NORMAL-SHIFT-26159e12-c959-45f1-94fd-61799ddef20b','2025-06-26 17:46:00','2025-06-26 17:47:00','clock-in',NULL,'expired',NULL),(317,'NORMAL-SHIFT-bcb242f7-121e-4fc3-a9f2-be592a8ea4dd','2025-06-26 17:46:00','2025-06-26 17:47:00','clock-in',NULL,'expired',NULL),(318,'SHIFT-PROOF-131-41719383-9cbf-43de-b94a-b25e24372131','2025-06-26 17:50:00','2025-06-26 17:51:00','attendance',NULL,'expired',2),(319,'SHIFT-PROOF-132-036f5a83-d868-475b-81e1-47cbd8d7cc9b','2025-06-26 17:50:00','2025-06-26 17:51:00','attendance',NULL,'expired',2),(320,'NORMAL-SHIFT-968421b9-719c-4b3d-a192-acf1ca26c9d0','2025-06-26 18:14:00','2025-06-26 18:15:00','clock-in',NULL,'expired',NULL),(321,'SHIFT-PROOF-131-f850f079-d10e-4031-97f5-3227788ae849','2025-06-26 18:18:00','2025-06-26 18:19:00','attendance',NULL,'expired',2),(322,'SHIFT-PROOF-132-69d8da58-0fce-45a9-9dac-62b550c21df7','2025-06-26 18:18:00','2025-06-26 18:19:00','attendance',NULL,'expired',2),(323,'NORMAL-SHIFT-576c5454-e1c7-4f8c-a9be-3994b556610a','2025-06-26 18:29:00','2025-06-26 18:30:00','clock-in',NULL,'expired',NULL),(324,'SHIFT-PROOF-131-55cc3d75-76bd-4ac4-8268-99570669749d','2025-06-26 18:31:00','2025-06-26 18:32:00','attendance',NULL,'expired',2),(325,'SHIFT-PROOF-132-77222ca8-181c-4d89-a615-c449401f3336','2025-06-26 18:31:00','2025-06-26 18:32:00','attendance',NULL,'expired',2),(326,'NORMAL-SHIFT-1b640602-43cc-4d25-9950-17d7f4b498bb','2025-06-26 18:42:00','2025-06-26 18:43:00','clock-in',NULL,'expired',NULL),(327,'SHIFT-PROOF-131-7de54b35-3a8f-4dac-9bfd-905d2b79ac11','2025-06-26 18:44:00','2025-06-26 18:45:00','attendance',NULL,'expired',2),(328,'SHIFT-PROOF-132-b04e8e32-8e85-4a15-b1cd-7a4718d40125','2025-06-26 18:44:00','2025-06-26 18:45:00','attendance',NULL,'expired',2),(329,'NORMAL-SHIFT-d5f52527-d5a9-4afd-b13c-6e66c54f3192','2025-06-26 18:52:00','2025-06-26 18:53:00','clock-in',NULL,'expired',NULL),(330,'SHIFT-PROOF-131-1ca9e975-b0e9-41ca-9279-1f09e1bdaeb0','2025-06-26 18:53:00','2025-06-26 18:54:00','attendance',NULL,'expired',2),(331,'SHIFT-PROOF-132-931e499f-822e-44b9-ab65-e6963d7b2d1f','2025-06-26 18:53:00','2025-06-26 18:54:00','attendance',NULL,'expired',2),(332,'NORMAL-SHIFT-e5dcb5d2-c5cb-4fc0-a195-5df8b178dc89','2025-06-26 18:58:00','2025-06-26 18:59:00','clock-in',NULL,'expired',NULL),(333,'SHIFT-PROOF-131-28ed9f94-072a-4720-8e1a-b4e2a4afa96f','2025-06-26 18:59:00','2025-06-26 19:00:00','attendance',NULL,'expired',2),(334,'SHIFT-PROOF-132-18b100ad-1543-45b9-8f06-b31352263e2c','2025-06-26 18:59:00','2025-06-26 19:00:00','attendance',NULL,'expired',2),(335,'NORMAL-SHIFT-2c5a5cdc-9702-4f11-9ccb-1a7a34708299','2025-06-26 19:05:00','2025-06-26 19:06:00','clock-in',NULL,'expired',NULL),(336,'SHIFT-PROOF-131-2c17573b-9be3-4945-b84d-c3fe880f1506','2025-06-26 19:06:00','2025-06-26 19:07:00','attendance',NULL,'expired',2),(337,'SHIFT-PROOF-132-995b005c-22f1-4060-ac2c-b7b5eac60547','2025-06-26 19:06:00','2025-06-26 19:07:00','attendance',NULL,'expired',2),(338,'NORMAL-SHIFT-77915131-7008-49b1-abe0-e1e46e14da17','2025-06-26 19:12:00','2025-06-26 19:13:00','clock-in',NULL,'expired',NULL),(339,'SHIFT-PROOF-131-d5af42c8-73d0-4fbb-8d9f-ad2e0c3ba558','2025-06-26 19:13:00','2025-06-26 19:14:00','attendance',NULL,'expired',13),(340,'SHIFT-PROOF-132-d99e60ac-d5e9-4f2d-8019-843e30c900a1','2025-06-26 19:13:00','2025-06-26 19:14:00','attendance',NULL,'expired',2),(341,'NORMAL-SHIFT-6874e5c6-56c6-46a6-b0e2-72be38c50b17','2025-06-26 19:20:00','2025-06-26 19:21:00','clock-in',NULL,'expired',NULL),(342,'SHIFT-PROOF-131-618cccd4-cab3-43a9-8b6f-6d48fd12b1dd','2025-06-26 19:21:00','2025-06-26 19:22:00','attendance',NULL,'expired',13),(343,'SHIFT-PROOF-132-198bc1a7-91ea-4d3a-a2b9-5774d559a52c','2025-06-26 19:21:00','2025-06-26 19:22:00','attendance',NULL,'expired',2),(344,'NORMAL-SHIFT-79f88615-7e45-43b9-9279-a72e469de666','2025-06-26 19:31:00','2025-06-26 19:32:00','clock-in',NULL,'expired',NULL),(345,'SHIFT-PROOF-131-93dccb99-dc06-4d0a-8f7e-a663abef999b','2025-06-26 19:32:00','2025-06-26 19:33:00','attendance',NULL,'expired',13),(346,'SHIFT-PROOF-132-ebfdfed8-4b8e-4ce8-aee7-6b9c33d8c4ea','2025-06-26 19:32:00','2025-06-26 19:33:00','attendance',NULL,'expired',2),(347,'NORMAL-SHIFT-b597d7c0-bd4d-4cda-b4fc-3e4f20714942','2025-06-26 21:36:00','2025-06-26 21:37:00','clock-in',NULL,'expired',NULL),(348,'DAILY-PROOF-2025-06-26-083d264a-5200-46b6-b9b4-bf880e5adc70','2025-06-26 21:37:00','2025-06-26 21:38:00','attendance',NULL,'expired',NULL),(349,'NORMAL-SHIFT-7e9e7e79-bba0-4ee3-959f-89a215544bed','2025-06-26 21:44:00','2025-06-26 21:45:00','clock-in',NULL,'expired',NULL),(350,'SHIFT-PROOF-2025-06-26-8b9f3308-cb81-4f3b-9bed-0e914d418d6f','2025-06-26 21:45:00','2025-06-26 21:46:00','attendance',NULL,'expired',NULL),(351,'NORMAL-SHIFT-c7e14bc7-96f3-4e8b-b830-334e06d124a8','2025-06-27 01:14:00','2025-06-27 01:15:00','clock-in',NULL,'expired',NULL),(352,'SHIFT-PROOF-2025/06/27-da7f7855-8a89-4c2b-8d9c-31370f4e4c56','2025-06-27 01:20:00','2025-06-27 01:21:00','attendance',NULL,'expired',NULL),(353,'NORMAL-SHIFT-53da5153-917e-4883-863e-32540c723d12','2025-06-27 01:26:00','2025-06-27 01:27:00','clock-in',NULL,'expired',NULL),(354,'SHIFT-PROOF-2025/06/27-16f841e9-0831-47b1-a781-5b44259b3622','2025-06-27 01:27:00','2025-06-27 01:28:00','attendance',NULL,'expired',NULL),(355,'NORMAL-SHIFT-8c6c4979-6113-4ab1-a76a-4138851daf5b','2025-06-27 01:31:00','2025-06-27 01:32:00','clock-in',NULL,'expired',NULL),(356,'SHIFT-PROOF-2025/06/27-fbf4ace8-2d7c-4566-8c84-b8b3416e69bc','2025-06-27 01:32:00','2025-06-27 01:44:00','attendance',NULL,'expired',NULL),(357,'NORMAL-SHIFT-0c1279c1-eabc-4d3e-8644-440fffcde777','2025-06-27 15:49:00','2025-06-27 15:50:00','clock-in',NULL,'expired',NULL),(358,'SHIFT-PROOF-2025/06/27-c5d95933-4c39-45c0-87b7-6c3767cbf783','2025-06-27 15:50:00','2025-06-27 15:51:00','attendance',NULL,'expired',NULL),(359,'SHIFT-PROOF-2025/06/27-5dd90250-1add-42f8-9886-c4742df346b8','2025-06-27 15:55:00','2025-06-27 15:56:00','attendance',NULL,'expired',NULL),(360,'NORMAL-SHIFT-fd9cc64f-0167-4e2e-a524-e9a99228c079','2025-06-27 16:03:00','2025-06-27 16:04:00','clock-in',NULL,'expired',NULL),(361,'SHIFT-PROOF-2025/06/27-9de866fe-111f-4f63-923e-bfd9df9ca9ef','2025-06-27 16:04:00','2025-06-27 16:05:00','attendance',NULL,'expired',NULL),(362,'NORMAL-SHIFT-63a5a033-558c-4ac8-beed-cc30f980ea13','2025-06-27 16:08:00','2025-06-27 16:09:00','clock-in',NULL,'expired',NULL),(363,'SHIFT-PROOF-2025/06/27-62d5112d-7d17-4d04-9551-38621ec82fc6','2025-06-27 16:09:00','2025-06-27 16:10:00','attendance',NULL,'expired',NULL),(364,'NORMAL-SHIFT-6f45652e-b090-4929-96cd-08772cbef8eb','2025-06-27 16:13:00','2025-06-27 16:14:00','clock-in',NULL,'expired',NULL),(365,'SHIFT-PROOF-2025/06/27-9bac24be-963c-4810-8706-339465a724dc','2025-06-27 16:14:00','2025-06-27 16:15:00','attendance',NULL,'expired',NULL),(366,'d2af9d6b-aad5-4d68-ac5e-9529d9363284','2025-06-27 18:21:34','2025-06-27 18:23:34','overtime',NULL,'expired',NULL),(367,'ATTENDANCE-PROOF-7b6c2c8b-9ed2-4a64-964a-1c6c89e6a896','2025-06-27 18:25:38','2025-06-27 18:26:38','attendance',NULL,'expired',NULL),(368,'1e1151e6-b750-486a-afe6-11344a0c42c1','2025-06-27 18:27:06','2025-06-27 18:29:06','overtime',NULL,'expired',NULL),(369,'ATTENDANCE-PROOF-b85cddbc-d576-4c57-a78d-1d48c6c69ad1','2025-06-27 18:27:52','2025-06-27 18:28:52','attendance',NULL,'expired',NULL),(370,'NORMAL-SHIFT-a578494e-7744-47f3-acf8-80bf12835680','2025-06-27 18:36:00','2025-06-27 18:37:00','clock-in',NULL,'expired',NULL),(371,'SHIFT-PROOF-2025/06/27-03e4648b-0161-4eb1-b285-35e9380d6ed1','2025-06-27 18:37:00','2025-06-27 18:38:00','attendance',NULL,'expired',NULL),(372,'NORMAL-SHIFT-58a58253-8ce7-46d9-8f22-3094e9cf0fe4','2025-06-27 22:02:00','2025-06-27 22:03:00','clock-in',NULL,'expired',NULL),(373,'SHIFT-PROOF-2025/06/27-e8f11b11-fbd5-4d63-8dbc-a1b0a601fa58','2025-06-27 22:03:00','2025-06-27 22:04:00','attendanceNormal',NULL,'expired',NULL),(374,'eebc5eef-277e-4c80-96c6-86ce6ea5cb7d','2025-07-02 19:20:45','2025-07-02 19:21:45','overtime',NULL,'expired',NULL),(375,'ATTENDANCE-PROOF-ea9c8ec7-e357-48a2-870f-527c60ed8922','2025-07-02 19:20:55','2025-07-02 19:21:56','attendance',NULL,'expired',NULL),(376,'5b2feccf-d79d-473a-b5a1-0383c6550f7f','2025-07-02 20:01:45','2025-07-02 20:02:45','overtime',NULL,'expired',NULL),(377,'ATTENDANCE-PROOF-4cff0f7c-201f-40da-8476-05f4f7ca13ee','2025-07-02 20:02:46','2025-07-02 20:03:46','attendance',NULL,'expired',NULL),(378,'2bfe8bfa-2c6a-481b-8399-99807846715d','2025-07-02 20:04:42','2025-07-02 20:05:42','overtime',NULL,'expired',NULL),(379,'ATTENDANCE-PROOF-0d552d1e-82fd-4c4c-a928-12712f0747f8','2025-07-02 20:04:58','2025-07-02 20:05:59','attendance',NULL,'expired',NULL),(380,'09d8c6f0-5238-4820-8d1d-cf380c861a6d','2025-07-02 20:12:54','2025-07-02 20:13:54','overtime',NULL,'expired',NULL),(381,'ATTENDANCE-PROOF-5d74b7b2-91d3-4808-a8d8-9fb90f6d4d48','2025-07-02 20:13:54','2025-07-02 20:14:55','attendance',NULL,'expired',NULL),(382,'41867ccd-e973-47d1-87b5-f1458616a714','2025-07-02 20:23:13','2025-07-02 20:24:13','overtime',NULL,'expired',NULL),(383,'ATTENDANCE-PROOF-0f28b686-ee38-471c-aed1-adf1afc5e050','2025-07-02 20:23:16','2025-07-02 20:24:16','attendance',NULL,'expired',NULL),(384,'NORMAL-SHIFT-d12315ff-2ed2-47d8-8053-448225fd9936','2025-07-02 20:33:00','2025-07-02 20:48:00','clock-in',NULL,'expired',NULL),(385,'NORMAL-SHIFT-92f0a315-757e-43f3-9c77-1d89a6ba4250','2025-07-02 20:34:00','2025-07-02 20:35:00','clock-in',NULL,'expired',NULL),(386,'SHIFT-PROOF-2025/07/02-bd92c3e4-2f17-4adc-a0c4-41723c7e199b','2025-07-02 20:35:00','2025-07-02 20:36:00','attendanceNormal',NULL,'expired',NULL),(387,'68842446-ee1b-44a1-933d-1b4655af4c1c','2025-07-03 20:40:47','2025-07-03 21:40:47','overtime',NULL,'expired',NULL),(388,'ATTENDANCE-PROOF-76127b38-2a48-4db5-9429-da8ccac4e122','2025-07-03 21:40:48','2025-07-03 22:40:48','attendance',NULL,'expired',NULL),(389,'64217e78-c1a9-470d-b1e6-3a0272e31c0d','2025-07-04 14:28:56','2025-07-04 14:33:56','overtime',NULL,'expired',NULL),(390,'ATTENDANCE-PROOF-33db44cc-df98-4dc5-a815-3245da470054','2025-07-04 14:29:21','2025-07-04 14:34:22','attendance',NULL,'expired',NULL),(391,'451f06c0-f6e2-40f7-8a5f-5ccbfb9b2ada','2025-07-04 14:59:13','2025-07-04 15:04:13','overtime',NULL,'expired',NULL),(392,'ATTENDANCE-PROOF-f4aaf884-11ef-4ac6-bf35-a863ab76f579','2025-07-04 14:59:22','2025-07-04 15:04:22','attendance',NULL,'expired',NULL),(393,'bb147f02-b2ef-4b27-9840-9719c95653a7','2025-07-04 15:05:39','2025-07-04 15:10:39','overtime',NULL,'expired',NULL),(394,'ATTENDANCE-PROOF-68c2a56d-0e00-4f3f-a5b6-efb31ee89f2a','2025-07-04 15:05:42','2025-07-04 15:10:42','attendance',NULL,'expired',NULL),(395,'0fac8754-113e-4899-9998-6f985b266952','2025-07-04 15:06:22','2025-07-04 15:11:22','overtime',NULL,'expired',NULL),(396,'ATTENDANCE-PROOF-aef8b584-ed79-4593-b6d1-5400c75f6cc1','2025-07-04 15:06:24','2025-07-04 15:11:24','attendance',NULL,'expired',NULL),(397,'2c6a89bf-3f58-452f-92a6-5493cf94f2f1','2025-07-04 15:19:46','2025-07-04 15:24:47','overtime',NULL,'expired',NULL),(398,'ATTENDANCE-PROOF-a7920ef1-e4b3-4f0d-84ed-213e74553f98','2025-07-04 15:19:53','2025-07-04 15:24:54','attendance',NULL,'expired',NULL),(399,'NORMAL-SHIFT-b0121f7e-dcb6-40a8-b248-084d17e78b21','2025-07-04 15:29:00','2025-07-04 15:30:00','clock-in',NULL,'expired',NULL),(400,'SHIFT-PROOF-2025/07/04-71d526ed-9d35-4bb6-b61e-cba9f786ccf3','2025-07-04 15:30:00','2025-07-04 15:31:00','attendanceNormal',NULL,'expired',NULL),(401,'a5882583-d304-40d6-8214-710475413284','2025-07-04 15:30:22','2025-07-04 15:35:22','overtime',NULL,'expired',NULL),(402,'ATTENDANCE-PROOF-28292a61-0fe4-4fbc-97dc-92965116b8bc','2025-07-04 15:30:31','2025-07-04 15:35:31','attendance',NULL,'expired',NULL),(403,'NORMAL-SHIFT-7c860abd-7a09-45c2-a8d6-db1cfe7aa38e','2025-07-04 15:33:30','2025-07-04 15:34:30','clock-in',NULL,'expired',NULL),(404,'SHIFT-PROOF-2025/07/04-93a0dfc5-48e1-4d5f-9193-5c3f86b3a543','2025-07-04 15:34:00','2025-07-04 15:35:00','attendanceNormal',NULL,'expired',NULL),(405,'NORMAL-SHIFT-628e3aac-a81d-4e2d-9f69-26778c90884a','2025-07-04 15:39:00','2025-07-04 15:40:00','clock-in',NULL,'expired',NULL),(406,'SHIFT-PROOF-2025/07/04-0df65ac6-e896-442b-80fa-98a380b8e97a','2025-07-04 15:41:00','2025-07-04 15:42:00','attendanceNormal',NULL,'expired',NULL),(407,'NORMAL-SHIFT-113d871e-969e-4b87-a093-00a59371e76e','2025-07-04 15:43:00','2025-07-04 15:44:00','clock-in',NULL,'expired',NULL),(408,'SHIFT-PROOF-2025/07/04-757ca470-8458-4e47-8183-584ea3ec42cc','2025-07-04 15:44:00','2025-07-04 15:45:00','attendanceNormal',NULL,'expired',NULL),(409,'NORMAL-SHIFT-746b5790-1c87-4bf1-9e70-4c776c9e9029','2025-07-04 15:46:30','2025-07-04 15:47:30','clock-in',NULL,'expired',NULL),(410,'SHIFT-PROOF-2025/07/04-fe58270b-c59f-482d-aedc-12ff80ea1936','2025-07-04 15:47:00','2025-07-04 15:48:00','attendanceNormal',NULL,'expired',NULL),(411,'NORMAL-SHIFT-c81da576-1044-49f3-8a25-744f8b6153ad','2025-07-04 15:50:00','2025-07-04 15:51:00','clock-in',NULL,'expired',NULL),(412,'SHIFT-PROOF-2025/07/04-cf74e7ff-ddd8-495a-b452-fe08d08289d9','2025-07-04 15:51:00','2025-07-04 15:52:00','attendanceNormal',NULL,'expired',NULL),(413,'NORMAL-SHIFT-832b5ba2-2551-4d3e-96cf-1503c5222c23','2025-07-04 15:53:00','2025-07-04 15:54:00','clock-in',NULL,'expired',NULL),(414,'SHIFT-PROOF-2025/07/04-c6aa8fd6-a6d4-4295-9fe2-32b713954a19','2025-07-04 15:54:00','2025-07-04 15:55:00','attendanceNormal',NULL,'expired',NULL),(415,'bf4c974f-c39b-4607-b7a1-089c73a80ff9','2025-07-04 15:54:40','2025-07-04 15:59:41','overtime',NULL,'expired',NULL),(416,'ATTENDANCE-PROOF-83fb6bac-f323-4b88-a3da-ac7ea95c8bc1','2025-07-04 15:54:50','2025-07-04 15:59:50','attendance',NULL,'expired',NULL),(417,'NORMAL-SHIFT-ba6fb039-6e07-4a86-8d7f-c9c27615fcde','2025-07-04 15:56:40','2025-07-04 15:57:40','clock-in',NULL,'expired',NULL),(418,'SHIFT-PROOF-2025/07/04-136b718e-474a-48a5-bfa0-8dbbc11bfc8d','2025-07-04 15:57:40','2025-07-04 15:58:40','attendanceNormal',NULL,'expired',NULL),(419,'352ab441-c475-4a42-a517-e476a02bb207','2025-07-04 15:58:50','2025-07-04 16:03:50','overtime',NULL,'expired',NULL),(420,'f3c2c979-9e90-41c2-b794-99fae7065654','2025-07-04 16:00:32','2025-07-04 16:05:33','overtime',NULL,'expired',NULL),(421,'ATTENDANCE-PROOF-359cb17b-242b-48c4-9982-9d06c9c26deb','2025-07-04 16:02:34','2025-07-04 16:07:34','attendance',NULL,'expired',NULL),(422,'81a3d450-0528-4266-9b9e-3560b3d3d414','2025-07-04 16:07:55','2025-07-04 16:12:55','overtime',NULL,'expired',NULL),(423,'ATTENDANCE-PROOF-1e040ae3-bbe0-4fcd-bff6-6e3377b59997','2025-07-04 16:08:11','2025-07-04 16:13:12','attendance',NULL,'expired',NULL),(424,'ATTENDANCE-PROOF-ffcbe9b6-dfef-4fcd-9bbc-aca96e8bb643','2025-07-04 16:08:51','2025-07-04 16:09:51','attendance',NULL,'expired',NULL),(425,'19757d1b-616a-4549-92f6-81a1c2516b69','2025-07-04 16:08:53','2025-07-04 16:09:54','overtime',NULL,'expired',NULL),(426,'44b92dd2-9609-4de7-a0df-fc238cd7ec34','2025-07-04 16:09:13','2025-07-04 16:10:14','overtime',NULL,'expired',NULL),(427,'056f5dfd-6bc2-40ef-99df-7da4f4a6ae60','2025-07-04 16:10:22','2025-07-04 16:11:22','overtime',NULL,'expired',NULL),(428,'bc4fad58-78e2-4bd5-84ae-d8b61c028487','2025-07-04 16:11:39','2025-07-04 16:12:39','overtime',NULL,'expired',NULL),(429,'ATTENDANCE-PROOF-4ee4536c-89c3-472f-b9d5-7e041ccda838','2025-07-04 16:11:46','2025-07-04 16:12:47','attendance',NULL,'expired',NULL),(430,'2400dcd8-9078-43d6-aec4-3fdfb1bf4248','2025-07-04 16:12:09','2025-07-04 16:13:10','overtime',NULL,'expired',NULL),(431,'ATTENDANCE-PROOF-7dbd5f9a-c8cb-4330-a7a9-e503012b1a5b','2025-07-04 16:12:15','2025-07-04 16:13:16','attendance',NULL,'expired',NULL),(432,'9a42dfd5-2271-4c5e-8f47-1ff3019038c2','2025-07-04 16:13:25','2025-07-04 16:16:26','overtime',NULL,'expired',NULL),(433,'02c1f9c6-2d7e-4907-886a-22657b79fb8c','2025-07-04 16:14:08','2025-07-04 17:15:08','overtime',NULL,'expired',NULL),(434,'ATTENDANCE-PROOF-e8741814-15c3-48d8-8985-10c29b683d11','2025-07-04 16:16:27','2025-07-04 16:17:27','attendance',NULL,'expired',NULL),(435,'2d597f93-622d-4063-84b4-c42f704d6119','2025-07-04 16:17:28','2025-07-04 16:18:28','overtime',NULL,'expired',NULL),(436,'ATTENDANCE-PROOF-fb9af3d0-2259-41b0-8867-03444ebad09e','2025-07-04 16:17:34','2025-07-04 16:18:34','attendance',NULL,'expired',NULL),(437,'bd25232c-8cbc-4b78-b941-1c2ccb292ed6','2025-07-04 16:17:43','2025-07-04 16:18:43','overtime',NULL,'expired',NULL),(438,'ATTENDANCE-PROOF-75cbd617-218e-4eee-b63a-a4ea61e13bb3','2025-07-04 16:17:45','2025-07-04 16:18:46','attendance',NULL,'expired',NULL),(439,'9c75efa4-c718-4061-8364-abd13a62f3a5','2025-07-04 16:25:14','2025-07-04 16:26:14','overtime',NULL,'expired',NULL),(440,'1e77c389-d6c1-4ccf-a446-89d9ee5107f9','2025-07-04 16:28:10','2025-07-04 16:29:10','overtime',NULL,'expired',NULL),(441,'ATTENDANCE-PROOF-8bcd7801-28fe-476e-9e68-43a147ee3e7c','2025-07-04 16:28:14','2025-07-04 16:29:14','attendance',NULL,'expired',NULL),(442,'7ffda07e-7f42-4741-b791-d24eb39cccd7','2025-07-04 16:29:40','2025-07-04 16:30:41','overtime',NULL,'expired',NULL),(443,'ATTENDANCE-PROOF-2105377a-f2ad-4030-b634-c89c3a7d220d','2025-07-04 16:33:12','2025-07-04 16:34:12','attendance',NULL,'expired',NULL),(444,'ATTENDANCE-PROOF-a9119f80-58a8-4f19-ae46-10e2f7610f13','2025-07-04 16:38:55','2025-07-04 16:39:55','attendance',NULL,'expired',NULL),(445,'ac8aa024-1cef-48a4-8ba1-b1865a16267f','2025-07-04 16:42:30','2025-07-04 16:43:31','overtime',NULL,'expired',NULL),(446,'ATTENDANCE-PROOF-032d580b-d38d-4a64-8d62-88c5ee5d27ce','2025-07-04 16:42:36','2025-07-04 16:43:36','attendance',NULL,'expired',NULL),(447,'41887d29-3455-4286-8842-ff300b1f9411','2025-07-04 16:44:01','2025-07-04 17:15:01','overtime',NULL,'expired',NULL),(448,'ATTENDANCE-PROOF-d0a6f94f-730b-434d-8ced-784ab8fa769f','2025-07-04 16:44:25','2025-07-04 16:45:25','attendance',NULL,'expired',NULL),(449,'ATTENDANCE-PROOF-8311a7a8-183f-497b-acc0-f2faf9e70c65','2025-07-04 16:50:15','2025-07-04 16:51:15','attendance',NULL,'expired',NULL),(450,'ATTENDANCE-PROOF-a1776ec9-6566-4946-b5e9-a7383b592122','2025-07-04 16:50:23','2025-07-04 16:51:23','attendance',NULL,'expired',NULL),(451,'ATTENDANCE-PROOF-9e1efb40-3272-425c-ac20-c379a11efdf0','2025-07-04 17:09:15','2025-07-04 17:10:15','attendance',NULL,'expired',NULL),(452,'ATTENDANCE-PROOF-378389be-915c-4d1b-8782-64358103b81d','2025-07-04 17:15:09','2025-07-04 17:16:09','attendance',NULL,'expired',NULL),(453,'SHIFT-PROOF-2025/07/04-937acd97-433d-4c0d-97f8-b95366322d84','2025-07-04 17:57:00','2025-07-04 17:58:00','attendanceNormal',NULL,'expired',NULL),(454,'NORMAL-SHIFT-ad498d8d-0f6c-4502-b939-cae00b338e0d','2025-07-04 17:58:00','2025-07-04 17:59:00','clock-in',NULL,'expired',NULL),(455,'SHIFT-PROOF-2025/07/04-e985644f-aa91-4f74-a29b-3c0e36592016','2025-07-04 18:00:00','2025-07-04 18:01:00','attendanceNormal',NULL,'expired',NULL),(456,'a516fe94-3556-435e-b020-348f1b127439','2025-07-07 18:01:41','2025-07-07 18:02:42','overtime',NULL,'expired',NULL),(457,'ATTENDANCE-PROOF-aa779827-5af1-4947-9d4b-81b18b129733','2025-07-07 18:03:10','2025-07-07 18:04:11','attendance',NULL,'expired',NULL),(458,'f25246ee-2e7a-4561-836a-c4f1dfec5e62','2025-07-07 21:03:02','2025-07-07 21:13:02','overtime',NULL,'expired',NULL),(459,'OVERTIME-ATTENDANCE-691b0695-0e9e-47c6-a090-abae42e456d1','2025-07-07 21:14:23','2025-07-07 21:24:23','attendance',NULL,'expired',NULL),(460,'67832d0b-86e6-4388-8001-c7f3f35f8b48','2025-07-07 21:14:31','2025-07-07 21:24:31','overtime',NULL,'expired',NULL),(461,'OVERTIME-ATTENDANCE-c2feadea-5abd-4903-81bd-a20d789b68fc','2025-07-07 21:19:17','2025-07-07 21:29:17','attendance',NULL,'expired',NULL),(462,'cb05d3f6-2b34-43b2-af86-ec45cf6969f6','2025-07-07 21:29:30','2025-07-07 21:39:30','overtime',NULL,'expired',NULL),(463,'OVERTIME-ATTENDANCE-8f1d342f-e044-4d10-aeca-1aa8deced921','2025-07-07 21:39:47','2025-07-07 21:49:47','attendance',NULL,'expired',NULL),(464,'NORMAL-SHIFT-61d5faff-3d23-4b97-b52a-948f765dacb4','2025-07-07 22:01:41','2025-07-07 22:02:41','clock-in',NULL,'expired',NULL),(465,'5653c859-d7ea-4796-b6ab-e9b17fd13c47','2025-07-08 15:36:55','2025-07-08 18:17:55','overtime',NULL,'expired',NULL),(466,'OVERTIME-ATTENDANCE-c6b3ddd0-fc1d-4c13-9399-fc0d3ddaa0a4','2025-07-08 15:40:59','2025-07-08 15:41:59','attendance',NULL,'expired',NULL),(467,'b41d3beb-3d14-4dc8-b5a6-a28da3a1ba04','2025-07-08 15:42:42','2025-07-08 15:48:42','overtime',NULL,'expired',NULL),(468,'OVERTIME-ATTENDANCE-0209105c-358b-4410-9c3d-17e8eba00eef','2025-07-08 15:43:07','2025-07-08 15:44:07','attendance',NULL,'expired',NULL),(469,'50e3ab11-bc73-4707-bf13-020c36c2b483','2025-07-08 15:43:14','2025-07-08 15:44:15','overtime',NULL,'expired',NULL),(470,'OVERTIME-ATTENDANCE-8edf9ee6-1693-4f4f-b2d0-4f1500253a20','2025-07-08 15:43:16','2025-07-08 15:44:17','attendance',NULL,'expired',NULL),(471,'a31ac86b-8796-4e60-971e-2219381639b5','2025-07-08 15:47:59','2025-07-08 15:48:59','overtime',NULL,'expired',NULL),(472,'OVERTIME-ATTENDANCE-e0a401d7-0c36-4681-b26f-9e7019f3509c','2025-07-08 15:48:02','2025-07-08 15:49:02','attendance',NULL,'expired',NULL),(473,'93c013e2-db51-45d6-98ee-680990b9d185','2025-07-08 15:48:56','2025-07-08 15:49:56','overtime',NULL,'expired',NULL),(474,'OVERTIME-ATTENDANCE-b6bcb822-bad7-44c7-a052-b7a2a4c4d761','2025-07-08 15:48:59','2025-07-08 15:49:59','attendance',NULL,'expired',NULL),(475,'48e2c146-9c6e-44a6-a6b5-0a3a79d7801c','2025-07-08 15:49:49','2025-07-08 15:50:50','overtime',NULL,'expired',NULL),(476,'OVERTIME-ATTENDANCE-733067e9-791c-47f7-8d6f-42881ad26181','2025-07-08 15:49:54','2025-07-08 15:50:55','attendance',NULL,'expired',NULL),(477,'3625105a-3d7f-4801-ad51-c6524cf89355','2025-07-08 15:51:42','2025-07-08 15:52:43','overtime',NULL,'expired',NULL),(478,'OVERTIME-ATTENDANCE-8853b2f6-4599-441a-842b-cd340ee03d28','2025-07-08 15:51:44','2025-07-08 15:52:45','attendance',NULL,'expired',NULL),(479,'7218c3f9-0060-4398-ab66-823a66427114','2025-07-08 15:53:03','2025-07-08 15:54:04','overtime',NULL,'expired',NULL),(480,'OVERTIME-ATTENDANCE-92815215-1d1e-4db9-83a7-e0008edcb4a2','2025-07-08 15:53:06','2025-07-08 15:54:06','attendance',NULL,'expired',NULL),(481,'aaa484e7-4300-4466-b083-93f3a5d872fe','2025-07-08 15:54:08','2025-07-08 15:55:08','overtime',NULL,'expired',NULL),(482,'OVERTIME-ATTENDANCE-54ee1ff8-c3d5-4930-8cf4-4c0e70041167','2025-07-08 15:54:10','2025-07-08 15:55:10','attendance',NULL,'expired',NULL),(483,'8a8756b9-237c-44c0-a6ec-6f48e2c42f13','2025-07-08 15:55:18','2025-07-08 15:56:19','overtime',NULL,'expired',NULL),(484,'OVERTIME-ATTENDANCE-5c2f5e7d-56f0-4f2a-9dc1-045af8543309','2025-07-08 15:55:21','2025-07-08 15:56:22','attendance',NULL,'expired',NULL),(485,'f9d33a37-d990-48a5-8290-143bb38c4432','2025-07-08 15:57:17','2025-07-08 15:58:18','overtime',NULL,'expired',NULL),(486,'OVERTIME-ATTENDANCE-2730a630-0820-4c1c-9fc6-01fc40218910','2025-07-08 15:57:21','2025-07-08 15:58:21','attendance',NULL,'expired',NULL),(487,'bb13afcf-e732-4ba2-aeb1-dd2ced1561b4','2025-07-08 16:07:08','2025-07-08 16:08:08','overtime',NULL,'expired',NULL),(488,'OVERTIME-ATTENDANCE-02fbaca7-78ac-48bc-bd78-cd55e55e7635','2025-07-08 16:07:11','2025-07-08 16:08:12','attendance',NULL,'expired',NULL),(489,'56bf43fc-f3ee-4312-820e-e8b58b50b76f','2025-07-08 16:08:48','2025-07-08 16:09:48','overtime',NULL,'expired',NULL),(490,'OVERTIME-ATTENDANCE-17c7aa25-6513-4aa9-8d8c-31677d4a5782','2025-07-08 16:08:50','2025-07-08 16:09:50','attendance',NULL,'expired',NULL),(491,'f15f7ae1-5fab-4ab7-b1a9-b0e334097f9e','2025-07-08 16:10:23','2025-07-08 16:11:23','overtime',NULL,'expired',NULL),(492,'OVERTIME-ATTENDANCE-fb7afe57-47b6-4253-a3c1-3cdb40e6a400','2025-07-08 16:10:45','2025-07-08 16:11:45','attendance',NULL,'expired',NULL),(493,'1dffdb54-e51d-4a1a-9fad-41dbad82e8eb','2025-07-08 16:20:48','2025-07-08 17:01:49','overtime',NULL,'expired',NULL),(494,'53e91e8e-5dd8-421d-bf8e-9781b7239014','2025-07-08 16:22:08','2025-07-08 16:53:08','overtime',NULL,'expired',NULL),(495,'8949430d-77e8-47af-95ec-b9612a38abce','2025-07-08 16:33:15','2025-07-08 16:34:15','overtime',NULL,'expired',NULL),(496,'971a6c35-73e2-4e65-a392-4ae60fead969','2025-07-08 16:45:26','2025-07-08 17:16:26','overtime',NULL,'expired',NULL),(497,'719374ed-8cbe-411a-b3a9-374934c59b93','2025-07-08 16:50:16','2025-07-08 16:51:16','overtime',NULL,'expired',NULL),(498,'OVERTIME-ATTENDANCE-5613adf6-ffa6-43ef-8a5e-8275c685fc84','2025-07-08 16:53:09','2025-07-08 16:54:09','attendance',NULL,'expired',NULL),(499,'455d38d0-75a4-4f6f-a234-43f5dec2facb','2025-07-08 16:55:22','2025-07-08 16:56:22','overtime',NULL,'expired',NULL),(500,'OVERTIME-ATTENDANCE-0412bcfa-9c60-449b-8566-0cd191a7c73a','2025-07-08 17:01:50','2025-07-08 17:02:50','attendance',NULL,'expired',NULL),(501,'2a7fe4e5-f585-4bbc-86fa-f779532c0011','2025-07-08 17:02:33','2025-07-08 17:03:34','overtime',NULL,'expired',NULL),(502,'82e804e5-d225-4acb-8756-21bfa1ca632b','2025-07-08 17:04:16','2025-07-08 17:05:17','overtime',NULL,'expired',NULL),(503,'OVERTIME-ATTENDANCE-04823337-9f7c-40a5-8a47-4b05ae8f9102','2025-07-08 17:04:36','2025-07-08 17:05:36','attendance',NULL,'expired',NULL),(504,'f13b1377-15e0-4407-b8a9-4dd576828ec9','2025-07-08 17:04:58','2025-07-08 17:05:58','overtime',NULL,'expired',NULL),(505,'NORMAL-SHIFT-7ea76bf1-c761-4997-9663-ce75fd23a8d9','2025-07-09 14:29:30','2025-07-09 14:30:30','clock-in',NULL,'expired',NULL),(506,'SHIFT-PROOF-2025/07/09-d625c71a-2a86-4e88-8850-e17576534b70','2025-07-09 14:31:00','2025-07-09 14:32:00','attendanceNormal',NULL,'expired',NULL),(507,'NORMAL-SHIFT-728d522b-aab1-4bb8-88ea-bbe30fe8349d','2025-07-09 14:41:00','2025-07-09 14:42:00','clock-in',NULL,'expired',NULL),(508,'SHIFT-PROOF-2025/07/09-b392d994-c432-4b45-b577-be5695059a03','2025-07-09 14:42:00','2025-07-09 14:43:00','attendanceNormal',NULL,'expired',NULL),(509,'OVERTIME-ATTENDANCE-278dd448-ef11-4bf3-ae7a-1a54981f0280','2025-07-09 18:58:33','2025-07-09 18:59:33','attendance',NULL,'expired',NULL),(510,'f574ddc4-c76d-4a16-a0f1-e0e389550ddc','2025-07-09 20:43:04','2025-07-09 20:44:04','overtime',NULL,'expired',NULL),(511,'OVERTIME-ATTENDANCE-7f1c0eb1-6eb3-49b0-87fc-781ef21ffc1f','2025-07-09 20:43:26','2025-07-09 20:44:26','attendance',NULL,'expired',NULL),(512,'NORMAL-SHIFT-e005f652-d48e-4682-aa21-d4d10627584a','2025-07-09 20:46:10','2025-07-09 20:47:10','clock-in',NULL,'expired',NULL),(513,'SHIFT-PROOF-2025/07/09-3a0becca-230d-434d-ae55-cefcf1df77d1','2025-07-09 20:47:10','2025-07-09 20:48:10','attendanceNormal',NULL,'expired',NULL);
/*!40000 ALTER TABLE `t_qr_code` ENABLE KEYS */;
UNLOCK TABLES;

--
-- Table structure for table `t_replacement_employee`
--

DROP TABLE IF EXISTS `t_replacement_employee`;
/*!40101 SET @saved_cs_client     = @@character_set_client */;
/*!50503 SET character_set_client = utf8mb4 */;
CREATE TABLE `t_replacement_employee` (
  `replacement_id` int NOT NULL AUTO_INCREMENT,
  `assignment_date` datetime NOT NULL,
  `leave_id` int NOT NULL,
  `replacement_employee_id` int NOT NULL,
  `original_employee_id` int NOT NULL,
  PRIMARY KEY (`replacement_id`),
  KEY `leave_id` (`leave_id`),
  KEY `replacement_employee_id` (`replacement_employee_id`),
  KEY `original_employee_id` (`original_employee_id`),
  CONSTRAINT `t_replacement_employee_ibfk_1` FOREIGN KEY (`leave_id`) REFERENCES `t_leave` (`leave_id`),
  CONSTRAINT `t_replacement_employee_ibfk_2` FOREIGN KEY (`replacement_employee_id`) REFERENCES `t_employee` (`employee_id`),
  CONSTRAINT `t_replacement_employee_ibfk_3` FOREIGN KEY (`original_employee_id`) REFERENCES `t_employee` (`employee_id`)
) ENGINE=InnoDB AUTO_INCREMENT=4 DEFAULT CHARSET=utf8mb4 COLLATE=utf8mb4_0900_ai_ci;
/*!40101 SET character_set_client = @saved_cs_client */;

--
-- Dumping data for table `t_replacement_employee`
--

LOCK TABLES `t_replacement_employee` WRITE;
/*!40000 ALTER TABLE `t_replacement_employee` DISABLE KEYS */;
INSERT INTO `t_replacement_employee` VALUES (1,'2023-06-01 08:00:00',1,3,2),(2,'2023-08-01 08:00:00',3,2,4),(3,'2023-12-25 08:00:00',5,4,1);
/*!40000 ALTER TABLE `t_replacement_employee` ENABLE KEYS */;
UNLOCK TABLES;

--
-- Table structure for table `t_report`
--

DROP TABLE IF EXISTS `t_report`;
/*!40101 SET @saved_cs_client     = @@character_set_client */;
/*!50503 SET character_set_client = utf8mb4 */;
CREATE TABLE `t_report` (
  `report_id` int NOT NULL AUTO_INCREMENT,
  `report_type` varchar(100) NOT NULL,
  `created_at` datetime DEFAULT CURRENT_TIMESTAMP,
  `_type` enum('attendance','payroll','overtime','leave') NOT NULL,
  `employee_id` int NOT NULL,
  PRIMARY KEY (`report_id`),
  KEY `employee_id` (`employee_id`),
  CONSTRAINT `t_report_ibfk_1` FOREIGN KEY (`employee_id`) REFERENCES `t_employee` (`employee_id`)
) ENGINE=InnoDB AUTO_INCREMENT=6 DEFAULT CHARSET=utf8mb4 COLLATE=utf8mb4_0900_ai_ci;
/*!40101 SET character_set_client = @saved_cs_client */;

--
-- Dumping data for table `t_report`
--

LOCK TABLES `t_report` WRITE;
/*!40000 ALTER TABLE `t_report` DISABLE KEYS */;
INSERT INTO `t_report` VALUES (1,'Monthly Attendance Report','2025-06-17 15:01:08','attendance',1),(2,'Overtime Summary Report','2025-06-17 15:01:08','overtime',1),(3,'Payroll Report November','2025-06-17 15:01:08','payroll',1),(4,'Leave Balance Report','2025-06-17 15:01:08','leave',1),(5,'Annual Attendance Summary','2025-06-17 15:01:08','attendance',1);
/*!40000 ALTER TABLE `t_report` ENABLE KEYS */;
UNLOCK TABLES;

--
-- Table structure for table `t_role`
--

DROP TABLE IF EXISTS `t_role`;
/*!40101 SET @saved_cs_client     = @@character_set_client */;
/*!50503 SET character_set_client = utf8mb4 */;
CREATE TABLE `t_role` (
  `role_id` int NOT NULL AUTO_INCREMENT,
  `title` varchar(255) NOT NULL,
  `description` varchar(255) DEFAULT NULL,
  `base_hourly_rate` decimal(10,2) NOT NULL,
  `overtime_hourly_rate` decimal(10,2) NOT NULL,
  PRIMARY KEY (`role_id`)
) ENGINE=InnoDB AUTO_INCREMENT=8 DEFAULT CHARSET=utf8mb4 COLLATE=utf8mb4_0900_ai_ci;
/*!40101 SET character_set_client = @saved_cs_client */;

--
-- Dumping data for table `t_role`
--

LOCK TABLES `t_role` WRITE;
/*!40000 ALTER TABLE `t_role` DISABLE KEYS */;
INSERT INTO `t_role` VALUES (1,'Bartender','Serves drinks to customers',122.00,61.00),(2,'Sparkler Girl','Walks around sexy with bottles',28.75,43.13),(3,'Waiter','Takes drinks orders from customers',126.99,23.00),(4,'Cleaner','Cleans the facility',22.50,33.75),(5,'Bouncer','Guards the entrance',21.50,30.00),(6,'Runners','Fetch the drinks and hands it to customers',25.25,37.88),(7,'Leader','Leads the team to victory every night',100.00,150.00);
/*!40000 ALTER TABLE `t_role` ENABLE KEYS */;
UNLOCK TABLES;

--
-- Table structure for table `t_schedule`
--

DROP TABLE IF EXISTS `t_schedule`;
/*!40101 SET @saved_cs_client     = @@character_set_client */;
/*!50503 SET character_set_client = utf8mb4 */;
CREATE TABLE `t_schedule` (
  `schedule_id` int NOT NULL AUTO_INCREMENT,
  `period_start_date` datetime NOT NULL,
  `period_end_date` datetime NOT NULL,
  `created_at` datetime DEFAULT CURRENT_TIMESTAMP,
  `updated_at` datetime DEFAULT CURRENT_TIMESTAMP ON UPDATE CURRENT_TIMESTAMP,
  PRIMARY KEY (`schedule_id`)
) ENGINE=InnoDB AUTO_INCREMENT=14 DEFAULT CHARSET=utf8mb4 COLLATE=utf8mb4_0900_ai_ci;
/*!40101 SET character_set_client = @saved_cs_client */;

--
-- Dumping data for table `t_schedule`
--

LOCK TABLES `t_schedule` WRITE;
/*!40000 ALTER TABLE `t_schedule` DISABLE KEYS */;
INSERT INTO `t_schedule` VALUES (1,'2023-11-01 00:00:00','2023-11-30 23:59:59','2025-05-20 22:38:21','2025-05-20 22:38:21'),(2,'2023-12-01 00:00:00','2023-12-31 23:59:59','2025-05-20 22:38:21','2025-05-20 22:38:21'),(3,'2025-06-22 00:00:00','2025-06-23 00:00:00','2025-06-22 21:42:14','2025-06-22 21:42:14'),(4,'2025-06-23 00:00:00','2025-06-24 00:00:00','2025-06-23 00:42:14','2025-06-23 00:42:14'),(5,'2025-06-24 00:00:00','2025-06-25 00:00:00','2025-06-24 13:36:04','2025-06-24 13:36:04'),(6,'2025-06-25 00:00:00','2025-06-26 00:00:00','2025-06-25 14:06:23','2025-06-25 14:06:23'),(7,'2025-06-27 00:00:00','2025-06-28 00:00:00','2025-06-27 18:21:34','2025-06-27 18:21:34'),(8,'2025-07-02 00:00:00','2025-07-03 00:00:00','2025-07-02 19:20:45','2025-07-02 19:20:45'),(9,'2025-07-03 00:00:00','2025-07-04 00:00:00','2025-07-03 20:40:47','2025-07-03 20:40:47'),(10,'2025-07-04 00:00:00','2025-07-05 00:00:00','2025-07-04 14:28:56','2025-07-04 14:28:56'),(11,'2025-07-07 00:00:00','2025-07-08 00:00:00','2025-07-07 18:01:41','2025-07-07 18:01:41'),(12,'2025-07-08 00:00:00','2025-07-09 00:00:00','2025-07-08 15:36:55','2025-07-08 15:36:55'),(13,'2025-07-09 00:00:00','2025-07-10 00:00:00','2025-07-09 20:43:04','2025-07-09 20:43:04');
/*!40000 ALTER TABLE `t_schedule` ENABLE KEYS */;
UNLOCK TABLES;

--
-- Table structure for table `t_shift`
--

DROP TABLE IF EXISTS `t_shift`;
/*!40101 SET @saved_cs_client     = @@character_set_client */;
/*!50503 SET character_set_client = utf8mb4 */;
CREATE TABLE `t_shift` (
  `shift_id` int NOT NULL AUTO_INCREMENT,
  `shift_type` enum('normal','overtime') NOT NULL DEFAULT 'normal',
  `start_time` time NOT NULL,
  `end_time` time NOT NULL,
  `date_` date NOT NULL,
  `end_date` date NOT NULL,
  `status_` enum('scheduled','completed','missed') NOT NULL DEFAULT 'scheduled',
  `employee_id` int NOT NULL,
  `schedule_id` int NOT NULL,
  `created_at` datetime DEFAULT CURRENT_TIMESTAMP,
  `updated_at` datetime DEFAULT CURRENT_TIMESTAMP ON UPDATE CURRENT_TIMESTAMP,
  PRIMARY KEY (`shift_id`),
  KEY `employee_id` (`employee_id`),
  KEY `schedule_id` (`schedule_id`),
  CONSTRAINT `T_Shift_ibfk_1` FOREIGN KEY (`employee_id`) REFERENCES `t_employee` (`employee_id`),
  CONSTRAINT `T_Shift_ibfk_2` FOREIGN KEY (`schedule_id`) REFERENCES `t_schedule` (`schedule_id`)
) ENGINE=InnoDB AUTO_INCREMENT=328 DEFAULT CHARSET=utf8mb4 COLLATE=utf8mb4_0900_ai_ci;
/*!40101 SET character_set_client = @saved_cs_client */;

--
-- Dumping data for table `t_shift`
--

LOCK TABLES `t_shift` WRITE;
/*!40000 ALTER TABLE `t_shift` DISABLE KEYS */;
INSERT INTO `t_shift` VALUES (1,'normal','17:00:00','02:00:00','2023-11-15','2023-11-16','completed',1,1,'2025-05-20 22:38:22','2025-06-20 14:17:57'),(3,'overtime','02:00:00','03:00:00','2023-11-16','2023-11-16','completed',3,1,'2025-05-20 22:38:22','2025-06-20 14:17:57'),(4,'overtime','02:00:00','03:00:00','2023-11-16','2023-11-16','completed',4,1,'2025-05-20 22:38:22','2025-06-20 14:17:57'),(5,'overtime','21:42:14','22:42:14','2025-06-22','2025-06-22','missed',3,3,'2025-06-22 21:42:14','2025-06-23 02:03:00'),(6,'overtime','21:42:14','22:42:14','2025-06-22','2025-06-22','missed',7,3,'2025-06-22 21:42:14','2025-06-23 02:03:00'),(7,'overtime','21:42:14','22:42:14','2025-06-22','2025-06-22','missed',14,3,'2025-06-22 21:42:14','2025-06-23 02:03:00'),(8,'overtime','21:42:14','22:42:14','2025-06-22','2025-06-22','completed',4,3,'2025-06-22 21:42:14','2025-06-22 23:27:50'),(9,'overtime','21:42:39','22:42:39','2025-06-22','2025-06-22','missed',1,3,'2025-06-22 21:42:39','2025-06-23 02:03:00'),(10,'overtime','21:42:39','22:42:39','2025-06-22','2025-06-22','missed',6,3,'2025-06-22 21:42:39','2025-06-23 02:03:00'),(11,'overtime','21:42:39','22:42:39','2025-06-22','2025-06-22','missed',8,3,'2025-06-22 21:42:39','2025-06-23 02:03:00'),(12,'overtime','21:42:39','22:42:39','2025-06-22','2025-06-22','missed',9,3,'2025-06-22 21:42:39','2025-06-23 02:03:00'),(13,'overtime','21:42:39','22:42:39','2025-06-22','2025-06-22','missed',16,3,'2025-06-22 21:42:39','2025-06-23 02:03:00'),(14,'overtime','21:42:39','22:42:39','2025-06-22','2025-06-22','missed',13,3,'2025-06-22 21:42:39','2025-06-23 02:03:00'),(15,'overtime','21:42:58','22:42:58','2025-06-22','2025-06-22','missed',3,3,'2025-06-22 21:42:58','2025-06-23 02:03:00'),(16,'overtime','21:42:58','22:42:58','2025-06-22','2025-06-22','missed',7,3,'2025-06-22 21:42:58','2025-06-23 02:03:00'),(17,'overtime','21:42:58','22:42:58','2025-06-22','2025-06-22','missed',14,3,'2025-06-22 21:42:58','2025-06-23 02:03:00'),(18,'overtime','21:43:22','22:43:22','2025-06-22','2025-06-22','completed',4,3,'2025-06-22 21:43:22','2025-06-22 23:27:50'),(19,'normal','23:22:49','23:42:49','2025-06-22','2025-06-22','completed',2,3,'2025-06-22 23:22:49','2025-06-24 13:51:20'),(20,'overtime','23:24:19','23:44:19','2025-06-22','2025-06-22','completed',15,3,'2025-06-22 23:24:19','2025-06-22 23:24:31'),(21,'normal','23:24:19','23:44:19','2025-06-22','2025-06-22','completed',2,3,'2025-06-22 23:24:19','2025-06-24 13:51:20'),(22,'overtime','23:24:40','23:44:40','2025-06-22','2025-06-22','completed',4,3,'2025-06-22 23:24:40','2025-06-22 23:27:50'),(23,'overtime','23:27:56','23:47:56','2025-06-22','2025-06-22','missed',4,3,'2025-06-22 23:27:56','2025-06-23 02:03:00'),(24,'overtime','23:35:30','23:55:30','2025-06-22','2025-06-22','missed',13,3,'2025-06-22 23:35:30','2025-06-23 02:03:00'),(25,'overtime','23:37:32','00:37:32','2025-06-22','2025-06-22','completed',2,3,'2025-06-22 23:37:32','2025-06-24 14:11:35'),(26,'normal','23:38:06','23:40:06','2025-06-22','2025-06-22','completed',2,3,'2025-06-22 23:38:06','2025-06-24 13:51:20'),(27,'overtime','23:39:43','23:41:43','2025-06-22','2025-06-22','missed',4,3,'2025-06-22 23:39:43','2025-06-23 02:03:00'),(28,'overtime','00:42:14','00:43:14','2025-06-22','2025-06-22','missed',1,4,'2025-06-23 00:42:14','2025-06-23 02:03:00'),(29,'overtime','00:42:14','00:43:14','2025-06-22','2025-06-22','missed',6,4,'2025-06-23 00:42:14','2025-06-23 02:03:00'),(30,'overtime','00:42:14','00:43:14','2025-06-22','2025-06-22','missed',8,4,'2025-06-23 00:42:14','2025-06-23 02:03:00'),(31,'overtime','00:42:14','00:43:14','2025-06-22','2025-06-22','missed',9,4,'2025-06-23 00:42:14','2025-06-23 02:03:00'),(32,'overtime','00:42:14','00:43:14','2025-06-22','2025-06-22','missed',16,4,'2025-06-23 00:42:14','2025-06-23 02:03:00'),(33,'overtime','00:53:33','00:54:33','2025-06-22','2025-06-22','missed',2,4,'2025-06-23 00:53:33','2025-06-23 02:03:00'),(34,'overtime','01:03:00','01:04:00','2025-06-22','2025-06-22','missed',15,4,'2025-06-23 01:03:00','2025-06-23 02:03:00'),(35,'overtime','01:33:18','01:34:18','2025-06-22','2025-06-22','missed',15,4,'2025-06-23 01:33:18','2025-06-23 02:03:00'),(36,'overtime','01:33:18','01:34:18','2025-06-22','2025-06-22','missed',2,4,'2025-06-23 01:33:18','2025-06-23 02:03:00'),(37,'overtime','02:09:05','04:09:05','2025-06-23','2025-06-23','completed',2,4,'2025-06-23 02:09:05','2025-06-24 14:11:35'),(38,'overtime','02:09:54','02:10:54','2025-06-23','2025-06-23','missed',2,4,'2025-06-23 02:09:54','2025-06-23 17:54:33'),(39,'overtime','02:12:49','02:13:49','2025-06-23','2025-06-23','missed',2,4,'2025-06-23 02:12:49','2025-06-23 17:54:33'),(40,'overtime','02:25:34','02:26:34','2025-06-23','2025-06-23','missed',2,4,'2025-06-23 02:25:34','2025-06-23 17:54:33'),(41,'overtime','13:13:55','13:44:39','2025-06-23','2025-06-23','missed',1,4,'2025-06-23 13:13:55','2025-06-23 17:54:33'),(42,'overtime','13:13:55','13:44:39','2025-06-23','2025-06-23','missed',6,4,'2025-06-23 13:13:55','2025-06-23 17:54:33'),(43,'overtime','13:13:55','13:44:39','2025-06-23','2025-06-23','missed',8,4,'2025-06-23 13:13:55','2025-06-23 17:54:33'),(44,'overtime','13:13:55','13:44:39','2025-06-23','2025-06-23','missed',9,4,'2025-06-23 13:13:55','2025-06-23 17:54:33'),(45,'overtime','13:13:55','13:44:39','2025-06-23','2025-06-23','missed',16,4,'2025-06-23 13:13:55','2025-06-23 17:54:33'),(46,'overtime','13:39:38','13:44:39','2025-06-23','2025-06-23','missed',1,4,'2025-06-23 13:39:38','2025-06-23 17:54:33'),(47,'overtime','13:39:38','13:44:39','2025-06-23','2025-06-23','missed',6,4,'2025-06-23 13:39:38','2025-06-23 17:54:33'),(48,'overtime','13:39:38','13:44:39','2025-06-23','2025-06-23','missed',8,4,'2025-06-23 13:39:38','2025-06-23 17:54:33'),(49,'overtime','13:39:38','13:44:39','2025-06-23','2025-06-23','missed',9,4,'2025-06-23 13:39:38','2025-06-23 17:54:33'),(50,'overtime','13:39:38','13:44:39','2025-06-23','2025-06-23','missed',16,4,'2025-06-23 13:39:38','2025-06-23 17:54:33'),(51,'overtime','13:40:19','13:44:39','2025-06-23','2025-06-23','missed',1,4,'2025-06-23 13:40:19','2025-06-23 17:54:33'),(52,'overtime','13:40:19','13:44:39','2025-06-23','2025-06-23','missed',6,4,'2025-06-23 13:40:19','2025-06-23 17:54:33'),(53,'overtime','13:40:19','13:44:39','2025-06-23','2025-06-23','missed',8,4,'2025-06-23 13:40:19','2025-06-23 17:54:33'),(54,'overtime','13:40:19','13:44:39','2025-06-23','2025-06-23','missed',9,4,'2025-06-23 13:40:19','2025-06-23 17:54:33'),(55,'overtime','13:40:19','13:44:39','2025-06-23','2025-06-23','missed',16,4,'2025-06-23 13:40:19','2025-06-23 17:54:33'),(56,'overtime','13:40:38','13:44:39','2025-06-23','2025-06-23','missed',1,4,'2025-06-23 13:40:38','2025-06-23 17:54:33'),(57,'overtime','13:40:38','13:44:39','2025-06-23','2025-06-23','missed',6,4,'2025-06-23 13:40:38','2025-06-23 17:54:33'),(58,'overtime','13:40:38','13:44:39','2025-06-23','2025-06-23','missed',8,4,'2025-06-23 13:40:38','2025-06-23 17:54:33'),(59,'overtime','13:40:38','13:44:39','2025-06-23','2025-06-23','missed',9,4,'2025-06-23 13:40:38','2025-06-23 17:54:33'),(60,'overtime','13:40:38','13:44:39','2025-06-23','2025-06-23','missed',16,4,'2025-06-23 13:40:38','2025-06-23 17:54:33'),(61,'overtime','14:39:54','14:41:54','2025-06-23','2025-06-23','missed',1,4,'2025-06-23 14:39:54','2025-06-23 17:54:33'),(62,'overtime','14:39:54','14:41:54','2025-06-23','2025-06-23','missed',6,4,'2025-06-23 14:39:54','2025-06-23 17:54:33'),(63,'overtime','14:39:54','14:41:54','2025-06-23','2025-06-23','missed',8,4,'2025-06-23 14:39:54','2025-06-23 17:54:33'),(64,'overtime','14:39:54','14:41:54','2025-06-23','2025-06-23','missed',9,4,'2025-06-23 14:39:54','2025-06-23 17:54:33'),(65,'overtime','14:39:54','14:41:54','2025-06-23','2025-06-23','missed',16,4,'2025-06-23 14:39:54','2025-06-23 17:54:33'),(66,'overtime','14:39:54','14:41:54','2025-06-23','2025-06-23','missed',13,4,'2025-06-23 14:39:54','2025-06-23 17:54:33'),(67,'overtime','14:43:54','14:45:54','2025-06-23','2025-06-23','missed',1,4,'2025-06-23 14:43:54','2025-06-23 17:54:33'),(68,'overtime','14:43:54','14:45:54','2025-06-23','2025-06-23','missed',6,4,'2025-06-23 14:43:54','2025-06-23 17:54:33'),(69,'overtime','14:43:54','14:45:54','2025-06-23','2025-06-23','missed',8,4,'2025-06-23 14:43:54','2025-06-23 17:54:33'),(70,'overtime','14:43:54','14:45:54','2025-06-23','2025-06-23','missed',9,4,'2025-06-23 14:43:54','2025-06-23 17:54:33'),(71,'overtime','14:43:54','14:45:54','2025-06-23','2025-06-23','missed',16,4,'2025-06-23 14:43:54','2025-06-23 17:54:33'),(72,'overtime','17:55:11','17:56:11','2025-06-23','2025-06-23','missed',15,4,'2025-06-23 17:55:11','2025-06-23 17:55:12'),(73,'overtime','17:57:05','17:58:05','2025-06-23','2025-06-23','missed',15,4,'2025-06-23 17:57:05','2025-06-23 17:57:06'),(74,'overtime','17:57:05','17:58:05','2025-06-23','2025-06-23','missed',2,4,'2025-06-23 17:57:05','2025-06-23 17:57:06'),(75,'overtime','18:14:20','18:15:20','2025-06-23','2025-06-23','missed',15,4,'2025-06-23 18:14:20','2025-06-23 18:52:06'),(76,'overtime','18:14:20','18:15:20','2025-06-23','2025-06-23','missed',2,4,'2025-06-23 18:14:20','2025-06-23 18:52:06'),(77,'overtime','18:23:01','18:25:01','2025-06-23','2025-06-23','missed',13,4,'2025-06-23 18:23:01','2025-06-23 18:52:06'),(78,'overtime','21:00:25','21:01:25','2025-06-23','2025-06-23','completed',13,4,'2025-06-23 21:00:25','2025-06-23 21:00:26'),(79,'overtime','21:08:39','21:09:39','2025-06-23','2025-06-23','missed',13,4,'2025-06-23 21:08:39','2025-06-23 21:08:40'),(80,'overtime','21:09:34','21:10:34','2025-06-23','2025-06-23','missed',15,4,'2025-06-23 21:09:34','2025-06-23 21:09:35'),(81,'overtime','21:10:20','21:11:20','2025-06-23','2025-06-23','missed',4,4,'2025-06-23 21:10:20','2025-06-23 21:10:21'),(82,'overtime','21:13:15','21:14:15','2025-06-23','2025-06-23','missed',2,4,'2025-06-23 21:13:15','2025-06-23 21:13:16'),(83,'overtime','21:14:44','21:17:44','2025-06-23','2025-06-23','missed',2,4,'2025-06-23 21:14:44','2025-06-23 21:14:45'),(84,'overtime','21:20:00','21:21:00','2025-06-23','2025-06-23','missed',2,4,'2025-06-23 21:20:00','2025-06-23 21:20:01'),(85,'overtime','21:25:04','21:26:03','2025-06-23','2025-06-23','missed',13,4,'2025-06-23 21:25:04','2025-06-23 21:25:05'),(86,'overtime','22:47:29','22:48:28','2025-06-23','2025-06-23','missed',2,4,'2025-06-23 22:47:29','2025-06-23 22:47:30'),(87,'overtime','22:50:03','22:51:03','2025-06-23','2025-06-23','missed',2,4,'2025-06-23 22:50:03','2025-06-23 22:50:04'),(88,'overtime','22:55:31','22:56:31','2025-06-23','2025-06-23','missed',2,4,'2025-06-23 22:55:31','2025-06-23 22:57:25'),(89,'overtime','23:01:20','23:02:20','2025-06-23','2025-06-23','missed',2,4,'2025-06-23 23:01:20','2025-06-23 23:09:47'),(90,'overtime','23:11:45','23:12:45','2025-06-23','2025-06-23','missed',15,4,'2025-06-23 23:11:45','2025-06-23 23:13:02'),(91,'overtime','23:11:45','23:12:45','2025-06-23','2025-06-23','missed',2,4,'2025-06-23 23:11:45','2025-06-23 23:13:02'),(92,'overtime','23:13:11','23:14:11','2025-06-23','2025-06-23','missed',15,4,'2025-06-23 23:13:11','2025-06-23 23:13:20'),(93,'overtime','23:13:11','23:14:11','2025-06-23','2025-06-23','missed',2,4,'2025-06-23 23:13:11','2025-06-23 23:13:20'),(94,'overtime','13:36:04','13:37:04','2025-06-24','2025-06-24','missed',15,5,'2025-06-24 13:36:04','2025-06-24 13:37:19'),(95,'overtime','13:36:04','13:37:04','2025-06-24','2025-06-24','missed',2,5,'2025-06-24 13:36:04','2025-06-24 13:37:19'),(96,'overtime','13:36:29','13:37:29','2025-06-24','2025-06-24','missed',15,5,'2025-06-24 13:36:29','2025-06-24 13:37:19'),(97,'overtime','13:36:29','13:37:29','2025-06-24','2025-06-24','missed',2,5,'2025-06-24 13:36:29','2025-06-24 13:37:19'),(98,'overtime','13:38:59','13:39:59','2025-06-24','2025-06-24','missed',15,5,'2025-06-24 13:38:59','2025-06-24 13:40:25'),(99,'overtime','13:38:59','13:39:59','2025-06-24','2025-06-24','missed',2,5,'2025-06-24 13:38:59','2025-06-24 13:40:25'),(100,'overtime','20:51:23','21:51:23','2025-06-24','2025-06-24','missed',2,5,'2025-06-24 20:51:23','2025-06-25 14:06:03'),(101,'overtime','14:08:39','14:10:39','2025-06-25','2025-06-25','missed',1,6,'2025-06-25 14:08:39','2025-06-25 14:11:42'),(102,'overtime','14:08:39','14:10:39','2025-06-25','2025-06-25','missed',6,6,'2025-06-25 14:08:39','2025-06-25 14:11:42'),(103,'overtime','14:08:39','14:10:39','2025-06-25','2025-06-25','missed',8,6,'2025-06-25 14:08:39','2025-06-25 14:11:42'),(104,'overtime','14:08:39','14:10:39','2025-06-25','2025-06-25','missed',9,6,'2025-06-25 14:08:39','2025-06-25 14:11:42'),(105,'overtime','14:08:39','14:10:39','2025-06-25','2025-06-25','missed',16,6,'2025-06-25 14:08:39','2025-06-25 14:11:42'),(106,'overtime','14:17:24','14:19:24','2025-06-25','2025-06-25','missed',2,6,'2025-06-25 14:17:24','2025-06-25 14:17:37'),(107,'overtime','14:19:49','14:21:49','2025-06-25','2025-06-25','missed',2,6,'2025-06-25 14:19:49','2025-06-25 14:20:26'),(108,'overtime','14:37:26','14:39:26','2025-06-25','2025-06-25','missed',2,6,'2025-06-25 14:37:26','2025-06-25 14:39:13'),(109,'overtime','14:51:41','14:53:41','2025-06-25','2025-06-25','missed',2,6,'2025-06-25 14:51:41','2025-06-25 14:54:44'),(110,'overtime','15:07:48','16:07:48','2025-06-25','2025-06-25','missed',2,6,'2025-06-25 15:07:48','2025-06-25 15:23:08'),(111,'overtime','15:20:06','15:22:06','2025-06-25','2025-06-25','missed',2,6,'2025-06-25 15:20:06','2025-06-25 15:23:08'),(112,'overtime','15:28:44','15:39:45','2025-06-25','2025-06-25','missed',15,6,'2025-06-25 15:28:44','2025-06-25 15:35:19'),(113,'overtime','15:32:53','15:36:53','2025-06-25','2025-06-25','missed',2,6,'2025-06-25 15:32:53','2025-06-25 15:35:19'),(114,'overtime','15:34:53','15:39:53','2025-06-25','2025-06-25','missed',15,6,'2025-06-25 15:34:53','2025-06-25 15:35:19'),(115,'overtime','15:36:22','15:38:22','2025-06-25','2025-06-25','missed',3,6,'2025-06-25 15:36:22','2025-06-25 16:30:56'),(116,'overtime','15:36:22','15:38:22','2025-06-25','2025-06-25','missed',7,6,'2025-06-25 15:36:22','2025-06-25 16:30:56'),(117,'overtime','15:36:22','15:38:22','2025-06-25','2025-06-25','missed',14,6,'2025-06-25 15:36:22','2025-06-25 16:30:56'),(118,'overtime','15:36:22','15:38:22','2025-06-25','2025-06-25','missed',4,6,'2025-06-25 15:36:22','2025-06-25 16:30:56'),(119,'overtime','16:31:01','16:33:01','2025-06-25','2025-06-25','missed',1,6,'2025-06-25 16:31:01','2025-06-25 16:31:58'),(120,'overtime','16:31:01','16:33:01','2025-06-25','2025-06-25','missed',6,6,'2025-06-25 16:31:01','2025-06-25 16:31:58'),(121,'overtime','16:31:01','16:33:01','2025-06-25','2025-06-25','missed',8,6,'2025-06-25 16:31:01','2025-06-25 16:31:58'),(122,'overtime','16:31:01','16:33:01','2025-06-25','2025-06-25','missed',9,6,'2025-06-25 16:31:01','2025-06-25 16:31:58'),(123,'overtime','16:31:01','16:33:01','2025-06-25','2025-06-25','missed',16,6,'2025-06-25 16:31:01','2025-06-25 16:31:58'),(124,'overtime','16:38:41','16:40:41','2025-06-25','2025-06-25','missed',15,6,'2025-06-25 16:38:41','2025-06-25 16:41:44'),(125,'overtime','16:38:41','16:40:41','2025-06-25','2025-06-25','missed',2,6,'2025-06-25 16:38:41','2025-06-25 16:41:44'),(126,'overtime','16:43:47','16:45:47','2025-06-25','2025-06-25','missed',15,6,'2025-06-25 16:43:47','2025-06-25 16:45:03'),(127,'overtime','16:43:47','16:45:47','2025-06-25','2025-06-25','missed',2,6,'2025-06-25 16:43:47','2025-06-25 16:45:03'),(128,'normal','17:00:00','02:00:00','2025-06-25','2025-06-25','missed',1,1,'2025-06-25 17:59:32','2025-06-25 22:07:56'),(129,'normal','17:00:00','02:00:00','2025-06-25','2025-06-25','missed',2,1,'2025-06-25 17:59:32','2025-06-25 22:07:56'),(130,'normal','17:46:00','17:50:00','2025-06-26','2025-06-27','missed',1,1,'2025-06-25 17:59:32','2025-06-26 17:45:16'),(131,'normal','22:02:00','22:03:00','2025-06-27','2025-06-27','missed',13,1,'2025-06-25 17:59:32','2025-06-30 20:11:05'),(132,'normal','22:02:00','22:03:00','2025-06-27','2025-06-27','missed',2,1,'2025-06-25 17:59:32','2025-06-27 22:04:01'),(133,'normal','22:02:00','22:02:00','2025-06-28','2025-06-28','missed',2,1,'2025-06-25 17:59:32','2025-06-30 20:11:12'),(134,'overtime','18:21:34','18:23:34','2025-06-27','2025-06-27','missed',1,7,'2025-06-27 18:21:34','2025-06-27 18:26:39'),(135,'overtime','18:21:34','18:23:34','2025-06-27','2025-06-27','missed',3,7,'2025-06-27 18:21:34','2025-06-27 18:26:39'),(136,'overtime','18:21:34','18:23:34','2025-06-27','2025-06-27','missed',6,7,'2025-06-27 18:21:34','2025-06-27 18:26:39'),(137,'overtime','18:21:34','18:23:34','2025-06-27','2025-06-27','missed',7,7,'2025-06-27 18:21:34','2025-06-27 18:26:39'),(138,'overtime','18:21:34','18:23:34','2025-06-27','2025-06-27','missed',8,7,'2025-06-27 18:21:34','2025-06-27 18:26:39'),(139,'overtime','18:21:34','18:23:34','2025-06-27','2025-06-27','missed',9,7,'2025-06-27 18:21:34','2025-06-27 18:26:39'),(140,'overtime','18:21:34','18:23:34','2025-06-27','2025-06-27','missed',13,7,'2025-06-27 18:21:34','2025-06-27 18:26:39'),(141,'overtime','18:21:34','18:23:34','2025-06-27','2025-06-27','missed',14,7,'2025-06-27 18:21:34','2025-06-27 18:26:39'),(142,'overtime','18:21:34','18:23:34','2025-06-27','2025-06-27','missed',16,7,'2025-06-27 18:21:34','2025-06-27 18:26:39'),(143,'overtime','18:27:06','18:29:06','2025-06-27','2025-06-27','missed',4,7,'2025-06-27 18:27:06','2025-06-27 18:28:53'),(144,'overtime','18:27:06','18:29:06','2025-06-27','2025-06-27','missed',15,7,'2025-06-27 18:27:06','2025-06-27 18:28:53'),(145,'normal','19:00:00','05:00:00','2025-06-27','2025-06-28','completed',2,5,'2025-06-30 19:49:18','2025-07-03 18:19:29'),(146,'normal','19:00:00','05:00:00','2025-06-27','2025-06-28','completed',3,5,'2025-06-30 19:49:18','2025-06-30 20:09:06'),(147,'normal','19:00:00','05:00:00','2025-06-27','2025-06-28','completed',4,5,'2025-06-30 19:49:18','2025-06-30 20:09:06'),(148,'normal','19:00:00','05:00:00','2025-06-27','2025-06-28','completed',5,5,'2025-06-30 19:49:18','2025-06-30 20:09:06'),(149,'normal','19:00:00','05:00:00','2025-06-27','2025-06-28','completed',6,5,'2025-06-30 19:49:18','2025-06-30 20:09:06'),(150,'normal','19:00:00','05:00:00','2025-06-27','2025-06-28','completed',7,5,'2025-06-30 19:49:18','2025-06-30 20:09:06'),(151,'normal','19:00:00','05:00:00','2025-06-27','2025-06-28','completed',8,5,'2025-06-30 19:49:18','2025-06-30 21:37:12'),(152,'normal','19:00:00','05:00:00','2025-06-28','2025-06-29','completed',2,6,'2025-06-30 19:49:18','2025-06-30 20:09:06'),(153,'normal','19:00:00','05:00:00','2025-06-28','2025-06-29','completed',3,6,'2025-06-30 19:49:18','2025-06-30 20:09:06'),(154,'normal','19:00:00','05:00:00','2025-06-28','2025-06-29','completed',4,6,'2025-06-30 19:49:18','2025-06-30 20:09:06'),(155,'normal','19:00:00','05:00:00','2025-06-28','2025-06-29','completed',5,6,'2025-06-30 19:49:18','2025-06-30 20:09:06'),(156,'normal','19:00:00','05:00:00','2025-06-28','2025-06-29','completed',6,6,'2025-06-30 19:49:18','2025-06-30 20:09:06'),(157,'normal','19:00:00','05:00:00','2025-06-28','2025-06-29','completed',7,6,'2025-06-30 19:49:18','2025-06-30 20:09:06'),(158,'normal','19:00:00','05:00:00','2025-06-28','2025-06-29','completed',8,6,'2025-06-30 19:49:18','2025-06-30 21:37:12'),(159,'normal','19:00:00','05:00:00','2025-06-29','2025-06-30','completed',2,6,'2025-06-30 19:49:18','2025-06-30 20:09:06'),(160,'normal','19:00:00','05:00:00','2025-06-29','2025-06-30','completed',3,6,'2025-06-30 19:49:18','2025-06-30 20:09:06'),(161,'normal','19:00:00','05:00:00','2025-06-29','2025-06-30','completed',4,6,'2025-06-30 19:49:18','2025-06-30 20:09:06'),(162,'normal','19:00:00','05:00:00','2025-06-29','2025-06-30','completed',5,6,'2025-06-30 19:49:18','2025-06-30 20:09:06'),(163,'normal','19:00:00','05:00:00','2025-06-29','2025-06-30','completed',6,6,'2025-06-30 19:49:18','2025-06-30 20:09:06'),(164,'normal','19:00:00','05:00:00','2025-06-29','2025-06-30','completed',7,6,'2025-06-30 19:49:18','2025-06-30 20:09:06'),(165,'normal','19:00:00','05:00:00','2025-06-29','2025-06-30','completed',8,6,'2025-06-30 19:49:18','2025-06-30 21:37:12'),(166,'normal','19:00:00','05:00:00','2025-06-30','2025-07-01','completed',2,7,'2025-06-30 19:49:18','2025-06-30 20:09:35'),(167,'normal','19:00:00','05:00:00','2025-06-30','2025-07-01','completed',3,7,'2025-06-30 19:49:18','2025-06-30 20:09:35'),(168,'normal','19:00:00','05:00:00','2025-06-30','2025-07-01','completed',4,7,'2025-06-30 19:49:18','2025-06-30 20:09:35'),(169,'normal','19:00:00','05:00:00','2025-06-30','2025-07-01','completed',5,7,'2025-06-30 19:49:18','2025-06-30 20:09:35'),(170,'normal','19:00:00','05:00:00','2025-06-30','2025-07-01','completed',6,7,'2025-06-30 19:49:18','2025-06-30 20:09:35'),(171,'normal','19:00:00','05:00:00','2025-06-30','2025-07-01','completed',7,7,'2025-06-30 19:49:18','2025-06-30 20:09:35'),(172,'normal','19:00:00','05:00:00','2025-06-30','2025-07-01','completed',8,7,'2025-06-30 19:49:18','2025-06-30 21:18:55'),(194,'overtime','20:12:54','20:14:54','2025-07-02','2025-07-02','missed',6,8,'2025-07-02 20:12:54','2025-07-02 20:19:31'),(195,'overtime','20:12:54','20:14:54','2025-07-02','2025-07-02','missed',8,8,'2025-07-02 20:12:54','2025-07-02 20:19:31'),(196,'overtime','20:12:54','20:14:54','2025-07-02','2025-07-02','missed',9,8,'2025-07-02 20:12:54','2025-07-02 20:19:31'),(197,'overtime','20:12:54','20:14:54','2025-07-02','2025-07-02','missed',16,8,'2025-07-02 20:12:54','2025-07-02 20:19:31'),(198,'overtime','20:23:13','20:25:13','2025-07-02','2025-07-02','missed',13,8,'2025-07-02 20:23:13','2025-07-02 20:24:17'),(199,'overtime','20:23:13','20:25:13','2025-07-02','2025-07-02','missed',3,8,'2025-07-02 20:23:13','2025-07-02 20:24:17'),(200,'overtime','20:23:13','20:25:13','2025-07-02','2025-07-02','missed',7,8,'2025-07-02 20:23:13','2025-07-02 20:24:17'),(201,'overtime','20:23:13','20:25:13','2025-07-02','2025-07-02','missed',14,8,'2025-07-02 20:23:13','2025-07-02 20:24:17'),(202,'overtime','20:23:13','20:25:13','2025-07-02','2025-07-02','missed',4,8,'2025-07-02 20:23:13','2025-07-02 20:24:17'),(203,'normal','20:34:00','20:35:00','2025-07-02','2025-07-02','missed',4,8,'2025-07-02 20:23:13','2025-07-02 20:36:01'),(204,'overtime','20:40:47','21:40:47','2025-07-03','2025-07-03','missed',6,9,'2025-07-03 20:40:47','2025-07-03 22:40:49'),(205,'overtime','20:40:47','21:40:47','2025-07-03','2025-07-03','missed',8,9,'2025-07-03 20:40:47','2025-07-03 22:40:49'),(206,'overtime','20:40:47','21:40:47','2025-07-03','2025-07-03','completed',9,9,'2025-07-03 20:40:47','2025-07-03 22:40:49'),(207,'normal','15:33:30','15:34:00','2025-07-04','2025-07-04','missed',16,9,'2025-07-03 20:40:47','2025-07-04 15:35:01'),(208,'overtime','14:28:56','14:31:56','2025-07-04','2025-07-04','missed',6,10,'2025-07-04 14:28:56','2025-07-04 14:34:23'),(209,'overtime','14:28:56','14:31:56','2025-07-04','2025-07-04','missed',8,10,'2025-07-04 14:28:56','2025-07-04 14:34:23'),(210,'overtime','14:28:56','14:31:56','2025-07-04','2025-07-04','missed',9,10,'2025-07-04 14:28:56','2025-07-04 14:34:23'),(211,'overtime','14:28:56','14:31:56','2025-07-04','2025-07-04','missed',16,10,'2025-07-04 14:28:56','2025-07-04 14:34:23'),(212,'overtime','14:59:13','15:01:13','2025-07-04','2025-07-04','missed',6,10,'2025-07-04 14:59:13','2025-07-04 15:04:23'),(213,'overtime','14:59:13','15:01:13','2025-07-04','2025-07-04','missed',8,10,'2025-07-04 14:59:13','2025-07-04 15:04:23'),(214,'overtime','14:59:13','15:01:13','2025-07-04','2025-07-04','missed',9,10,'2025-07-04 14:59:13','2025-07-04 15:04:23'),(215,'overtime','14:59:13','15:01:13','2025-07-04','2025-07-04','missed',16,10,'2025-07-04 14:59:13','2025-07-04 15:04:23'),(216,'overtime','15:05:39','15:07:39','2025-07-04','2025-07-04','missed',6,10,'2025-07-04 15:05:39','2025-07-04 15:10:43'),(217,'overtime','15:05:39','15:07:39','2025-07-04','2025-07-04','missed',8,10,'2025-07-04 15:05:39','2025-07-04 15:10:43'),(218,'overtime','15:05:39','15:07:39','2025-07-04','2025-07-04','missed',9,10,'2025-07-04 15:05:39','2025-07-04 15:10:43'),(219,'overtime','15:05:39','15:07:39','2025-07-04','2025-07-04','missed',16,10,'2025-07-04 15:05:39','2025-07-04 15:10:43'),(220,'overtime','15:06:22','16:06:22','2025-07-04','2025-07-04','missed',5,10,'2025-07-04 15:06:22','2025-07-04 15:10:43'),(221,'overtime','15:19:46','15:21:46','2025-07-04','2025-07-04','missed',3,10,'2025-07-04 15:19:46','2025-07-04 15:24:55'),(222,'overtime','15:19:46','15:21:46','2025-07-04','2025-07-04','missed',7,10,'2025-07-04 15:19:46','2025-07-04 15:24:55'),(223,'overtime','15:19:46','15:21:46','2025-07-04','2025-07-04','missed',14,10,'2025-07-04 15:19:46','2025-07-04 15:24:55'),(224,'normal','17:58:00','18:00:00','2025-07-04','2025-07-04','missed',2,10,'2025-07-04 15:30:22','2025-07-04 18:01:01'),(225,'overtime','15:54:40','15:56:40','2025-07-04','2025-07-04','missed',2,10,'2025-07-04 15:54:40','2025-07-04 15:59:51'),(226,'overtime','15:58:50','16:08:50','2025-07-04','2025-07-04','missed',2,10,'2025-07-04 15:58:50','2025-07-04 15:59:51'),(227,'overtime','16:00:32','16:02:32','2025-07-04','2025-07-04','missed',4,10,'2025-07-04 16:00:32','2025-07-04 16:07:35'),(228,'overtime','16:07:55','17:07:55','2025-07-04','2025-07-04','missed',5,10,'2025-07-04 16:07:55','2025-07-04 16:09:52'),(229,'overtime','16:08:53','16:38:53','2025-07-04','2025-07-04','missed',3,10,'2025-07-04 16:08:53','2025-07-04 16:09:52'),(230,'overtime','16:08:53','16:38:53','2025-07-04','2025-07-04','missed',7,10,'2025-07-04 16:08:53','2025-07-04 16:09:52'),(231,'overtime','16:08:53','16:38:53','2025-07-04','2025-07-04','missed',14,10,'2025-07-04 16:08:53','2025-07-04 16:09:52'),(232,'overtime','16:08:53','16:38:53','2025-07-04','2025-07-04','missed',4,10,'2025-07-04 16:08:53','2025-07-04 16:09:52'),(233,'overtime','16:09:13','17:09:13','2025-07-04','2025-07-04','missed',3,10,'2025-07-04 16:09:13','2025-07-04 16:09:52'),(234,'overtime','16:09:13','17:09:13','2025-07-04','2025-07-04','missed',7,10,'2025-07-04 16:09:13','2025-07-04 16:09:52'),(235,'overtime','16:09:13','17:09:13','2025-07-04','2025-07-04','missed',14,10,'2025-07-04 16:09:13','2025-07-04 16:09:52'),(236,'overtime','16:10:22','16:50:22','2025-07-04','2025-07-04','missed',5,10,'2025-07-04 16:10:22','2025-07-04 16:12:48'),(237,'overtime','16:11:39','17:11:39','2025-07-04','2025-07-04','missed',5,10,'2025-07-04 16:11:39','2025-07-04 16:12:48'),(238,'overtime','16:12:09','16:15:09','2025-07-04','2025-07-04','missed',5,10,'2025-07-04 16:12:09','2025-07-04 16:12:48'),(239,'overtime','16:13:25','17:15:08','2025-07-04','2025-07-04','missed',5,10,'2025-07-04 16:13:25','2025-07-04 16:17:28'),(240,'overtime','16:14:08','17:15:08','2025-07-04','2025-07-04','missed',5,10,'2025-07-04 16:14:08','2025-07-04 16:17:28'),(241,'overtime','16:17:28','17:17:28','2025-07-04','2025-07-04','missed',4,10,'2025-07-04 16:17:28','2025-07-04 16:18:35'),(242,'overtime','16:17:43','17:17:43','2025-07-04','2025-07-04','missed',5,10,'2025-07-04 16:17:43','2025-07-04 16:18:35'),(243,'overtime','16:25:14','16:50:14','2025-07-04','2025-07-04','missed',5,10,'2025-07-04 16:25:14','2025-07-04 16:29:15'),(244,'overtime','16:28:10','17:28:10','2025-07-04','2025-07-04','missed',5,10,'2025-07-04 16:28:10','2025-07-04 16:29:15'),(245,'overtime','16:29:40','17:29:40','2025-07-04','2025-07-04','missed',3,10,'2025-07-04 16:29:40','2025-07-04 16:34:13'),(246,'overtime','16:29:40','17:29:40','2025-07-04','2025-07-04','missed',7,10,'2025-07-04 16:29:40','2025-07-04 16:34:13'),(247,'overtime','16:29:40','17:29:40','2025-07-04','2025-07-04','missed',14,10,'2025-07-04 16:29:40','2025-07-04 16:34:13'),(248,'overtime','16:29:40','17:29:40','2025-07-04','2025-07-04','missed',4,10,'2025-07-04 16:29:40','2025-07-04 16:34:13'),(249,'overtime','16:42:30','16:54:30','2025-07-04','2025-07-04','missed',4,10,'2025-07-04 16:42:30','2025-07-04 16:43:40'),(250,'overtime','16:44:01','17:15:01','2025-07-04','2025-07-04','missed',5,10,'2025-07-04 16:44:01','2025-07-04 16:45:26'),(251,'overtime','18:01:41','19:01:41','2025-07-07','2025-07-07','missed',5,11,'2025-07-07 18:01:41','2025-07-07 18:04:12'),(252,'normal','23:01:41','23:01:41','2025-07-07','2025-07-07','missed',2,11,'2025-07-07 18:01:41','2025-07-07 22:19:29'),(253,'overtime','21:03:02','22:03:01','2025-07-07','2025-07-07','missed',6,11,'2025-07-07 21:03:02','2025-07-07 21:24:24'),(254,'overtime','21:03:02','22:03:01','2025-07-07','2025-07-07','missed',8,11,'2025-07-07 21:03:02','2025-07-07 21:24:24'),(255,'overtime','21:03:02','22:03:01','2025-07-07','2025-07-07','missed',9,11,'2025-07-07 21:03:02','2025-07-07 21:24:24'),(256,'overtime','21:03:02','22:03:01','2025-07-07','2025-07-07','missed',16,11,'2025-07-07 21:03:02','2025-07-07 21:24:24'),(257,'overtime','21:14:31','22:14:31','2025-07-07','2025-07-07','missed',6,11,'2025-07-07 21:14:31','2025-07-07 21:24:24'),(258,'overtime','21:14:31','22:14:31','2025-07-07','2025-07-07','missed',8,11,'2025-07-07 21:14:31','2025-07-07 21:24:24'),(259,'overtime','21:14:31','22:14:31','2025-07-07','2025-07-07','missed',9,11,'2025-07-07 21:14:31','2025-07-07 21:24:24'),(260,'overtime','21:14:31','22:14:31','2025-07-07','2025-07-07','missed',16,11,'2025-07-07 21:14:31','2025-07-07 21:24:24'),(261,'overtime','21:29:30','22:29:30','2025-07-07','2025-07-07','missed',6,11,'2025-07-07 21:29:30','2025-07-07 21:49:48'),(262,'overtime','21:29:30','22:29:30','2025-07-07','2025-07-07','missed',8,11,'2025-07-07 21:29:30','2025-07-07 21:49:48'),(263,'overtime','21:29:30','22:29:30','2025-07-07','2025-07-07','completed',9,11,'2025-07-07 21:29:30','2025-07-07 21:49:48'),(264,'overtime','21:29:30','22:29:30','2025-07-07','2025-07-07','missed',16,11,'2025-07-07 21:29:30','2025-07-07 21:49:48'),(265,'overtime','15:36:55','18:17:55','2025-07-08','2025-07-08','missed',2,12,'2025-07-08 15:36:55','2025-07-08 15:42:00'),(266,'overtime','15:42:42','15:48:42','2025-07-08','2025-07-08','missed',5,12,'2025-07-08 15:42:42','2025-07-08 15:44:08'),(267,'overtime','15:43:14','16:43:14','2025-07-08','2025-07-08','missed',3,12,'2025-07-08 15:43:14','2025-07-08 15:44:08'),(268,'overtime','15:43:14','16:43:14','2025-07-08','2025-07-08','missed',7,12,'2025-07-08 15:43:14','2025-07-08 15:44:08'),(269,'overtime','15:43:14','16:43:14','2025-07-08','2025-07-08','missed',14,12,'2025-07-08 15:43:14','2025-07-08 15:44:08'),(270,'overtime','15:47:59','16:47:59','2025-07-08','2025-07-08','missed',13,12,'2025-07-08 15:47:59','2025-07-08 15:49:03'),(271,'overtime','15:48:56','16:48:56','2025-07-08','2025-07-08','missed',6,12,'2025-07-08 15:48:56','2025-07-08 15:49:03'),(272,'overtime','15:48:56','16:48:56','2025-07-08','2025-07-08','missed',8,12,'2025-07-08 15:48:56','2025-07-08 15:49:03'),(273,'overtime','15:48:56','16:48:56','2025-07-08','2025-07-08','missed',9,12,'2025-07-08 15:48:56','2025-07-08 15:49:03'),(274,'overtime','15:48:56','16:48:56','2025-07-08','2025-07-08','missed',16,12,'2025-07-08 15:48:56','2025-07-08 15:49:03'),(275,'overtime','15:49:49','16:49:49','2025-07-08','2025-07-08','missed',2,12,'2025-07-08 15:49:49','2025-07-08 15:50:00'),(276,'overtime','15:51:42','16:51:42','2025-07-08','2025-07-08','missed',2,12,'2025-07-08 15:51:42','2025-07-08 15:52:46'),(277,'overtime','15:53:03','16:53:03','2025-07-08','2025-07-08','missed',3,12,'2025-07-08 15:53:03','2025-07-08 15:54:07'),(278,'overtime','15:53:03','16:53:03','2025-07-08','2025-07-08','missed',7,12,'2025-07-08 15:53:03','2025-07-08 15:54:07'),(279,'overtime','15:53:03','16:53:03','2025-07-08','2025-07-08','missed',14,12,'2025-07-08 15:53:03','2025-07-08 15:54:07'),(280,'overtime','15:54:08','16:54:08','2025-07-08','2025-07-08','missed',3,12,'2025-07-08 15:54:08','2025-07-08 15:55:11'),(281,'overtime','15:54:08','16:54:08','2025-07-08','2025-07-08','missed',7,12,'2025-07-08 15:54:08','2025-07-08 15:55:11'),(282,'overtime','15:54:08','16:54:08','2025-07-08','2025-07-08','missed',14,12,'2025-07-08 15:54:08','2025-07-08 15:55:11'),(283,'overtime','15:55:18','16:55:18','2025-07-08','2025-07-08','missed',6,12,'2025-07-08 15:55:18','2025-07-08 15:56:23'),(284,'overtime','15:55:18','16:55:18','2025-07-08','2025-07-08','missed',8,12,'2025-07-08 15:55:18','2025-07-08 15:56:23'),(285,'overtime','15:55:18','16:55:18','2025-07-08','2025-07-08','missed',9,12,'2025-07-08 15:55:18','2025-07-08 15:56:23'),(286,'overtime','15:55:18','16:55:18','2025-07-08','2025-07-08','missed',16,12,'2025-07-08 15:55:18','2025-07-08 15:56:23'),(287,'overtime','15:57:17','16:57:17','2025-07-08','2025-07-08','missed',5,12,'2025-07-08 15:57:17','2025-07-08 15:58:22'),(288,'overtime','16:07:08','17:07:08','2025-07-08','2025-07-08','missed',3,12,'2025-07-08 16:07:08','2025-07-08 16:08:13'),(289,'overtime','16:07:08','17:07:08','2025-07-08','2025-07-08','missed',7,12,'2025-07-08 16:07:08','2025-07-08 16:08:13'),(290,'overtime','16:07:08','17:07:08','2025-07-08','2025-07-08','missed',14,12,'2025-07-08 16:07:08','2025-07-08 16:08:13'),(291,'overtime','16:08:48','17:08:48','2025-07-08','2025-07-08','missed',3,12,'2025-07-08 16:08:48','2025-07-08 16:09:51'),(292,'overtime','16:08:48','17:08:48','2025-07-08','2025-07-08','missed',7,12,'2025-07-08 16:08:48','2025-07-08 16:09:51'),(293,'overtime','16:08:48','17:08:48','2025-07-08','2025-07-08','missed',14,12,'2025-07-08 16:08:48','2025-07-08 16:09:51'),(294,'overtime','16:10:23','17:10:23','2025-07-08','2025-07-08','missed',6,12,'2025-07-08 16:10:23','2025-07-08 16:11:46'),(295,'overtime','16:10:23','17:10:23','2025-07-08','2025-07-08','missed',8,12,'2025-07-08 16:10:23','2025-07-08 16:11:46'),(296,'overtime','16:10:23','17:10:23','2025-07-08','2025-07-08','missed',9,12,'2025-07-08 16:10:23','2025-07-08 16:11:46'),(297,'overtime','16:10:23','17:10:23','2025-07-08','2025-07-08','missed',16,12,'2025-07-08 16:10:23','2025-07-08 16:11:46'),(298,'overtime','16:20:48','17:16:26','2025-07-08','2025-07-08','missed',6,12,'2025-07-08 16:20:48','2025-07-08 16:54:10'),(299,'overtime','16:20:48','17:16:26','2025-07-08','2025-07-08','missed',8,12,'2025-07-08 16:20:48','2025-07-08 16:54:10'),(300,'overtime','16:20:48','17:16:26','2025-07-08','2025-07-08','missed',9,12,'2025-07-08 16:20:48','2025-07-08 16:54:10'),(301,'overtime','16:20:48','17:16:26','2025-07-08','2025-07-08','missed',16,12,'2025-07-08 16:20:48','2025-07-08 16:54:10'),(302,'overtime','16:22:08','16:53:08','2025-07-08','2025-07-08','missed',5,12,'2025-07-08 16:22:08','2025-07-08 16:54:10'),(303,'overtime','16:33:15','17:04:15','2025-07-08','2025-07-08','missed',3,12,'2025-07-08 16:33:15','2025-07-08 16:54:10'),(304,'overtime','16:33:15','17:04:15','2025-07-08','2025-07-08','missed',7,12,'2025-07-08 16:33:15','2025-07-08 16:54:10'),(305,'overtime','16:33:15','17:04:15','2025-07-08','2025-07-08','missed',14,12,'2025-07-08 16:33:15','2025-07-08 16:54:10'),(306,'overtime','16:45:26','17:16:26','2025-07-08','2025-07-08','missed',6,12,'2025-07-08 16:45:26','2025-07-08 16:54:10'),(307,'overtime','16:45:26','17:16:26','2025-07-08','2025-07-08','missed',8,12,'2025-07-08 16:45:26','2025-07-08 16:54:10'),(308,'overtime','16:45:26','17:16:26','2025-07-08','2025-07-08','missed',9,12,'2025-07-08 16:45:26','2025-07-08 16:54:10'),(309,'overtime','16:45:26','17:16:26','2025-07-08','2025-07-08','missed',16,12,'2025-07-08 16:45:26','2025-07-08 16:54:10'),(310,'overtime','16:50:16','17:50:16','2025-07-08','2025-07-08','missed',6,12,'2025-07-08 16:50:16','2025-07-08 16:54:10'),(311,'overtime','16:50:16','17:50:16','2025-07-08','2025-07-08','missed',8,12,'2025-07-08 16:50:16','2025-07-08 16:54:10'),(312,'overtime','16:50:16','17:50:16','2025-07-08','2025-07-08','missed',9,12,'2025-07-08 16:50:16','2025-07-08 16:54:10'),(313,'overtime','16:50:16','17:50:16','2025-07-08','2025-07-08','missed',16,12,'2025-07-08 16:50:16','2025-07-08 16:54:10'),(314,'overtime','16:55:22','18:55:22','2025-07-08','2025-07-08','missed',4,12,'2025-07-08 16:55:22','2025-07-08 17:02:51'),(315,'overtime','17:02:33','19:02:33','2025-07-08','2025-07-08','missed',4,12,'2025-07-08 17:02:33','2025-07-08 17:02:51'),(316,'overtime','17:04:16','18:04:16','2025-07-08','2025-07-08','missed',6,12,'2025-07-08 17:04:16','2025-07-08 17:06:10'),(317,'overtime','17:04:16','18:04:16','2025-07-08','2025-07-08','missed',8,12,'2025-07-08 17:04:16','2025-07-08 17:06:10'),(318,'overtime','17:04:16','18:04:16','2025-07-08','2025-07-08','missed',9,12,'2025-07-08 17:04:16','2025-07-08 17:06:10'),(319,'overtime','17:04:16','18:04:16','2025-07-08','2025-07-08','missed',16,12,'2025-07-08 17:04:16','2025-07-08 17:06:10'),(320,'overtime','17:04:58','18:36:58','2025-07-08','2025-07-08','missed',6,12,'2025-07-08 17:04:58','2025-07-09 18:59:34'),(321,'overtime','17:04:58','18:36:58','2025-07-08','2025-07-08','missed',8,12,'2025-07-08 17:04:58','2025-07-09 18:59:34'),(322,'overtime','17:04:58','18:36:58','2025-07-08','2025-07-08','missed',9,12,'2025-07-08 17:04:58','2025-07-09 18:59:34'),(323,'normal','14:41:00','14:42:00','2025-07-09','2025-07-09','missed',16,12,'2025-07-08 17:04:58','2025-07-09 14:43:01'),(324,'overtime','20:43:04','21:43:04','2025-07-09','2025-07-09','missed',3,13,'2025-07-09 20:43:04','2025-07-09 20:44:27'),(325,'overtime','20:43:04','21:43:04','2025-07-09','2025-07-09','missed',7,13,'2025-07-09 20:43:04','2025-07-09 20:44:27'),(326,'overtime','20:43:04','21:43:04','2025-07-09','2025-07-09','missed',14,13,'2025-07-09 20:43:04','2025-07-09 20:44:27'),(327,'normal','20:46:10','20:47:10','2025-07-09','2025-07-09','missed',14,13,'2025-07-09 20:43:04','2025-07-09 20:48:11');
/*!40000 ALTER TABLE `t_shift` ENABLE KEYS */;
UNLOCK TABLES;

--
-- Table structure for table `t_shift_swap`
--

DROP TABLE IF EXISTS `t_shift_swap`;
/*!40101 SET @saved_cs_client     = @@character_set_client */;
/*!50503 SET character_set_client = utf8mb4 */;
CREATE TABLE `t_shift_swap` (
  `swap_id` int NOT NULL AUTO_INCREMENT,
  `status_` enum('pending','approved','rejected','cancelled') NOT NULL DEFAULT 'pending',
  `request_date_time` datetime DEFAULT CURRENT_TIMESTAMP,
  `approval_date_time` datetime DEFAULT NULL,
  `original_shift_id` int NOT NULL,
  `requested_shift_id` int NOT NULL,
  `requesting_employee_id` int NOT NULL,
  `approving_employee_id` int DEFAULT NULL,
  PRIMARY KEY (`swap_id`),
  KEY `original_shift_id` (`original_shift_id`),
  KEY `requested_shift_id` (`requested_shift_id`),
  KEY `requesting_employee_id` (`requesting_employee_id`),
  KEY `approving_employee_id` (`approving_employee_id`),
  CONSTRAINT `T_Shift_Swap_ibfk_1` FOREIGN KEY (`original_shift_id`) REFERENCES `t_shift` (`shift_id`),
  CONSTRAINT `T_Shift_Swap_ibfk_2` FOREIGN KEY (`requested_shift_id`) REFERENCES `t_shift` (`shift_id`),
  CONSTRAINT `T_Shift_Swap_ibfk_3` FOREIGN KEY (`requesting_employee_id`) REFERENCES `t_employee` (`employee_id`),
  CONSTRAINT `T_Shift_Swap_ibfk_4` FOREIGN KEY (`approving_employee_id`) REFERENCES `t_employee` (`employee_id`)
) ENGINE=InnoDB AUTO_INCREMENT=3 DEFAULT CHARSET=utf8mb4 COLLATE=utf8mb4_0900_ai_ci;
/*!40101 SET character_set_client = @saved_cs_client */;

--
-- Dumping data for table `t_shift_swap`
--

LOCK TABLES `t_shift_swap` WRITE;
/*!40000 ALTER TABLE `t_shift_swap` DISABLE KEYS */;
INSERT INTO `t_shift_swap` VALUES (1,'pending','2025-05-20 22:38:22',NULL,1,2,3,NULL),(2,'approved','2025-05-20 22:38:22','2023-11-10 14:30:00',3,4,2,1);
/*!40000 ALTER TABLE `t_shift_swap` ENABLE KEYS */;
UNLOCK TABLES;
/*!40103 SET TIME_ZONE=@OLD_TIME_ZONE */;

/*!40101 SET SQL_MODE=@OLD_SQL_MODE */;
/*!40014 SET FOREIGN_KEY_CHECKS=@OLD_FOREIGN_KEY_CHECKS */;
/*!40014 SET UNIQUE_CHECKS=@OLD_UNIQUE_CHECKS */;
/*!40101 SET CHARACTER_SET_CLIENT=@OLD_CHARACTER_SET_CLIENT */;
/*!40101 SET CHARACTER_SET_RESULTS=@OLD_CHARACTER_SET_RESULTS */;
/*!40101 SET COLLATION_CONNECTION=@OLD_COLLATION_CONNECTION */;
/*!40111 SET SQL_NOTES=@OLD_SQL_NOTES */;

-- Dump completed on 2025-07-21 15:53:30
