-- MySQL dump 10.13  Distrib 8.0.42, for Win64 (x86_64)
--
-- Host: localhost    Database: azania
-- ------------------------------------------------------
-- Server version	8.0.42

/*!40101 SET @OLD_CHARACTER_SET_CLIENT=@@CHARACTER_SET_CLIENT */;
/*!40101 SET @OLD_CHARACTER_SET_RESULTS=@@CHARACTER_SET_RESULTS */;
/*!40101 SET @OLD_COLLATION_CONNECTION=@@COLLATION_CONNECTION */;
/*!50503 SET NAMES utf8 */;
/*!40103 SET @OLD_TIME_ZONE=@@TIME_ZONE */;
/*!40103 SET TIME_ZONE='+00:00' */;
/*!40014 SET @OLD_UNIQUE_CHECKS=@@UNIQUE_CHECKS, UNIQUE_CHECKS=0 */;
/*!40014 SET @OLD_FOREIGN_KEY_CHECKS=@@FOREIGN_KEY_CHECKS, FOREIGN_KEY_CHECKS=0 */;
/*!40101 SET @OLD_SQL_MODE=@@SQL_MODE, SQL_MODE='NO_AUTO_VALUE_ON_ZERO' */;
/*!40111 SET @OLD_SQL_NOTES=@@SQL_NOTES, SQL_NOTES=0 */;

--
-- Table structure for table `t_attendance`
--

DROP TABLE IF EXISTS `t_attendance`;
/*!40101 SET @saved_cs_client     = @@character_set_client */;
/*!50503 SET character_set_client = utf8mb4 */;
CREATE TABLE `t_attendance` (
  `attendance_id` int NOT NULL AUTO_INCREMENT,
  `employee_id` int NOT NULL,
  `shift_id` int NOT NULL,
  `clock_in_time` datetime DEFAULT NULL,
  `clock_out_time` datetime DEFAULT NULL,
  `status_` enum('present','absent','late','on_leave') DEFAULT NULL,
  `device_ip_address` varchar(45) DEFAULT NULL,
  `device_mac_address` varchar(20) DEFAULT NULL,
  `time_to_clock_in` time DEFAULT NULL COMMENT 'Time employee was supposed to clock in',
  `on_time` tinyint(1) DEFAULT NULL,
  `qr_id` int DEFAULT NULL,
  `device_id` int DEFAULT NULL,
  `created_at` datetime DEFAULT CURRENT_TIMESTAMP,
  `updated_at` datetime DEFAULT CURRENT_TIMESTAMP ON UPDATE CURRENT_TIMESTAMP,
  PRIMARY KEY (`employee_id`,`shift_id`),
  UNIQUE KEY `attendance_id` (`attendance_id`),
  KEY `shift_id` (`shift_id`),
  KEY `qr_id` (`qr_id`),
  KEY `device_id` (`device_id`),
  CONSTRAINT `T_Attendance_ibfk_1` FOREIGN KEY (`employee_id`) REFERENCES `t_employee` (`employee_id`),
  CONSTRAINT `T_Attendance_ibfk_2` FOREIGN KEY (`shift_id`) REFERENCES `t_shift` (`shift_id`),
  CONSTRAINT `T_Attendance_ibfk_3` FOREIGN KEY (`qr_id`) REFERENCES `t_qr_code` (`qr_id`),
  CONSTRAINT `T_Attendance_ibfk_4` FOREIGN KEY (`device_id`) REFERENCES `t_device` (`device_id`)
) ENGINE=InnoDB AUTO_INCREMENT=28 DEFAULT CHARSET=utf8mb4 COLLATE=utf8mb4_0900_ai_ci;
/*!40101 SET character_set_client = @saved_cs_client */;

--
-- Dumping data for table `t_attendance`
--

LOCK TABLES `t_attendance` WRITE;
/*!40000 ALTER TABLE `t_attendance` DISABLE KEYS */;
INSERT INTO `t_attendance` VALUES (2,2,2,'2023-11-15 16:05:00','2023-11-16 00:03:00','present','192.168.1.11','08:00:27:AB:CD:EF','16:00:00',0,1,2,'2025-05-20 22:38:23','2025-06-30 17:17:27'),(4,2,37,'2025-06-23 02:10:00','2025-06-23 02:12:00','present','192.168.1.10','00:1A:2B:3C:4D:5E','08:00:00',1,1,1,'2025-05-20 22:38:23','2025-06-30 17:17:27'),(12,3,146,'2025-06-27 19:05:12','2025-06-28 05:02:33','present','192.168.1.15','00:1B:2C:3D:4E:5F','19:00:00',0,1,3,'2025-06-27 19:05:12','2025-06-28 05:02:33'),(22,3,601,'2025-08-11 17:05:00','2025-08-10 02:10:00','present',NULL,NULL,'17:00:00',NULL,NULL,NULL,'2025-08-10 23:23:39','2025-08-10 23:23:39'),(3,4,4,'2023-11-16 08:15:00','2023-11-16 16:10:00','present','192.168.1.12','52:54:00:12:34:56','08:00:00',0,1,4,'2025-05-20 22:38:23','2025-06-30 17:17:27'),(13,4,147,'2025-06-27 19:02:45','2025-06-28 05:01:18','present','192.168.1.16','52:54:00:AB:CD:EF','19:00:00',1,1,4,'2025-06-27 19:02:45','2025-06-28 05:01:18'),(1,5,1,'2023-11-15 07:58:00','2023-11-15 16:02:00','present','192.168.1.10','00:1A:2B:3C:4D:5E','08:00:00',1,1,1,'2025-05-20 22:38:23','2025-06-30 17:17:27'),(14,5,148,NULL,NULL,'absent',NULL,NULL,'19:00:00',NULL,NULL,NULL,'2025-06-28 19:00:00','2025-06-28 19:00:00'),(23,5,602,'2025-08-11 17:02:00','2025-08-10 02:05:00','present',NULL,NULL,'17:00:00',NULL,NULL,NULL,'2025-08-10 23:23:39','2025-08-10 23:23:39'),(15,6,149,'2025-06-27 19:15:33','2025-06-28 05:10:22','late','192.168.1.17','08:00:27:12:34:56','19:00:00',0,1,5,'2025-06-27 19:15:33','2025-06-28 05:10:22'),(16,7,150,'2025-06-27 18:58:12','2025-06-28 05:05:45','present','192.168.1.18','00:1C:2D:3E:4F:5A','19:00:00',1,1,6,'2025-06-27 18:58:12','2025-06-28 05:05:45'),(17,8,151,'2025-06-27 19:20:18','2025-06-28 04:55:33','late','192.168.1.19','52:54:00:BC:DE:FA','19:00:00',0,1,7,'2025-06-27 19:20:18','2025-06-28 04:55:33'),(7,9,206,'2025-07-03 21:08:21','2025-07-03 22:22:22','present','192.168.1.10','00:1A:2B:3C:4D:5E','08:00:00',1,1,1,'2025-05-20 22:38:23','2025-06-30 17:17:27'),(8,9,263,'2025-07-07 21:34:12','2025-07-07 21:43:33','present',NULL,NULL,NULL,NULL,462,NULL,'2025-07-07 21:34:12','2025-07-07 21:48:29'),(9,9,376,'2025-07-23 18:07:01',NULL,'present',NULL,NULL,NULL,NULL,537,NULL,'2025-07-23 18:07:01','2025-07-23 18:07:01'),(10,9,379,'2025-07-23 18:55:10',NULL,'present',NULL,NULL,NULL,NULL,540,NULL,'2025-07-23 18:55:10','2025-07-23 18:55:10'),(11,9,406,'2025-07-24 12:18:00',NULL,'present',NULL,NULL,NULL,NULL,552,NULL,'2025-07-24 12:18:00','2025-07-24 12:18:00'),(26,9,604,'2025-08-12 13:00:02','2025-08-12 13:01:05','present',NULL,NULL,NULL,NULL,698,NULL,'2025-08-12 13:00:02','2025-08-12 13:01:05'),(5,13,78,'2023-11-15 07:58:00','2023-11-15 16:02:00','absent','192.168.1.10','00:1A:2B:3C:4D:5E','08:00:00',1,1,1,'2025-05-20 22:38:23','2025-06-30 17:17:27'),(6,13,131,'2023-11-15 07:58:00','2023-11-15 16:02:00','absent','192.168.1.10','00:1A:2B:3C:4D:5E','08:00:00',1,1,1,'2025-05-20 22:38:23','2025-06-30 17:17:27'),(18,14,152,NULL,NULL,'on_leave',NULL,NULL,'19:00:00',NULL,NULL,NULL,'2025-06-28 19:00:00','2025-06-28 19:00:00'),(19,18,153,'2025-06-28 19:03:45','2025-06-29 05:02:11','present','192.168.1.20','00:1D:2E:3F:4A:5B','19:00:00',1,1,8,'2025-06-28 19:03:45','2025-06-29 05:02:11');
/*!40000 ALTER TABLE `t_attendance` ENABLE KEYS */;
UNLOCK TABLES;

--
-- Table structure for table `t_budget_history`
--

DROP TABLE IF EXISTS `t_budget_history`;
/*!40101 SET @saved_cs_client     = @@character_set_client */;
/*!50503 SET character_set_client = utf8mb4 */;
CREATE TABLE `t_budget_history` (
  `budget_id` int NOT NULL AUTO_INCREMENT,
  `payment_date` date NOT NULL COMMENT 'Payroll date this budget applies to',
  `initial_budget` decimal(10,2) NOT NULL COMMENT 'Budget at start of period',
  `actual_spend` decimal(10,2) NOT NULL COMMENT 'Actual payroll amount',
  `adjusted_budget` decimal(10,2) NOT NULL COMMENT 'Budget after automatic adjustment',
  `adjustment_reason` varchar(255) DEFAULT NULL,
  `created_at` timestamp NOT NULL DEFAULT CURRENT_TIMESTAMP,
  PRIMARY KEY (`budget_id`),
  UNIQUE KEY `payment_date` (`payment_date`)
) ENGINE=InnoDB AUTO_INCREMENT=32 DEFAULT CHARSET=utf8mb4 COLLATE=utf8mb4_0900_ai_ci;
/*!40101 SET character_set_client = @saved_cs_client */;

--
-- Dumping data for table `t_budget_history`
--

LOCK TABLES `t_budget_history` WRITE;
/*!40000 ALTER TABLE `t_budget_history` DISABLE KEYS */;
INSERT INTO `t_budget_history` VALUES (1,'2025-06-24',50000.00,181.14,10000.00,'Conservative adjustment: Very low activity week, minimal budget maintained','2025-08-14 19:39:02'),(2,'2025-07-01',50000.00,26529.20,23000.00,'Conservative adjustment: Normal spending pattern, 5% buffer added','2025-08-14 19:39:02'),(3,'2025-07-08',50000.00,122.10,28000.00,'Conservative adjustment: Very low activity week, minimal budget maintained','2025-08-14 19:39:02'),(4,'2025-07-15',50000.00,0.00,10000.00,'Conservative adjustment: No activity, operational minimum budget','2025-08-14 19:39:02'),(5,'2025-07-22',50000.00,0.00,10000.00,'Conservative adjustment: No activity, operational minimum budget','2025-08-14 19:39:02'),(6,'2025-07-29',50000.00,9317.73,10000.00,'Conservative adjustment: No activity, operational minimum budget','2025-08-14 19:39:02'),(7,'2025-01-07',50000.00,109936.04,126000.00,'Conservative adjustment: High spending week, 15% buffer added','2025-08-14 19:39:02'),(8,'2025-02-04',50000.00,109813.94,126000.00,'Conservative adjustment: High spending week, 15% buffer added','2025-08-14 19:39:02'),(31,'2025-08-19',10000.00,13072.23,14000.00,'Exceeded by R3072.23, added 20% buffer','2025-08-14 22:18:35');
/*!40000 ALTER TABLE `t_budget_history` ENABLE KEYS */;
UNLOCK TABLES;

--
-- Table structure for table `t_device`
--

DROP TABLE IF EXISTS `t_device`;
/*!40101 SET @saved_cs_client     = @@character_set_client */;
/*!50503 SET character_set_client = utf8mb4 */;
CREATE TABLE `t_device` (
  `device_id` int NOT NULL AUTO_INCREMENT,
  `mac_address` varchar(50) NOT NULL,
  `registered_date` datetime NOT NULL DEFAULT CURRENT_TIMESTAMP,
  `employee_id` int NOT NULL,
  PRIMARY KEY (`device_id`),
  KEY `employee_id` (`employee_id`),
  CONSTRAINT `T_Device_ibfk_1` FOREIGN KEY (`employee_id`) REFERENCES `t_employee` (`employee_id`)
) ENGINE=InnoDB AUTO_INCREMENT=15 DEFAULT CHARSET=utf8mb4 COLLATE=utf8mb4_0900_ai_ci;
/*!40101 SET character_set_client = @saved_cs_client */;

--
-- Dumping data for table `t_device`
--

LOCK TABLES `t_device` WRITE;
/*!40000 ALTER TABLE `t_device` DISABLE KEYS */;
INSERT INTO `t_device` VALUES (1,'00:1A:2B:3C:4D:5E','2025-05-08 15:00:59',1),(2,'08:00:27:AB:CD:EF','2025-05-08 15:00:59',2),(3,'52:54:00:12:34:56','2025-05-08 15:00:59',3),(4,'D4:BE:D9:8A:F1:32','2025-05-08 15:00:59',4),(5,'3C:22:FB:78:91:10','2025-05-08 15:00:59',1),(6,'01:1A:2B:3C:4D:5E','2025-05-08 16:27:41',6),(7,'02:1A:2B:3C:4D:5E','2025-05-08 16:39:19',7),(8,'04:1A:2B:3C:4D:5E','2025-05-08 17:07:59',8),(9,'03:1A:2B:3C:4D:5E','2025-05-08 23:35:09',9),(10,'12:34:56:78:AB:CD','2025-05-09 05:38:02',13),(11,'13:23:45:67:89:AB','2025-05-09 08:18:29',14),(12,'00:00:5E:00:53:AF','2025-05-20 19:07:42',15),(13,'05:1A:2B:3C:4D:5E','2025-05-20 20:11:10',16),(14,'00:05:5E:00:53:AF','2025-07-24 00:29:07',18);
/*!40000 ALTER TABLE `t_device` ENABLE KEYS */;
UNLOCK TABLES;

--
-- Table structure for table `t_employee`
--

DROP TABLE IF EXISTS `t_employee`;
/*!40101 SET @saved_cs_client     = @@character_set_client */;
/*!50503 SET character_set_client = utf8mb4 */;
CREATE TABLE `t_employee` (
  `employee_id` int NOT NULL AUTO_INCREMENT,
  `first_name` varchar(50) NOT NULL,
  `last_name` varchar(50) NOT NULL,
  `email` varchar(100) NOT NULL,
  `phone_number` varchar(11) NOT NULL,
  `password_hash` varchar(255) NOT NULL COMMENT 'Store bcrypt/scrypt hashes only',
  `status_` enum('Working','Not Working','On Leave') NOT NULL DEFAULT 'Not Working',
  `type_` enum('employee','manager') NOT NULL DEFAULT 'employee',
  `role_id` int NOT NULL,
  `base_hourly_rate` decimal(10,2) DEFAULT NULL,
  `overtime_hourly_rate` decimal(10,2) DEFAULT NULL,
  `reset_token` varchar(255) DEFAULT NULL,
  `standby` varchar(255) DEFAULT NULL,
  PRIMARY KEY (`employee_id`),
  UNIQUE KEY `email` (`email`),
  KEY `role_id` (`role_id`),
  CONSTRAINT `T_Employee_ibfk_1` FOREIGN KEY (`role_id`) REFERENCES `t_role` (`role_id`)
) ENGINE=InnoDB AUTO_INCREMENT=31 DEFAULT CHARSET=utf8mb4 COLLATE=utf8mb4_0900_ai_ci;
/*!40101 SET character_set_client = @saved_cs_client */;

--
-- Dumping data for table `t_employee`
--

LOCK TABLES `t_employee` WRITE;
/*!40000 ALTER TABLE `t_employee` DISABLE KEYS */;
INSERT INTO `t_employee` VALUES (1,'John','Smith','john.smith@example.com','5551234567','$2a$10$N9qo8uLOickgx2ZMRZoMy.MrYV7ZRHH3jLmsjW3TSMdDh8QY8sQaO','Not Working','manager',7,100.00,150.00,NULL,NULL),(2,'Sarah','Johnson','sarah.j@example.com','5552345678','$2a$10$N9qo8uLOickgx2ZMRZoMy.MrYV7ZRHH3jLmsjW3TSMdDh8QY8sQaO','Not Working','employee',6,25.25,37.88,NULL,NULL),(3,'Michael','Williams','michael.w@example.com','5553456789','$2a$10$N9qo8uLOickgx2ZMRZoMy.MrYV7ZRHH3jLmsjW3TSMdDh8QY8sQaO','On Leave','employee',3,126.99,23.00,NULL,NULL),(4,'Emily','Brown','emily.b@example.com','5554567890','$2a$10$N9qo8uLOickgx2ZMRZoMy.MrYV7ZRHH3jLmsjW3TSMdDh8QY8sQaO','Not Working','employee',4,22.50,33.75,NULL,NULL),(5,'David','Jones','david.j@example.com','5555678901','$2a$10$N9qo8uLOickgx2ZMRZoMy.MrYV7ZRHH3jLmsjW3TSMdDh8QY8sQaO','Not Working','employee',5,21.50,30.00,NULL,NULL),(6,'John','Doe','john.doe@example.com','5551234567','$2b$10$ej0cld/9xj0kicCc8kv4Xe1rDjmO.kryPt61O0Bbs5K/FYbcGp1XS','Not Working','employee',1,150.00,61.05,NULL,NULL),(7,'Batin','Doe','batin.doe@example.com','5551234567','$2b$10$tJpcl8ySMksNcAJcRIfFte8dAqMa89368QOjIKypzRfSePECQ.Ghe','Not Working','employee',3,126.99,23.00,NULL,NULL),(8,'Lionel','Pessi','lpessi124@gmail.com','0847677890','$2b$10$EgGV0yxyWt67faI9VxpceuZUcU.7pJGn2R2JCgk5wdUvYyuqsFx62','Not Working','employee',1,150.00,61.05,NULL,NULL),(9,'Darwin','Nunez','dn202422@gmail.com','0823456710','$2a$12$FEqCg6DSlNPyKp379qRAdO8GuR.mqcLRHSfyQtVE.W4n9lhDHYJ.q','Not Working','employee',1,150.00,61.05,NULL,'standby'),(13,'Yatin','Fakir','F@gmail.com','0900900900','$2b$10$RUrpdk125iLx1liZegsEMeh2bXBNHkFOfegWAaw15tEU6yna5LF/K','Not Working','employee',2,28.75,43.13,NULL,NULL),(14,'Cristiano','Penaldo','c@c.com','0810810811','$2b$10$dBQ8ohblhGRg7wG6IzlGzu3wLa4T/Mn8K1ET1xIk6a49qEc1zpYzG','Not Working','employee',3,126.99,23.00,NULL,NULL),(15,'Zlatan','Ibrahimovic','Z.I@Z.I.com','0810810811','$2b$10$GolXYplSPn3sOCzEu3yIq.dJYp5FWxv95mOlY1PKX/5RZwKiulWMC','On Leave','employee',5,62.00,30.00,NULL,NULL),(16,'Declan','Rice','man@example.com','1234567890','$2b$10$EgGV0yxyWt67faI9VxpceuZUcU.7pJGn2R2JCgk5wdUvYyuqsFx62','Not Working','employee',1,150.00,61.05,NULL,'standby'),(17,'Shayzaad','Kallan','SK@SK.com','0819291023','$2a$12$sLgfSumRYpmjRyyHaYP7G.BPCj8nUk3NSYPNIUYCUaas/L3rBFNAa','Not Working','manager',7,100.00,150.00,NULL,NULL),(18,'Busi','Lusi','bl@gmail.com','0812221299','$2b$10$UNb78deCzLX3zJqd1xlswORgcWoJ4iSCo/YLbGaF8MXgl2Yiq/UsS','Not Working','employee',3,126.99,23.00,NULL,'standby'),(20,'Alexa','Grasso','alexa.grasso@example.com','5551000001','$2a$12$ZzT8/xd/HGtiaObNmufIhuDiuhGQIaJCZWfnzjWW7FpMTAcQq8X9q','Not Working','employee',2,28.75,43.13,NULL,NULL),(21,'Amanda','Nunez','amanda.nunez@example.com','5551000002','$2a$12$ZzT8/xd/HGtiaObNmufIhuDiuhGQIaJCZWfnzjWW7FpMTAcQq8X9q','Not Working','employee',2,28.75,43.13,NULL,'standby'),(22,'Valentina','Shevchenko','valentina.shevchenko@example.com','5551000003','$2a$12$ZzT8/xd/HGtiaObNmufIhuDiuhGQIaJCZWfnzjWW7FpMTAcQq8X9q','Not Working','employee',2,28.75,43.13,NULL,'standby'),(23,'Khabib','Nurmagomedov','khabib.nurmagomedov@example.com','5551000004','$2a$12$ZzT8/xd/HGtiaObNmufIhuDiuhGQIaJCZWfnzjWW7FpMTAcQq8X9q','Not Working','employee',4,22.50,33.75,NULL,NULL),(24,'Jon','Jones','jon.jones@example.com','5551000005','$2a$12$ZzT8/xd/HGtiaObNmufIhuDiuhGQIaJCZWfnzjWW7FpMTAcQq8X9q','Not Working','employee',4,22.50,33.75,NULL,'standby'),(25,'Carlos','Prates','carlos.prates@example.com','5551000006','$2a$12$ZzT8/xd/HGtiaObNmufIhuDiuhGQIaJCZWfnzjWW7FpMTAcQq8X9q','Not Working','employee',4,22.50,33.75,NULL,'standby'),(26,'Francis','Ngannou','francis.ngannou@example.com','5551000007','$2a$12$ZzT8/xd/HGtiaObNmufIhuDiuhGQIaJCZWfnzjWW7FpMTAcQq8X9q','Not Working','employee',5,21.50,30.00,NULL,NULL),(27,'Stipe','Miocic','stipe.miocic@example.com','5551000008','$2a$12$ZzT8/xd/HGtiaObNmufIhuDiuhGQIaJCZWfnzjWW7FpMTAcQq8X9q','Not Working','employee',5,21.50,30.00,NULL,'standby'),(28,'Max','Holloway','max.holloway@example.com','5551000009','$2a$12$ZzT8/xd/HGtiaObNmufIhuDiuhGQIaJCZWfnzjWW7FpMTAcQq8X9q','Not Working','employee',6,25.25,37.88,NULL,NULL),(29,'Dustin','Poirier','dustin.poirier@example.com','5551000010','$2a$12$ZzT8/xd/HGtiaObNmufIhuDiuhGQIaJCZWfnzjWW7FpMTAcQq8X9q','Not Working','employee',6,25.25,37.88,NULL,'standby'),(30,'Ilia','Topuria','ilia.topuria@example.com','5551000011','$2a$12$ZzT8/xd/HGtiaObNmufIhuDiuhGQIaJCZWfnzjWW7FpMTAcQq8X9q','Not Working','employee',6,25.25,37.88,NULL,'standby');
/*!40000 ALTER TABLE `t_employee` ENABLE KEYS */;
UNLOCK TABLES;

--
-- Table structure for table `t_event`
--

DROP TABLE IF EXISTS `t_event`;
/*!40101 SET @saved_cs_client     = @@character_set_client */;
/*!50503 SET character_set_client = utf8mb4 */;
CREATE TABLE `t_event` (
  `event_id` int NOT NULL AUTO_INCREMENT,
  `event_name` varchar(100) NOT NULL,
  `description` text,
  `start_date` date NOT NULL,
  `end_date` date NOT NULL,
  `start_time` time NOT NULL,
  `end_time` time NOT NULL,
  `location` varchar(100) DEFAULT 'Night Lounge',
  `expected_attendance` int DEFAULT NULL,
  `organizer_id` int NOT NULL COMMENT 'Employee who created the event',
  `created_at` datetime DEFAULT CURRENT_TIMESTAMP,
  `updated_at` datetime DEFAULT CURRENT_TIMESTAMP ON UPDATE CURRENT_TIMESTAMP,
  PRIMARY KEY (`event_id`),
  KEY `organizer_id` (`organizer_id`),
  CONSTRAINT `t_event_ibfk_1` FOREIGN KEY (`organizer_id`) REFERENCES `t_employee` (`employee_id`)
) ENGINE=InnoDB AUTO_INCREMENT=6 DEFAULT CHARSET=utf8mb4 COLLATE=utf8mb4_0900_ai_ci;
/*!40101 SET character_set_client = @saved_cs_client */;

--
-- Dumping data for table `t_event`
--

LOCK TABLES `t_event` WRITE;
/*!40000 ALTER TABLE `t_event` DISABLE KEYS */;
INSERT INTO `t_event` VALUES (1,'Friday Night Live','Weekly music performance night','2025-11-10','2025-11-10','20:00:00','02:00:00','Night Lounge',150,1,'2025-08-16 22:27:08','2025-08-18 12:36:38'),(2,'Jazz Night','Special jazz performance with guest artists','2053-09-17','2025-09-18','19:00:00','01:00:00','Night Lounge',200,2,'2025-08-16 22:27:08','2025-08-17 21:44:26'),(3,'Halloween Party','Annual Halloween costume party','2025-10-31','2025-10-31','21:00:00','03:00:00','Night Lounge',300,3,'2025-08-16 22:27:08','2025-08-18 12:36:38'),(4,'New Year\'s Eve Celebration','Premium drinks and live DJ','2025-12-31','2026-01-01','22:00:00','04:00:00','Night Lounge',250,1,'2025-08-16 22:27:08','2025-08-18 12:36:38'),(5,'VIP Cocktail Night','Exclusive event for VIP members','2025-08-10','2025-08-11','18:00:00','23:00:00','Night Lounge VIP Area',50,9,'2025-08-16 22:27:08','2025-08-17 23:01:37');
/*!40000 ALTER TABLE `t_event` ENABLE KEYS */;
UNLOCK TABLES;

--
-- Table structure for table `t_event_employee`
--

DROP TABLE IF EXISTS `t_event_employee`;
/*!40101 SET @saved_cs_client     = @@character_set_client */;
/*!50503 SET character_set_client = utf8mb4 */;
CREATE TABLE `t_event_employee` (
  `event_id` int NOT NULL,
  `employee_id` int NOT NULL,
  `role` enum('organizer','staff','performer','security') NOT NULL DEFAULT 'staff',
  `assigned_at` datetime DEFAULT CURRENT_TIMESTAMP,
  PRIMARY KEY (`event_id`,`employee_id`),
  KEY `employee_id` (`employee_id`),
  CONSTRAINT `t_event_employee_ibfk_1` FOREIGN KEY (`event_id`) REFERENCES `t_event` (`event_id`) ON DELETE CASCADE,
  CONSTRAINT `t_event_employee_ibfk_2` FOREIGN KEY (`employee_id`) REFERENCES `t_employee` (`employee_id`) ON DELETE CASCADE
) ENGINE=InnoDB DEFAULT CHARSET=utf8mb4 COLLATE=utf8mb4_0900_ai_ci;
/*!40101 SET character_set_client = @saved_cs_client */;

--
-- Dumping data for table `t_event_employee`
--

LOCK TABLES `t_event_employee` WRITE;
/*!40000 ALTER TABLE `t_event_employee` DISABLE KEYS */;
/*!40000 ALTER TABLE `t_event_employee` ENABLE KEYS */;
UNLOCK TABLES;

--
-- Table structure for table `t_leave`
--

DROP TABLE IF EXISTS `t_leave`;
/*!40101 SET @saved_cs_client     = @@character_set_client */;
/*!50503 SET character_set_client = utf8mb4 */;
CREATE TABLE `t_leave` (
  `leave_id` int NOT NULL AUTO_INCREMENT,
  `start_date` date NOT NULL,
  `end_date` date NOT NULL,
  `status_` enum('pending','approved','rejected','cancelled') NOT NULL DEFAULT 'pending',
  `employee_id` int NOT NULL,
  `leave_type_id` int NOT NULL,
  `created_at` timestamp NULL DEFAULT CURRENT_TIMESTAMP,
  `updated_at` timestamp NULL DEFAULT CURRENT_TIMESTAMP ON UPDATE CURRENT_TIMESTAMP,
  `used_days` int DEFAULT NULL,
  `remaining_days` int DEFAULT NULL,
  `sick_note` varchar(255) DEFAULT NULL,
  PRIMARY KEY (`leave_id`),
  KEY `employee_id` (`employee_id`),
  KEY `leave_type_id` (`leave_type_id`),
  CONSTRAINT `T_Leave_ibfk_1` FOREIGN KEY (`employee_id`) REFERENCES `t_employee` (`employee_id`),
  CONSTRAINT `T_Leave_ibfk_2` FOREIGN KEY (`leave_type_id`) REFERENCES `t_leave_type` (`leave_type_id`)
) ENGINE=InnoDB AUTO_INCREMENT=42 DEFAULT CHARSET=utf8mb4 COLLATE=utf8mb4_0900_ai_ci;
/*!40101 SET character_set_client = @saved_cs_client */;

--
-- Dumping data for table `t_leave`
--

LOCK TABLES `t_leave` WRITE;
/*!40000 ALTER TABLE `t_leave` DISABLE KEYS */;
INSERT INTO `t_leave` VALUES (20,'2025-01-10','2025-01-15','approved',2,1,'2025-01-05 07:12:34','2025-01-06 09:23:45',5,15,NULL),(21,'2025-02-03','2025-02-07','approved',4,2,'2025-01-20 12:30:00','2025-01-21 08:15:22',5,25,NULL),(22,'2025-03-15','2025-03-22','approved',7,3,'2025-03-01 06:45:12','2025-03-02 14:20:33',7,8,NULL),(23,'2025-04-01','2025-04-05','approved',9,1,'2025-03-25 09:20:15','2025-08-06 11:02:27',NULL,NULL,NULL),(24,'2025-05-12','2025-05-16','approved',13,2,'2025-05-01 11:15:42','2025-05-02 12:25:18',5,25,NULL),(25,'2025-07-10','2025-07-14','approved',9,3,'2025-05-30 08:30:00','2025-08-06 11:01:57',5,10,NULL),(26,'2025-07-01','2025-07-05','approved',9,1,'2025-06-25 14:20:33','2025-08-06 11:01:57',5,15,NULL),(27,'2025-08-10','2025-08-12','pending',9,2,'2025-07-28 07:15:22','2025-08-06 11:01:08',NULL,NULL,NULL),(37,'2025-08-16','2025-08-18','approved',9,2,'2025-08-12 15:22:50','2025-08-12 15:22:50',0,30,'1755012170176-898242264.pdf'),(38,'2025-08-24','2025-08-25','approved',8,2,'2025-08-12 15:28:58','2025-08-12 15:29:16',0,30,'1755012556220-452512529.pdf'),(39,'2025-08-22','2025-08-23','approved',9,2,'2025-08-12 15:44:34','2025-08-12 15:44:34',3,27,'1755013474129-929548101.pdf'),(41,'2025-09-06','2025-09-07','approved',8,1,'2025-08-18 13:46:15','2025-08-18 13:46:15',0,20,NULL);
/*!40000 ALTER TABLE `t_leave` ENABLE KEYS */;
UNLOCK TABLES;

--
-- Table structure for table `t_leave_type`
--

DROP TABLE IF EXISTS `t_leave_type`;
/*!40101 SET @saved_cs_client     = @@character_set_client */;
/*!50503 SET character_set_client = utf8mb4 */;
CREATE TABLE `t_leave_type` (
  `leave_type_id` int NOT NULL AUTO_INCREMENT,
  `name_` varchar(50) NOT NULL,
  `max_days_per_year` int NOT NULL DEFAULT '14',
  `created_at` timestamp NULL DEFAULT CURRENT_TIMESTAMP,
  `updated_at` timestamp NULL DEFAULT CURRENT_TIMESTAMP ON UPDATE CURRENT_TIMESTAMP,
  PRIMARY KEY (`leave_type_id`),
  UNIQUE KEY `name_` (`name_`)
) ENGINE=InnoDB AUTO_INCREMENT=4 DEFAULT CHARSET=utf8mb4 COLLATE=utf8mb4_0900_ai_ci;
/*!40101 SET character_set_client = @saved_cs_client */;

--
-- Dumping data for table `t_leave_type`
--

LOCK TABLES `t_leave_type` WRITE;
/*!40000 ALTER TABLE `t_leave_type` DISABLE KEYS */;
INSERT INTO `t_leave_type` VALUES (1,'Annual Leave',20,'2025-05-08 15:01:05','2025-05-08 15:01:05'),(2,'Sick Leave',30,'2025-05-08 15:01:05','2025-05-20 21:35:18'),(3,'Family Leave',15,'2025-05-08 15:01:05','2025-05-22 13:26:31');
/*!40000 ALTER TABLE `t_leave_type` ENABLE KEYS */;
UNLOCK TABLES;

--
-- Table structure for table `t_message`
--

DROP TABLE IF EXISTS `t_message`;
/*!40101 SET @saved_cs_client     = @@character_set_client */;
/*!50503 SET character_set_client = utf8mb4 */;
CREATE TABLE `t_message` (
  `message_id` int NOT NULL AUTO_INCREMENT,
  `sender_id` int NOT NULL,
  `receiver_id` int NOT NULL,
  `content` text NOT NULL,
  `sent_time` datetime NOT NULL DEFAULT CURRENT_TIMESTAMP,
  `read_status` enum('read','unread') NOT NULL DEFAULT 'unread',
  PRIMARY KEY (`message_id`),
  KEY `sender_id` (`sender_id`),
  KEY `receiver_id` (`receiver_id`),
  CONSTRAINT `t_message_ibfk_1` FOREIGN KEY (`sender_id`) REFERENCES `t_employee` (`employee_id`),
  CONSTRAINT `t_message_ibfk_2` FOREIGN KEY (`receiver_id`) REFERENCES `t_employee` (`employee_id`)
) ENGINE=InnoDB AUTO_INCREMENT=3 DEFAULT CHARSET=utf8mb4 COLLATE=utf8mb4_0900_ai_ci;
/*!40101 SET character_set_client = @saved_cs_client */;

--
-- Dumping data for table `t_message`
--

LOCK TABLES `t_message` WRITE;
/*!40000 ALTER TABLE `t_message` DISABLE KEYS */;
INSERT INTO `t_message` VALUES (1,9,17,'Hi','2025-08-05 17:28:33','read'),(2,1,9,'Hello','2025-08-12 16:14:26','unread');
/*!40000 ALTER TABLE `t_message` ENABLE KEYS */;
UNLOCK TABLES;

--
-- Table structure for table `t_notification`
--

DROP TABLE IF EXISTS `t_notification`;
/*!40101 SET @saved_cs_client     = @@character_set_client */;
/*!50503 SET character_set_client = utf8mb4 */;
CREATE TABLE `t_notification` (
  `notification_id` int NOT NULL AUTO_INCREMENT,
  `employee_id` int NOT NULL,
  `message` varchar(255) NOT NULL,
  `sent_time` datetime DEFAULT NULL,
  `read_status` enum('read','unread') DEFAULT 'unread',
  `notification_type_id` int DEFAULT NULL,
  PRIMARY KEY (`notification_id`),
  KEY `employee_id` (`employee_id`),
  KEY `notification_type_id` (`notification_type_id`),
  CONSTRAINT `t_notification_ibfk_1` FOREIGN KEY (`employee_id`) REFERENCES `t_employee` (`employee_id`),
  CONSTRAINT `t_notification_ibfk_2` FOREIGN KEY (`notification_type_id`) REFERENCES `t_notification_type` (`notification_type_id`)
) ENGINE=InnoDB AUTO_INCREMENT=4476 DEFAULT CHARSET=utf8mb4 COLLATE=utf8mb4_0900_ai_ci;
/*!40101 SET character_set_client = @saved_cs_client */;

--
-- Dumping data for table `t_notification`
--

LOCK TABLES `t_notification` WRITE;
/*!40000 ALTER TABLE `t_notification` DISABLE KEYS */;
INSERT INTO `t_notification` VALUES (307,7,'Your hourly rates have been updated to R121.98 (base) and R23 (overtime)','2025-06-30 19:49:18','unread',2),(308,7,'Your hourly rates have been updated to R121.99 (base) and R23 (overtime)','2025-06-30 19:49:18','unread',2),(309,14,'Your hourly rates have been updated to R121.98 (base) and R23 (overtime)','2025-06-30 19:49:18','unread',2),(310,7,'Your hourly rates have been updated to R122.89 (base) and R23 (overtime)','2025-06-30 19:49:18','unread',2),(311,14,'Your hourly rates have been updated to R122.98 (base) and R23 (overtime)','2025-06-30 19:49:18','unread',2),(316,3,'Michael Williams has missed a shift on 2025/07/02','2025-06-30 19:49:18','unread',4),(317,4,'Emily Brown has missed a shift on 2025/07/02','2025-06-30 19:49:18','unread',4),(318,7,'Batin Doe has missed a shift on 2025/07/02','2025-06-30 19:49:18','unread',4),(319,13,'Yatin Fakir has missed a shift on 2025/07/02','2025-06-30 19:49:18','unread',4),(320,14,'c c has missed a shift on 2025/07/02','2025-06-30 19:49:18','unread',4),(321,4,'Emily Brown has missed a shift on 2025/07/02','2025-06-30 19:49:18','unread',4),(322,7,'Your hourly rates have been updated to R125 (base) and R23 (overtime)','2025-06-30 19:49:18','unread',2),(323,6,'Your hourly rates have been updated to R122 (base) and R61 (overtime)','2025-07-03 18:39:56','unread',2),(324,8,'Your hourly rates have been updated to R122 (base) and R61 (overtime)','2025-07-03 18:39:56','unread',2),(325,9,'Your hourly rates have been updated to R122 (base) and R61 (overtime)','2025-07-03 18:39:56','read',2),(326,16,'Your hourly rates have been updated to R122 (base) and R61 (overtime)','2025-07-03 18:39:56','unread',2),(327,6,'John Doe has missed an overtime shift on 2025/07/03','2025-07-03 22:40:49','unread',4),(328,8,'main man has missed an overtime shift on 2025/07/03','2025-07-03 22:40:49','unread',4),(329,16,'main man has missed an overtime shift on 2025/07/03','2025-07-03 22:40:49','unread',4),(330,6,'John Doe has missed an overtime shift on 2025/07/04','2025-07-04 14:34:23','unread',4),(331,8,'main man has missed an overtime shift on 2025/07/04','2025-07-04 14:34:23','unread',4),(332,9,'main man has missed an overtime shift on 2025/07/04','2025-07-04 14:34:23','unread',4),(333,16,'main man has missed an overtime shift on 2025/07/04','2025-07-04 14:34:23','unread',4),(334,6,'John Doe has missed an overtime shift on 2025/07/04','2025-07-04 15:04:23','unread',4),(335,8,'main man has missed an overtime shift on 2025/07/04','2025-07-04 15:04:23','unread',4),(336,9,'main man has missed an overtime shift on 2025/07/04','2025-07-04 15:04:23','unread',4),(337,16,'main man has missed an overtime shift on 2025/07/04','2025-07-04 15:04:23','unread',4),(338,5,'David Jones has missed an overtime shift on 2025/07/04','2025-07-04 15:10:43','unread',4),(339,6,'John Doe has missed an overtime shift on 2025/07/04','2025-07-04 15:10:43','unread',4),(340,8,'main man has missed an overtime shift on 2025/07/04','2025-07-04 15:10:43','unread',4),(341,9,'main man has missed an overtime shift on 2025/07/04','2025-07-04 15:10:43','unread',4),(342,16,'main man has missed an overtime shift on 2025/07/04','2025-07-04 15:10:43','unread',4),(343,3,'Michael Williams has missed an overtime shift on 2025/07/04','2025-07-04 15:24:55','unread',4),(344,7,'Batin Doe has missed an overtime shift on 2025/07/04','2025-07-04 15:24:55','unread',4),(345,14,'c c has missed an overtime shift on 2025/07/04','2025-07-04 15:24:55','unread',4),(346,16,'main man has missed a normal shift on 2025/07/04','2025-07-04 15:31:01','unread',4),(347,16,'main man has missed a normal shift on 2025/07/04','2025-07-04 15:35:01','unread',4),(348,2,'Sarah Johnson has missed an overtime shift on 2025/07/04','2025-07-04 15:35:32','unread',4),(349,2,'Sarah Johnson has missed a normal shift on 2025/07/04','2025-07-04 15:42:01','unread',4),(350,2,'Sarah Johnson has missed a normal shift on 2025/07/04','2025-07-04 15:45:01','unread',4),(351,2,'Sarah Johnson has missed a normal shift on 2025/07/04','2025-07-04 15:48:01','unread',4),(352,2,'Sarah Johnson has missed a normal shift on 2025/07/04','2025-07-04 15:52:01','unread',4),(353,2,'Sarah Johnson has missed a normal shift on 2025/07/04','2025-07-04 15:55:01','unread',4),(354,2,'Sarah Johnson has missed a normal shift on 2025/07/04','2025-07-04 15:58:41','unread',4),(355,2,'Sarah Johnson has missed an overtime shift on 2025/07/04','2025-07-04 15:59:51','unread',4),(356,2,'Sarah Johnson has missed an overtime shift on 2025/07/04','2025-07-04 15:59:51','unread',4),(357,4,'Emily Brown has missed an overtime shift on 2025/07/04','2025-07-04 16:07:35','unread',4),(358,3,'Michael Williams has missed an overtime shift on 2025/07/04','2025-07-04 16:09:52','unread',4),(359,3,'Michael Williams has missed an overtime shift on 2025/07/04','2025-07-04 16:09:52','unread',4),(360,4,'Emily Brown has missed an overtime shift on 2025/07/04','2025-07-04 16:09:52','unread',4),(361,5,'David Jones has missed an overtime shift on 2025/07/04','2025-07-04 16:09:52','unread',4),(362,7,'Batin Doe has missed an overtime shift on 2025/07/04','2025-07-04 16:09:52','unread',4),(363,7,'Batin Doe has missed an overtime shift on 2025/07/04','2025-07-04 16:09:52','unread',4),(364,14,'c c has missed an overtime shift on 2025/07/04','2025-07-04 16:09:52','unread',4),(365,14,'c c has missed an overtime shift on 2025/07/04','2025-07-04 16:09:52','unread',4),(366,5,'David Jones has missed an overtime shift on 2025/07/04','2025-07-04 16:12:48','unread',4),(367,5,'David Jones has missed an overtime shift on 2025/07/04','2025-07-04 16:12:48','unread',4),(368,5,'David Jones has missed an overtime shift on 2025/07/04','2025-07-04 16:12:48','unread',4),(369,5,'David Jones has missed an overtime shift on 2025/07/04','2025-07-04 16:17:28','unread',4),(370,5,'David Jones has missed an overtime shift on 2025/07/04','2025-07-04 16:17:28','unread',4),(371,4,'Emily Brown has missed an overtime shift on 2025/07/04','2025-07-04 16:18:35','unread',4),(372,5,'David Jones has missed an overtime shift on 2025/07/04','2025-07-04 16:18:35','unread',4),(373,5,'David Jones has missed an overtime shift on 2025/07/04','2025-07-04 16:29:15','unread',4),(374,5,'David Jones has missed an overtime shift on 2025/07/04','2025-07-04 16:29:15','unread',4),(375,3,'Michael Williams has missed an overtime shift on 2025/07/04','2025-07-04 16:34:13','unread',4),(376,4,'Emily Brown has missed an overtime shift on 2025/07/04','2025-07-04 16:34:13','unread',4),(377,7,'Batin Doe has missed an overtime shift on 2025/07/04','2025-07-04 16:34:13','unread',4),(378,14,'c c has missed an overtime shift on 2025/07/04','2025-07-04 16:34:13','unread',4),(379,4,'Emily Brown has missed an overtime shift on 2025/07/04','2025-07-04 16:43:40','unread',4),(380,5,'David Jones has missed an overtime shift on 2025/07/04','2025-07-04 16:45:26','unread',4),(381,2,'Sarah Johnson has missed a normal shift on 2025/07/04','2025-07-04 17:58:01','unread',4),(382,2,'Sarah Johnson has missed a normal shift on 2025/07/04','2025-07-04 18:01:01','unread',4),(383,2,'Sarah Johnson has missed an overtime shift on 2025/07/07','2025-07-07 18:04:12','unread',4),(384,5,'David Jones has missed an overtime shift on 2025/07/07','2025-07-07 18:04:12','unread',4),(385,6,'John Doe has missed an overtime shift on 2025/07/07','2025-07-07 21:24:24','unread',4),(386,6,'John Doe has missed an overtime shift on 2025/07/07','2025-07-07 21:24:24','unread',4),(387,8,'main man has missed an overtime shift on 2025/07/07','2025-07-07 21:24:24','unread',4),(388,8,'main man has missed an overtime shift on 2025/07/07','2025-07-07 21:24:24','unread',4),(389,9,'main man has missed an overtime shift on 2025/07/07','2025-07-07 21:24:24','unread',4),(390,9,'main man has missed an overtime shift on 2025/07/07','2025-07-07 21:24:24','unread',4),(391,16,'main man has missed an overtime shift on 2025/07/07','2025-07-07 21:24:24','unread',4),(392,16,'main man has missed an overtime shift on 2025/07/07','2025-07-07 21:24:24','unread',4),(393,9,'Your clock in for today has been approved.','2025-07-07 21:34:12','unread',4),(394,6,'John Doe has missed an overtime shift on 2025/07/07','2025-07-07 21:49:48','unread',4),(395,8,'main man has missed an overtime shift on 2025/07/07','2025-07-07 21:49:48','unread',4),(396,16,'main man has missed an overtime shift on 2025/07/07','2025-07-07 21:49:48','unread',4),(397,2,'Sarah Johnson has missed an overtime shift on 2025/07/08','2025-07-08 15:42:00','unread',4),(398,3,'Michael Williams has missed an overtime shift on 2025/07/08','2025-07-08 15:44:08','unread',4),(399,5,'David Jones has missed an overtime shift on 2025/07/08','2025-07-08 15:44:08','unread',4),(400,7,'Batin Doe has missed an overtime shift on 2025/07/08','2025-07-08 15:44:08','unread',4),(401,14,'c c has missed an overtime shift on 2025/07/08','2025-07-08 15:44:08','unread',4),(402,6,'John Doe has missed an overtime shift on 2025/07/08','2025-07-08 15:49:03','unread',4),(403,8,'main man has missed an overtime shift on 2025/07/08','2025-07-08 15:49:03','unread',4),(404,9,'main man has missed an overtime shift on 2025/07/08','2025-07-08 15:49:03','unread',4),(405,13,'Yatin Fakir has missed an overtime shift on 2025/07/08','2025-07-08 15:49:03','unread',4),(406,16,'main man has missed an overtime shift on 2025/07/08','2025-07-08 15:49:03','unread',4),(407,2,'Sarah Johnson has missed an overtime shift on 2025/07/08','2025-07-08 15:50:00','unread',4),(408,2,'Sarah Johnson has missed an overtime shift on 2025/07/08','2025-07-08 15:52:46','unread',4),(409,3,'Michael Williams has missed an overtime shift on 2025/07/08','2025-07-08 15:54:07','unread',4),(410,7,'Batin Doe has missed an overtime shift on 2025/07/08','2025-07-08 15:54:07','unread',4),(411,14,'c c has missed an overtime shift on 2025/07/08','2025-07-08 15:54:07','unread',4),(412,3,'Michael Williams has missed an overtime shift on 2025/07/08','2025-07-08 15:55:11','unread',4),(413,7,'Batin Doe has missed an overtime shift on 2025/07/08','2025-07-08 15:55:11','unread',4),(414,14,'c c has missed an overtime shift on 2025/07/08','2025-07-08 15:55:11','unread',4),(415,6,'John Doe has missed an overtime shift on 2025/07/08','2025-07-08 15:56:23','unread',4),(416,8,'main man has missed an overtime shift on 2025/07/08','2025-07-08 15:56:23','unread',4),(417,9,'main man has missed an overtime shift on 2025/07/08','2025-07-08 15:56:23','unread',4),(418,16,'main man has missed an overtime shift on 2025/07/08','2025-07-08 15:56:23','unread',4),(419,5,'David Jones has missed an overtime shift on 2025/07/08','2025-07-08 15:58:22','unread',4),(420,3,'Michael Williams has missed an overtime shift on 2025/07/08','2025-07-08 16:08:13','unread',4),(421,7,'Batin Doe has missed an overtime shift on 2025/07/08','2025-07-08 16:08:13','unread',4),(422,14,'c c has missed an overtime shift on 2025/07/08','2025-07-08 16:08:13','unread',4),(423,3,'Michael Williams has missed an overtime shift on 2025/07/08','2025-07-08 16:09:51','unread',4),(424,7,'Batin Doe has missed an overtime shift on 2025/07/08','2025-07-08 16:09:51','unread',4),(425,14,'c c has missed an overtime shift on 2025/07/08','2025-07-08 16:09:51','unread',4),(426,6,'John Doe has missed an overtime shift on 2025/07/08','2025-07-08 16:11:46','unread',4),(427,8,'main man has missed an overtime shift on 2025/07/08','2025-07-08 16:11:46','unread',4),(428,9,'main man has missed an overtime shift on 2025/07/08','2025-07-08 16:11:46','unread',4),(429,16,'main man has missed an overtime shift on 2025/07/08','2025-07-08 16:11:46','unread',4),(430,3,'Michael Williams has missed an overtime shift on 2025/07/08','2025-07-08 16:54:10','unread',4),(431,5,'David Jones has missed an overtime shift on 2025/07/08','2025-07-08 16:54:10','unread',4),(432,6,'John Doe has missed an overtime shift on 2025/07/08','2025-07-08 16:54:10','unread',4),(433,6,'John Doe has missed an overtime shift on 2025/07/08','2025-07-08 16:54:10','unread',4),(434,6,'John Doe has missed an overtime shift on 2025/07/08','2025-07-08 16:54:10','unread',4),(435,7,'Batin Doe has missed an overtime shift on 2025/07/08','2025-07-08 16:54:10','unread',4),(436,8,'main man has missed an overtime shift on 2025/07/08','2025-07-08 16:54:10','unread',4),(437,8,'main man has missed an overtime shift on 2025/07/08','2025-07-08 16:54:10','unread',4),(438,8,'main man has missed an overtime shift on 2025/07/08','2025-07-08 16:54:10','unread',4),(439,9,'main man has missed an overtime shift on 2025/07/08','2025-07-08 16:54:10','unread',4),(440,9,'main man has missed an overtime shift on 2025/07/08','2025-07-08 16:54:10','unread',4),(441,9,'main man has missed an overtime shift on 2025/07/08','2025-07-08 16:54:10','unread',4),(442,14,'c c has missed an overtime shift on 2025/07/08','2025-07-08 16:54:10','unread',4),(443,16,'main man has missed an overtime shift on 2025/07/08','2025-07-08 16:54:10','unread',4),(444,16,'main man has missed an overtime shift on 2025/07/08','2025-07-08 16:54:10','unread',4),(445,16,'main man has missed an overtime shift on 2025/07/08','2025-07-08 16:54:10','unread',4),(446,4,'Emily Brown has missed an overtime shift on 2025/07/08','2025-07-08 17:02:51','unread',4),(447,4,'Emily Brown has missed an overtime shift on 2025/07/08','2025-07-08 17:02:51','unread',4),(448,16,'main man has missed a normal shift on 2025/07/09','2025-07-09 14:32:01','unread',4),(449,16,'main man has missed a normal shift on 2025/07/09','2025-07-09 14:43:01','unread',4),(450,6,'John Doe has missed an overtime shift on 2025/07/08','2025-07-09 18:59:34','unread',4),(451,8,'main man has missed an overtime shift on 2025/07/08','2025-07-09 18:59:34','unread',4),(452,9,'main man has missed an overtime shift on 2025/07/08','2025-07-09 18:59:34','unread',4),(453,7,'Your hourly rates have been updated to R126 (base) and R23 (overtime)','2025-07-09 20:39:18','unread',2),(454,3,'Your hourly rates have been updated to R125.99 (base) and R23 (overtime)','2025-07-09 20:39:33','unread',2),(455,14,'Your hourly rates have been updated to R125.99 (base) and R23 (overtime)','2025-07-09 20:39:33','unread',2),(456,3,'Your hourly rates have been updated to R126.99 (base) and R23 (overtime)','2025-07-09 20:39:42','unread',2),(457,7,'Your hourly rates have been updated to R126.99 (base) and R23 (overtime)','2025-07-09 20:39:42','unread',2),(458,14,'Your hourly rates have been updated to R126.99 (base) and R23 (overtime)','2025-07-09 20:39:42','unread',2),(459,3,'Michael Williams has missed an overtime shift on 2025/07/09','2025-07-09 20:44:27','unread',4),(460,7,'Batin Doe has missed an overtime shift on 2025/07/09','2025-07-09 20:44:27','unread',4),(461,14,'c c has missed an overtime shift on 2025/07/09','2025-07-09 20:44:27','unread',4),(462,14,'c c has missed a normal shift on 2025/07/09','2025-07-09 20:48:11','unread',4),(463,9,'Your Family Leave request from Tue Jul 01 2025 00:00:00 GMT+0200 (South Africa Standard Time) to Thu Jul 31 2025 00:00:00 GMT+0200 (South Africa Standard Time) has been rejected','2025-07-11 23:21:19','unread',1),(464,4,'Emily Brown has missed an overtime shift on 2025/07/22','2025-07-23 13:25:22','unread',4),(465,2,'Sarah Johnson has missed an overtime shift on 2025/07/23','2025-07-23 13:25:22','unread',4),(466,3,'Michael Williams has missed an overtime shift on 2025/07/23','2025-07-23 13:25:22','unread',4),(467,4,'Emily Brown has missed an overtime shift on 2025/07/23','2025-07-23 13:25:22','unread',4),(468,5,'David Jones has missed an overtime shift on 2025/07/23','2025-07-23 13:25:22','unread',4),(469,6,'John Doe has missed an overtime shift on 2025/07/23','2025-07-23 13:25:22','unread',4),(470,7,'Batin Doe has missed an overtime shift on 2025/07/23','2025-07-23 13:25:22','unread',4),(471,8,'Lionel Pessi has missed an overtime shift on 2025/07/23','2025-07-23 13:25:22','unread',4),(472,9,'Darwin Nunez has missed an overtime shift on 2025/07/23','2025-07-23 13:25:22','unread',4),(473,13,'Yatin Fakir has missed an overtime shift on 2025/07/23','2025-07-23 13:25:22','unread',4),(474,14,'Cristiano Penaldo has missed an overtime shift on 2025/07/23','2025-07-23 13:25:22','unread',4),(475,17,'Declan Rice has missed an overtime shift on 2025/07/23','2025-07-23 13:25:22','read',4),(476,1,'Yatin Fakir has missed an overtime shift on 2025/07/23','2025-07-23 14:16:11','unread',4),(477,17,'Yatin Fakir has missed an overtime shift on 2025/07/23','2025-07-23 14:16:11','read',4),(479,8,'Darwin Nunez has requested a shift swap with you.','2025-07-23 14:59:43','read',5),(480,9,'Lionel Pessi has approved your shift swap request.','2025-07-23 15:04:19','unread',5),(481,9,'Your Sick Leave request from Fri Jul 18 2025 00:00:00 GMT+0200 (South Africa Standard Time) to Fri Jul 25 2025 00:00:00 GMT+0200 (South Africa Standard Time) has been approved','2025-07-23 17:25:29','unread',1),(482,1,'John Doe has missed an overtime shift on 2025/07/23','2025-07-23 18:01:22','unread',4),(483,17,'John Doe has missed an overtime shift on 2025/07/23','2025-07-23 18:01:22','read',4),(485,1,'Lionel Pessi has missed an overtime shift on 2025/07/23','2025-07-23 18:01:22','unread',4),(486,17,'Lionel Pessi has missed an overtime shift on 2025/07/23','2025-07-23 18:01:22','read',4),(488,1,'Darwin Nunez has missed an overtime shift on 2025/07/23','2025-07-23 18:01:22','unread',4),(489,17,'Darwin Nunez has missed an overtime shift on 2025/07/23','2025-07-23 18:01:22','read',4),(494,1,'Michael Williams has missed an overtime shift on 2025/07/23','2025-07-23 18:01:22','unread',4),(495,17,'Michael Williams has missed an overtime shift on 2025/07/23','2025-07-23 18:01:22','read',4),(497,1,'Batin Doe has missed an overtime shift on 2025/07/23','2025-07-23 18:01:22','unread',4),(498,17,'Batin Doe has missed an overtime shift on 2025/07/23','2025-07-23 18:01:22','read',4),(500,1,'Cristiano Penaldo has missed an overtime shift on 2025/07/23','2025-07-23 18:01:22','unread',4),(501,17,'Cristiano Penaldo has missed an overtime shift on 2025/07/23','2025-07-23 18:01:22','read',4),(526,9,'Your clock in for today has been approved.','2025-07-23 18:55:10','read',4),(527,1,'John Doe has missed an overtime shift on 2025/07/23','2025-07-23 19:07:44','unread',4),(528,17,'John Doe has missed an overtime shift on 2025/07/23','2025-07-23 19:07:44','read',4),(530,1,'Lionel Pessi has missed an overtime shift on 2025/07/23','2025-07-23 19:07:44','unread',4),(531,17,'Lionel Pessi has missed an overtime shift on 2025/07/23','2025-07-23 19:07:44','read',4),(533,1,'Declan Rice has missed an overtime shift on 2025/07/23','2025-07-23 19:07:44','unread',4),(534,17,'Declan Rice has missed an overtime shift on 2025/07/23','2025-07-23 19:07:44','read',4),(536,16,'Declan Rice has missed a normal shift on 2025/07/23','2025-07-23 19:18:31','unread',4),(537,8,'Your hourly rates have been updated to R150 (base) and R61.05 (overtime)','2025-07-24 01:39:34','unread',2),(538,6,'Your hourly rates have been updated to R150 (base) and R61 (overtime)','2025-07-24 01:39:50','unread',2),(539,9,'Your hourly rates have been updated to R150 (base) and R61 (overtime)','2025-07-24 01:39:50','unread',2),(540,16,'Your hourly rates have been updated to R150 (base) and R61 (overtime)','2025-07-24 01:39:50','unread',2),(541,6,'Your hourly rates have been updated to R100 (base) and R150 (overtime)','2025-07-24 01:39:50','read',2),(542,18,'Your hourly rates have been updated to R126.99 (base) and R23 (overtime)','2025-07-24 01:39:50','unread',2),(543,6,'Your hourly rates have been updated to R170 (base) and R61.05 (overtime)','2025-07-24 10:53:18','unread',2),(544,6,'Your hourly rates have been updated to R170 (base) and R61 (overtime)','2025-07-24 10:53:30','unread',2),(545,9,'Your hourly rates have been updated to R170 (base) and R61 (overtime)','2025-07-24 10:53:30','unread',2),(546,16,'Your hourly rates have been updated to R170 (base) and R61 (overtime)','2025-07-24 10:53:30','unread',2),(547,8,'Your hourly rates have been updated to R200 (base) and R61.05 (overtime)','2025-07-24 12:11:16','unread',2),(548,6,'Your hourly rates have been updated to R200 (base) and R61 (overtime)','2025-07-24 12:11:38','unread',2),(549,9,'Your hourly rates have been updated to R200 (base) and R61 (overtime)','2025-07-24 12:11:38','unread',2),(550,16,'Your hourly rates have been updated to R200 (base) and R61 (overtime)','2025-07-24 12:11:38','unread',2),(551,9,'Your Family Leave request from Thu Jul 24 2025 00:00:00 GMT+0200 (South Africa Standard Time) to Sat Jul 26 2025 00:00:00 GMT+0200 (South Africa Standard Time) has been rejected','2025-07-24 12:13:49','read',1),(552,9,'Your clock in for today has been approved.','2025-07-24 12:18:00','read',4),(553,8,'Darwin Nunez has requested a shift swap with you.','2025-07-24 12:19:08','unread',5),(554,9,'Your leave request has been approved for 7 days.','2025-07-24 12:20:35','read',1),(555,9,'Lionel Pessi has approved your shift swap request.','2025-07-24 12:21:28','read',5),(556,1,'John Doe has missed an overtime shift on 2025/07/24','2025-07-24 14:16:33','unread',4),(557,17,'John Doe has missed an overtime shift on 2025/07/24','2025-07-24 14:16:33','read',4),(559,1,'Lionel Pessi has missed an overtime shift on 2025/07/24','2025-07-24 14:16:33','unread',4),(560,17,'Lionel Pessi has missed an overtime shift on 2025/07/24','2025-07-24 14:16:33','read',4),(562,1,'Declan Rice has missed an overtime shift on 2025/07/24','2025-07-24 14:16:33','unread',4),(563,17,'Declan Rice has missed an overtime shift on 2025/07/24','2025-07-24 14:16:33','read',4),(565,1,'Batin Doe has missed an overtime shift on 2025/07/24','2025-07-24 14:16:33','unread',4),(566,17,'Batin Doe has missed an overtime shift on 2025/07/24','2025-07-24 14:16:33','read',4),(568,1,'Cristiano Penaldo has missed an overtime shift on 2025/07/24','2025-07-24 14:16:33','unread',4),(569,17,'Cristiano Penaldo has missed an overtime shift on 2025/07/24','2025-07-24 14:16:33','read',4),(571,1,'Busi Lusi has missed an overtime shift on 2025/07/24','2025-07-24 14:16:33','unread',4),(572,17,'Busi Lusi has missed an overtime shift on 2025/07/24','2025-07-24 14:16:33','read',4),(574,1,'John Doe has missed an overtime shift on 2025/07/24','2025-07-24 14:16:33','unread',4),(575,17,'John Doe has missed an overtime shift on 2025/07/24','2025-07-24 14:16:33','read',4),(577,1,'Lionel Pessi has missed an overtime shift on 2025/07/24','2025-07-24 14:16:33','unread',4),(578,17,'Lionel Pessi has missed an overtime shift on 2025/07/24','2025-07-24 14:16:33','read',4),(580,1,'Darwin Nunez has missed an overtime shift on 2025/07/24','2025-07-24 14:16:33','unread',4),(581,17,'Darwin Nunez has missed an overtime shift on 2025/07/24','2025-07-24 14:16:33','read',4),(583,1,'Declan Rice has missed an overtime shift on 2025/07/24','2025-07-24 14:16:33','unread',4),(584,17,'Declan Rice has missed an overtime shift on 2025/07/24','2025-07-24 14:16:33','read',4),(586,1,'Batin Doe has missed an overtime shift on 2025/07/24','2025-07-24 14:16:33','unread',4),(587,17,'Batin Doe has missed an overtime shift on 2025/07/24','2025-07-24 14:16:33','read',4),(589,1,'Cristiano Penaldo has missed an overtime shift on 2025/07/24','2025-07-24 14:16:33','unread',4),(590,17,'Cristiano Penaldo has missed an overtime shift on 2025/07/24','2025-07-24 14:16:33','read',4),(592,1,'Busi Lusi has missed an overtime shift on 2025/07/24','2025-07-24 14:16:33','unread',4),(593,17,'Busi Lusi has missed an overtime shift on 2025/07/24','2025-07-24 14:16:33','read',4),(594,1,'John Doe has missed an overtime shift on 2025/07/29','2025-07-29 22:45:07','unread',4),(595,17,'John Doe has missed an overtime shift on 2025/07/29','2025-07-29 22:45:07','read',4),(597,1,'Lionel Pessi has missed an overtime shift on 2025/07/29','2025-07-29 22:45:07','unread',4),(598,17,'Lionel Pessi has missed an overtime shift on 2025/07/29','2025-07-29 22:45:07','read',4),(600,1,'Declan Rice has missed an overtime shift on 2025/07/29','2025-07-29 22:45:07','unread',4),(601,17,'Declan Rice has missed an overtime shift on 2025/07/29','2025-07-29 22:45:07','read',4),(603,1,'John Doe has missed an overtime shift on 2025/07/29','2025-07-29 22:45:07','unread',4),(604,17,'John Doe has missed an overtime shift on 2025/07/29','2025-07-29 22:45:07','read',4),(606,1,'Lionel Pessi has missed an overtime shift on 2025/07/29','2025-07-29 22:45:07','unread',4),(607,17,'Lionel Pessi has missed an overtime shift on 2025/07/29','2025-07-29 22:45:07','read',4),(609,1,'Declan Rice has missed an overtime shift on 2025/07/29','2025-07-29 22:45:07','unread',4),(610,17,'Declan Rice has missed an overtime shift on 2025/07/29','2025-07-29 22:45:07','read',4),(612,1,'John Smith has missed an overtime shift on 2025/07/29','2025-07-29 22:45:07','unread',4),(613,17,'John Smith has missed an overtime shift on 2025/07/29','2025-07-29 22:45:07','read',4),(615,1,'Shayzaad Kallan has missed an overtime shift on 2025/07/29','2025-07-29 22:45:07','unread',4),(616,17,'Shayzaad Kallan has missed an overtime shift on 2025/07/29','2025-07-29 22:45:07','read',4),(618,1,'John Doe has missed an overtime shift on 2025/07/29','2025-07-29 23:02:02','unread',4),(619,17,'John Doe has missed an overtime shift on 2025/07/29','2025-07-29 23:02:02','read',4),(621,1,'Lionel Pessi has missed an overtime shift on 2025/07/29','2025-07-29 23:02:02','unread',4),(622,17,'Lionel Pessi has missed an overtime shift on 2025/07/29','2025-07-29 23:02:02','read',4),(624,1,'Declan Rice has missed an overtime shift on 2025/07/29','2025-07-29 23:02:02','unread',4),(625,17,'Declan Rice has missed an overtime shift on 2025/07/29','2025-07-29 23:02:02','read',4),(627,1,'Batin Doe has missed an overtime shift on 2025/07/29','2025-07-29 23:02:02','unread',4),(628,17,'Batin Doe has missed an overtime shift on 2025/07/29','2025-07-29 23:02:02','read',4),(630,1,'Cristiano Penaldo has missed an overtime shift on 2025/07/29','2025-07-29 23:02:02','unread',4),(631,17,'Cristiano Penaldo has missed an overtime shift on 2025/07/29','2025-07-29 23:02:02','read',4),(633,1,'Busi Lusi has missed an overtime shift on 2025/07/29','2025-07-29 23:02:02','unread',4),(634,17,'Busi Lusi has missed an overtime shift on 2025/07/29','2025-07-29 23:02:02','read',4),(636,1,'Emily Brown has missed an overtime shift on 2025/07/29','2025-07-29 23:09:41','unread',4),(637,17,'Emily Brown has missed an overtime shift on 2025/07/29','2025-07-29 23:09:41','read',4),(639,1,'David Jones has missed an overtime shift on 2025/07/29','2025-07-29 23:10:55','unread',4),(640,17,'David Jones has missed an overtime shift on 2025/07/29','2025-07-29 23:10:55','read',4),(642,1,'John Doe has missed an overtime shift on 2025/07/29','2025-07-29 23:13:29','unread',4),(643,17,'John Doe has missed an overtime shift on 2025/07/29','2025-07-29 23:13:29','read',4),(645,1,'Lionel Pessi has missed an overtime shift on 2025/07/29','2025-07-29 23:13:29','unread',4),(646,17,'Lionel Pessi has missed an overtime shift on 2025/07/29','2025-07-29 23:13:29','read',4),(648,1,'Yatin Fakir has missed an overtime shift on 2025/07/29','2025-07-29 23:13:29','unread',4),(649,17,'Yatin Fakir has missed an overtime shift on 2025/07/29','2025-07-29 23:13:29','read',4),(651,1,'Declan Rice has missed an overtime shift on 2025/07/29','2025-07-29 23:13:29','unread',4),(652,17,'Declan Rice has missed an overtime shift on 2025/07/29','2025-07-29 23:13:29','read',4),(654,1,'John Doe has missed an overtime shift on 2025/07/29','2025-07-29 23:14:24','unread',4),(655,17,'John Doe has missed an overtime shift on 2025/07/29','2025-07-29 23:14:24','read',4),(657,1,'Lionel Pessi has missed an overtime shift on 2025/07/29','2025-07-29 23:14:24','unread',4),(658,17,'Lionel Pessi has missed an overtime shift on 2025/07/29','2025-07-29 23:14:24','read',4),(660,1,'Declan Rice has missed an overtime shift on 2025/07/29','2025-07-29 23:14:24','unread',4),(661,17,'Declan Rice has missed an overtime shift on 2025/07/29','2025-07-29 23:14:24','read',4),(663,1,'Emily Brown has missed an overtime shift on 2025/07/29','2025-07-29 23:15:16','unread',4),(664,17,'Emily Brown has missed an overtime shift on 2025/07/29','2025-07-29 23:15:16','read',4),(666,1,'David Jones has missed an overtime shift on 2025/07/29','2025-07-29 23:18:19','unread',4),(667,17,'David Jones has missed an overtime shift on 2025/07/29','2025-07-29 23:18:19','read',4),(669,1,'Yatin Fakir has missed an overtime shift on 2025/07/29','2025-07-29 23:18:19','unread',4),(670,17,'Yatin Fakir has missed an overtime shift on 2025/07/29','2025-07-29 23:18:19','read',4),(672,1,'Sarah Johnson has missed an overtime shift on 2025/07/29','2025-07-29 23:18:53','unread',4),(673,17,'Sarah Johnson has missed an overtime shift on 2025/07/29','2025-07-29 23:18:53','read',4),(675,1,'David Jones has missed an overtime shift on 2025/07/29','2025-07-29 23:19:25','unread',4),(676,17,'David Jones has missed an overtime shift on 2025/07/29','2025-07-29 23:19:25','read',4),(678,1,'David Jones has missed an overtime shift on 2025/07/29','2025-07-29 23:20:04','unread',4),(679,17,'David Jones has missed an overtime shift on 2025/07/29','2025-07-29 23:20:04','read',4),(681,1,'John Doe has missed an overtime shift on 2025/07/29','2025-07-29 23:20:29','unread',4),(682,17,'John Doe has missed an overtime shift on 2025/07/29','2025-07-29 23:20:29','read',4),(684,1,'Lionel Pessi has missed an overtime shift on 2025/07/29','2025-07-29 23:20:29','unread',4),(685,17,'Lionel Pessi has missed an overtime shift on 2025/07/29','2025-07-29 23:20:29','read',4),(687,1,'Declan Rice has missed an overtime shift on 2025/07/29','2025-07-29 23:20:29','unread',4),(688,17,'Declan Rice has missed an overtime shift on 2025/07/29','2025-07-29 23:20:29','read',4),(690,1,'Emily Brown has missed an overtime shift on 2025/07/29','2025-07-29 23:21:13','unread',4),(691,17,'Emily Brown has missed an overtime shift on 2025/07/29','2025-07-29 23:21:13','read',4),(693,1,'John Doe has missed an overtime shift on 2025/07/29','2025-07-29 23:21:13','unread',4),(694,17,'John Doe has missed an overtime shift on 2025/07/29','2025-07-29 23:21:13','read',4),(696,1,'Lionel Pessi has missed an overtime shift on 2025/07/29','2025-07-29 23:21:13','unread',4),(697,17,'Lionel Pessi has missed an overtime shift on 2025/07/29','2025-07-29 23:21:13','read',4),(699,1,'Declan Rice has missed an overtime shift on 2025/07/29','2025-07-29 23:21:13','unread',4),(700,17,'Declan Rice has missed an overtime shift on 2025/07/29','2025-07-29 23:21:13','read',4),(702,1,'Batin Doe has missed an overtime shift on 2025/07/29','2025-07-29 23:21:36','unread',4),(703,17,'Batin Doe has missed an overtime shift on 2025/07/29','2025-07-29 23:21:36','read',4),(705,1,'Cristiano Penaldo has missed an overtime shift on 2025/07/29','2025-07-29 23:21:36','unread',4),(706,17,'Cristiano Penaldo has missed an overtime shift on 2025/07/29','2025-07-29 23:21:36','read',4),(708,1,'Busi Lusi has missed an overtime shift on 2025/07/29','2025-07-29 23:21:36','unread',4),(709,17,'Busi Lusi has missed an overtime shift on 2025/07/29','2025-07-29 23:21:36','read',4),(711,1,'Emily Brown has missed an overtime shift on 2025/07/29','2025-07-29 23:23:30','unread',4),(712,17,'Emily Brown has missed an overtime shift on 2025/07/29','2025-07-29 23:23:30','read',4),(714,1,'David Jones has missed an overtime shift on 2025/07/29','2025-07-29 23:23:30','unread',4),(715,17,'David Jones has missed an overtime shift on 2025/07/29','2025-07-29 23:23:30','read',4),(717,1,'David Jones has missed an overtime shift on 2025/07/29','2025-07-29 23:23:30','unread',4),(718,17,'David Jones has missed an overtime shift on 2025/07/29','2025-07-29 23:23:30','read',4),(720,1,'David Jones has missed an overtime shift on 2025/07/29','2025-07-29 23:23:30','unread',4),(721,17,'David Jones has missed an overtime shift on 2025/07/29','2025-07-29 23:23:30','read',4),(723,1,'Emily Brown has missed an overtime shift on 2025/07/29','2025-07-29 23:24:11','unread',4),(724,17,'Emily Brown has missed an overtime shift on 2025/07/29','2025-07-29 23:24:11','read',4),(726,1,'Sarah Johnson has missed an overtime shift on 2025/07/29','2025-07-29 23:26:26','unread',4),(727,17,'Sarah Johnson has missed an overtime shift on 2025/07/29','2025-07-29 23:26:26','read',4),(729,1,'Yatin Fakir has missed an overtime shift on 2025/07/29','2025-07-29 23:26:26','unread',4),(730,17,'Yatin Fakir has missed an overtime shift on 2025/07/29','2025-07-29 23:26:26','read',4),(732,1,'Batin Doe has missed an overtime shift on 2025/07/29','2025-07-29 23:28:05','unread',4),(733,17,'Batin Doe has missed an overtime shift on 2025/07/29','2025-07-29 23:28:05','read',4),(735,1,'Yatin Fakir has missed an overtime shift on 2025/07/29','2025-07-29 23:28:05','unread',4),(736,17,'Yatin Fakir has missed an overtime shift on 2025/07/29','2025-07-29 23:28:05','read',4),(738,1,'Cristiano Penaldo has missed an overtime shift on 2025/07/29','2025-07-29 23:28:05','unread',4),(739,17,'Cristiano Penaldo has missed an overtime shift on 2025/07/29','2025-07-29 23:28:05','read',4),(741,1,'Busi Lusi has missed an overtime shift on 2025/07/29','2025-07-29 23:28:05','unread',4),(742,17,'Busi Lusi has missed an overtime shift on 2025/07/29','2025-07-29 23:28:05','read',4),(744,1,'Emily Brown has missed an overtime shift on 2025/07/29','2025-07-29 23:28:53','unread',4),(745,17,'Emily Brown has missed an overtime shift on 2025/07/29','2025-07-29 23:28:53','read',4),(747,1,'Yatin Fakir has missed an overtime shift on 2025/07/29','2025-07-29 23:28:53','unread',4),(748,17,'Yatin Fakir has missed an overtime shift on 2025/07/29','2025-07-29 23:28:53','read',4),(749,1,'Emily Brown has missed an overtime shift on 2025/07/29','2025-07-30 11:02:16','unread',4),(750,17,'Emily Brown has missed an overtime shift on 2025/07/29','2025-07-30 11:02:16','read',4),(752,1,'Emily Brown has missed an overtime shift on 2025/07/29','2025-07-30 11:02:17','unread',4),(753,17,'Emily Brown has missed an overtime shift on 2025/07/29','2025-07-30 11:02:17','read',4),(755,1,'David Jones has missed an overtime shift on 2025/07/29','2025-07-30 11:02:17','unread',4),(756,17,'David Jones has missed an overtime shift on 2025/07/29','2025-07-30 11:02:17','read',4),(758,1,'David Jones has missed an overtime shift on 2025/07/29','2025-07-30 11:02:17','unread',4),(759,17,'David Jones has missed an overtime shift on 2025/07/29','2025-07-30 11:02:17','read',4),(761,1,'John Doe has missed an overtime shift on 2025/07/29','2025-07-30 11:02:17','unread',4),(762,17,'John Doe has missed an overtime shift on 2025/07/29','2025-07-30 11:02:17','read',4),(764,1,'John Doe has missed an overtime shift on 2025/07/29','2025-07-30 11:02:17','unread',4),(765,17,'John Doe has missed an overtime shift on 2025/07/29','2025-07-30 11:02:17','read',4),(767,1,'John Doe has missed an overtime shift on 2025/07/29','2025-07-30 11:02:17','unread',4),(768,17,'John Doe has missed an overtime shift on 2025/07/29','2025-07-30 11:02:17','read',4),(770,1,'Batin Doe has missed an overtime shift on 2025/07/29','2025-07-30 11:02:17','unread',4),(771,17,'Batin Doe has missed an overtime shift on 2025/07/29','2025-07-30 11:02:17','read',4),(773,1,'Batin Doe has missed an overtime shift on 2025/07/29','2025-07-30 11:02:17','unread',4),(774,17,'Batin Doe has missed an overtime shift on 2025/07/29','2025-07-30 11:02:17','read',4),(776,1,'Lionel Pessi has missed an overtime shift on 2025/07/29','2025-07-30 11:02:17','unread',4),(777,17,'Lionel Pessi has missed an overtime shift on 2025/07/29','2025-07-30 11:02:17','read',4),(779,1,'Lionel Pessi has missed an overtime shift on 2025/07/29','2025-07-30 11:02:17','unread',4),(780,17,'Lionel Pessi has missed an overtime shift on 2025/07/29','2025-07-30 11:02:17','read',4),(782,1,'Lionel Pessi has missed an overtime shift on 2025/07/29','2025-07-30 11:02:17','unread',4),(783,17,'Lionel Pessi has missed an overtime shift on 2025/07/29','2025-07-30 11:02:17','read',4),(785,1,'Yatin Fakir has missed an overtime shift on 2025/07/29','2025-07-30 11:02:17','unread',4),(786,17,'Yatin Fakir has missed an overtime shift on 2025/07/29','2025-07-30 11:02:17','read',4),(788,1,'Cristiano Penaldo has missed an overtime shift on 2025/07/29','2025-07-30 11:02:17','unread',4),(789,17,'Cristiano Penaldo has missed an overtime shift on 2025/07/29','2025-07-30 11:02:17','read',4),(791,1,'Cristiano Penaldo has missed an overtime shift on 2025/07/29','2025-07-30 11:02:17','unread',4),(792,17,'Cristiano Penaldo has missed an overtime shift on 2025/07/29','2025-07-30 11:02:17','read',4),(794,1,'Declan Rice has missed an overtime shift on 2025/07/29','2025-07-30 11:02:17','unread',4),(795,17,'Declan Rice has missed an overtime shift on 2025/07/29','2025-07-30 11:02:17','read',4),(797,1,'Declan Rice has missed an overtime shift on 2025/07/29','2025-07-30 11:02:17','unread',4),(798,17,'Declan Rice has missed an overtime shift on 2025/07/29','2025-07-30 11:02:17','read',4),(800,1,'Declan Rice has missed an overtime shift on 2025/07/29','2025-07-30 11:02:17','unread',4),(801,17,'Declan Rice has missed an overtime shift on 2025/07/29','2025-07-30 11:02:17','read',4),(803,1,'Busi Lusi has missed an overtime shift on 2025/07/29','2025-07-30 11:02:17','unread',4),(804,17,'Busi Lusi has missed an overtime shift on 2025/07/29','2025-07-30 11:02:17','read',4),(806,1,'Busi Lusi has missed an overtime shift on 2025/07/29','2025-07-30 11:02:17','unread',4),(807,17,'Busi Lusi has missed an overtime shift on 2025/07/29','2025-07-30 11:02:17','read',4),(809,1,'David Jones has missed an overtime shift on 2025/07/30','2025-07-30 11:15:49','unread',4),(810,17,'David Jones has missed an overtime shift on 2025/07/30','2025-07-30 11:15:49','read',4),(812,1,'Batin Doe has missed an overtime shift on 2025/07/30','2025-07-30 11:15:49','unread',4),(813,17,'Batin Doe has missed an overtime shift on 2025/07/30','2025-07-30 11:15:49','read',4),(815,1,'Batin Doe has missed an overtime shift on 2025/07/30','2025-07-30 11:15:49','unread',4),(816,17,'Batin Doe has missed an overtime shift on 2025/07/30','2025-07-30 11:15:49','read',4),(818,1,'Cristiano Penaldo has missed an overtime shift on 2025/07/30','2025-07-30 11:15:49','unread',4),(819,17,'Cristiano Penaldo has missed an overtime shift on 2025/07/30','2025-07-30 11:15:49','read',4),(821,1,'Cristiano Penaldo has missed an overtime shift on 2025/07/30','2025-07-30 11:15:49','unread',4),(822,17,'Cristiano Penaldo has missed an overtime shift on 2025/07/30','2025-07-30 11:15:49','read',4),(824,1,'Busi Lusi has missed an overtime shift on 2025/07/30','2025-07-30 11:15:49','unread',4),(825,17,'Busi Lusi has missed an overtime shift on 2025/07/30','2025-07-30 11:15:49','read',4),(827,1,'Busi Lusi has missed an overtime shift on 2025/07/30','2025-07-30 11:15:49','unread',4),(828,17,'Busi Lusi has missed an overtime shift on 2025/07/30','2025-07-30 11:15:49','read',4),(830,1,'David Jones has missed an overtime shift on 2025/07/30','2025-07-30 11:21:40','unread',4),(831,17,'David Jones has missed an overtime shift on 2025/07/30','2025-07-30 11:21:40','read',4),(833,9,'Your leave request has been approved for 9 days.','2025-07-30 12:05:42','read',1),(834,1,'Emily Brown has missed an overtime shift on 2025/07/30','2025-07-30 13:11:01','unread',4),(835,17,'Emily Brown has missed an overtime shift on 2025/07/30','2025-07-30 13:11:01','read',4),(837,1,'David Jones has missed an overtime shift on 2025/07/30','2025-07-30 13:11:01','unread',4),(838,17,'David Jones has missed an overtime shift on 2025/07/30','2025-07-30 13:11:01','read',4),(840,1,'David Jones has missed an overtime shift on 2025/07/30','2025-07-30 13:11:01','unread',4),(841,17,'David Jones has missed an overtime shift on 2025/07/30','2025-07-30 13:11:01','read',4),(843,1,'David Jones has missed an overtime shift on 2025/07/30','2025-07-30 13:11:01','unread',4),(844,17,'David Jones has missed an overtime shift on 2025/07/30','2025-07-30 13:11:01','read',4),(846,1,'David Jones has missed an overtime shift on 2025/07/30','2025-07-30 13:11:01','unread',4),(847,17,'David Jones has missed an overtime shift on 2025/07/30','2025-07-30 13:11:01','read',4),(849,1,'John Doe has missed an overtime shift on 2025/07/30','2025-07-30 13:11:01','unread',4),(850,17,'John Doe has missed an overtime shift on 2025/07/30','2025-07-30 13:11:01','read',4),(852,1,'Lionel Pessi has missed an overtime shift on 2025/07/30','2025-07-30 13:11:01','unread',4),(853,17,'Lionel Pessi has missed an overtime shift on 2025/07/30','2025-07-30 13:11:01','read',4),(855,1,'Declan Rice has missed an overtime shift on 2025/07/30','2025-07-30 13:11:01','unread',4),(856,17,'Declan Rice has missed an overtime shift on 2025/07/30','2025-07-30 13:11:01','read',4),(858,1,'Batin Doe has missed an overtime shift on 2025/07/30','2025-07-30 13:18:00','unread',4),(859,17,'Batin Doe has missed an overtime shift on 2025/07/30','2025-07-30 13:18:00','read',4),(861,1,'Batin Doe has missed an overtime shift on 2025/07/30','2025-07-30 13:18:00','unread',4),(862,17,'Batin Doe has missed an overtime shift on 2025/07/30','2025-07-30 13:18:00','read',4),(864,1,'Batin Doe has missed an overtime shift on 2025/07/30','2025-07-30 13:18:00','unread',4),(865,17,'Batin Doe has missed an overtime shift on 2025/07/30','2025-07-30 13:18:00','read',4),(867,1,'Batin Doe has missed an overtime shift on 2025/07/30','2025-07-30 13:18:00','unread',4),(868,17,'Batin Doe has missed an overtime shift on 2025/07/30','2025-07-30 13:18:00','read',4),(870,1,'Cristiano Penaldo has missed an overtime shift on 2025/07/30','2025-07-30 13:18:00','unread',4),(871,17,'Cristiano Penaldo has missed an overtime shift on 2025/07/30','2025-07-30 13:18:00','read',4),(873,1,'Cristiano Penaldo has missed an overtime shift on 2025/07/30','2025-07-30 13:18:00','unread',4),(874,17,'Cristiano Penaldo has missed an overtime shift on 2025/07/30','2025-07-30 13:18:00','read',4),(876,1,'Cristiano Penaldo has missed an overtime shift on 2025/07/30','2025-07-30 13:18:00','unread',4),(877,17,'Cristiano Penaldo has missed an overtime shift on 2025/07/30','2025-07-30 13:18:00','read',4),(879,1,'Cristiano Penaldo has missed an overtime shift on 2025/07/30','2025-07-30 13:18:00','unread',4),(880,17,'Cristiano Penaldo has missed an overtime shift on 2025/07/30','2025-07-30 13:18:00','read',4),(882,1,'Busi Lusi has missed an overtime shift on 2025/07/30','2025-07-30 13:18:00','unread',4),(883,17,'Busi Lusi has missed an overtime shift on 2025/07/30','2025-07-30 13:18:00','read',4),(885,1,'Busi Lusi has missed an overtime shift on 2025/07/30','2025-07-30 13:18:00','unread',4),(886,17,'Busi Lusi has missed an overtime shift on 2025/07/30','2025-07-30 13:18:00','read',4),(888,1,'Busi Lusi has missed an overtime shift on 2025/07/30','2025-07-30 13:18:00','unread',4),(889,17,'Busi Lusi has missed an overtime shift on 2025/07/30','2025-07-30 13:18:00','read',4),(891,1,'Busi Lusi has missed an overtime shift on 2025/07/30','2025-07-30 13:18:00','unread',4),(892,17,'Busi Lusi has missed an overtime shift on 2025/07/30','2025-07-30 13:18:00','read',4),(894,1,'Emily Brown has missed an overtime shift on 2025/07/30','2025-07-30 13:19:29','unread',4),(895,17,'Emily Brown has missed an overtime shift on 2025/07/30','2025-07-30 13:19:29','read',4),(897,1,'Emily Brown has missed an overtime shift on 2025/07/30','2025-07-30 13:19:29','unread',4),(898,17,'Emily Brown has missed an overtime shift on 2025/07/30','2025-07-30 13:19:29','read',4),(900,1,'Batin Doe has missed an overtime shift on 2025/07/30','2025-07-30 13:36:59','unread',4),(901,17,'Batin Doe has missed an overtime shift on 2025/07/30','2025-07-30 13:36:59','read',4),(903,1,'Cristiano Penaldo has missed an overtime shift on 2025/07/30','2025-07-30 13:36:59','unread',4),(904,17,'Cristiano Penaldo has missed an overtime shift on 2025/07/30','2025-07-30 13:36:59','read',4),(906,1,'Busi Lusi has missed an overtime shift on 2025/07/30','2025-07-30 13:36:59','unread',4),(907,17,'Busi Lusi has missed an overtime shift on 2025/07/30','2025-07-30 13:36:59','read',4),(909,1,'Batin Doe has missed an overtime shift on 2025/07/30','2025-07-30 13:37:27','unread',4),(910,17,'Batin Doe has missed an overtime shift on 2025/07/30','2025-07-30 13:37:27','read',4),(912,1,'Batin Doe has missed an overtime shift on 2025/07/30','2025-07-30 13:37:27','unread',4),(913,17,'Batin Doe has missed an overtime shift on 2025/07/30','2025-07-30 13:37:27','read',4),(915,1,'Yatin Fakir has missed an overtime shift on 2025/07/30','2025-07-30 13:37:27','unread',4),(916,17,'Yatin Fakir has missed an overtime shift on 2025/07/30','2025-07-30 13:37:27','read',4),(918,1,'Cristiano Penaldo has missed an overtime shift on 2025/07/30','2025-07-30 13:37:27','unread',4),(919,17,'Cristiano Penaldo has missed an overtime shift on 2025/07/30','2025-07-30 13:37:27','read',4),(921,1,'Cristiano Penaldo has missed an overtime shift on 2025/07/30','2025-07-30 13:37:27','unread',4),(922,17,'Cristiano Penaldo has missed an overtime shift on 2025/07/30','2025-07-30 13:37:27','read',4),(924,1,'Busi Lusi has missed an overtime shift on 2025/07/30','2025-07-30 13:37:27','unread',4),(925,17,'Busi Lusi has missed an overtime shift on 2025/07/30','2025-07-30 13:37:27','read',4),(927,1,'Busi Lusi has missed an overtime shift on 2025/07/30','2025-07-30 13:37:27','unread',4),(928,17,'Busi Lusi has missed an overtime shift on 2025/07/30','2025-07-30 13:37:27','read',4),(930,1,'David Jones has missed an overtime shift on 2025/07/30','2025-07-30 13:39:01','unread',4),(931,17,'David Jones has missed an overtime shift on 2025/07/30','2025-07-30 13:39:01','read',4),(933,1,'Batin Doe has missed an overtime shift on 2025/07/30','2025-07-30 14:37:15','unread',4),(934,17,'Batin Doe has missed an overtime shift on 2025/07/30','2025-07-30 14:37:15','read',4),(936,1,'Batin Doe has missed an overtime shift on 2025/07/30','2025-07-30 14:37:15','unread',4),(937,17,'Batin Doe has missed an overtime shift on 2025/07/30','2025-07-30 14:37:15','read',4),(939,1,'Cristiano Penaldo has missed an overtime shift on 2025/07/30','2025-07-30 14:37:15','unread',4),(940,17,'Cristiano Penaldo has missed an overtime shift on 2025/07/30','2025-07-30 14:37:15','read',4),(942,1,'Cristiano Penaldo has missed an overtime shift on 2025/07/30','2025-07-30 14:37:15','unread',4),(943,17,'Cristiano Penaldo has missed an overtime shift on 2025/07/30','2025-07-30 14:37:15','read',4),(945,1,'Busi Lusi has missed an overtime shift on 2025/07/30','2025-07-30 14:37:15','unread',4),(946,17,'Busi Lusi has missed an overtime shift on 2025/07/30','2025-07-30 14:37:15','read',4),(948,1,'Busi Lusi has missed an overtime shift on 2025/07/30','2025-07-30 14:37:15','unread',4),(949,17,'Busi Lusi has missed an overtime shift on 2025/07/30','2025-07-30 14:37:15','read',4),(950,1,'Sarah Johnson has missed an overtime shift on 2025/07/30','2025-07-30 21:07:54','unread',4),(951,17,'Sarah Johnson has missed an overtime shift on 2025/07/30','2025-07-30 21:07:54','read',4),(953,1,'John Doe has missed an overtime shift on 2025/07/30','2025-07-30 21:07:54','unread',4),(954,17,'John Doe has missed an overtime shift on 2025/07/30','2025-07-30 21:07:54','read',4),(956,1,'John Doe has missed an overtime shift on 2025/07/30','2025-07-30 21:07:54','unread',4),(957,17,'John Doe has missed an overtime shift on 2025/07/30','2025-07-30 21:07:54','read',4),(959,1,'Lionel Pessi has missed an overtime shift on 2025/07/30','2025-07-30 21:07:54','unread',4),(960,17,'Lionel Pessi has missed an overtime shift on 2025/07/30','2025-07-30 21:07:54','read',4),(962,1,'Lionel Pessi has missed an overtime shift on 2025/07/30','2025-07-30 21:07:54','unread',4),(963,17,'Lionel Pessi has missed an overtime shift on 2025/07/30','2025-07-30 21:07:54','read',4),(965,1,'Yatin Fakir has missed an overtime shift on 2025/07/30','2025-07-30 21:07:54','unread',4),(966,17,'Yatin Fakir has missed an overtime shift on 2025/07/30','2025-07-30 21:07:54','read',4),(968,1,'Declan Rice has missed an overtime shift on 2025/07/30','2025-07-30 21:07:54','unread',4),(969,17,'Declan Rice has missed an overtime shift on 2025/07/30','2025-07-30 21:07:54','read',4),(971,1,'Declan Rice has missed an overtime shift on 2025/07/30','2025-07-30 21:07:54','unread',4),(972,17,'Declan Rice has missed an overtime shift on 2025/07/30','2025-07-30 21:07:54','read',4),(974,1,'Sarah Johnson has missed an overtime shift on 2025/08/04','2025-08-04 21:25:13','unread',4),(975,17,'Sarah Johnson has missed an overtime shift on 2025/08/04','2025-08-04 21:25:13','read',4),(977,1,'Emily Brown has missed an overtime shift on 2025/08/04','2025-08-04 21:25:13','unread',4),(978,17,'Emily Brown has missed an overtime shift on 2025/08/04','2025-08-04 21:25:13','read',4),(980,1,'David Jones has missed an overtime shift on 2025/08/04','2025-08-04 21:25:13','unread',4),(981,17,'David Jones has missed an overtime shift on 2025/08/04','2025-08-04 21:25:13','read',4),(983,1,'John Doe has missed an overtime shift on 2025/08/04','2025-08-04 21:25:13','unread',4),(984,17,'John Doe has missed an overtime shift on 2025/08/04','2025-08-04 21:25:13','read',4),(986,1,'Batin Doe has missed an overtime shift on 2025/08/04','2025-08-04 21:25:13','unread',4),(987,17,'Batin Doe has missed an overtime shift on 2025/08/04','2025-08-04 21:25:13','read',4),(989,1,'Lionel Pessi has missed an overtime shift on 2025/08/04','2025-08-04 21:25:13','unread',4),(990,17,'Lionel Pessi has missed an overtime shift on 2025/08/04','2025-08-04 21:25:13','read',4),(992,1,'Yatin Fakir has missed an overtime shift on 2025/08/04','2025-08-04 21:25:13','unread',4),(993,17,'Yatin Fakir has missed an overtime shift on 2025/08/04','2025-08-04 21:25:13','read',4),(995,1,'Cristiano Penaldo has missed an overtime shift on 2025/08/04','2025-08-04 21:25:13','unread',4),(996,17,'Cristiano Penaldo has missed an overtime shift on 2025/08/04','2025-08-04 21:25:13','read',4),(998,1,'Declan Rice has missed an overtime shift on 2025/08/04','2025-08-04 21:25:13','unread',4),(999,17,'Declan Rice has missed an overtime shift on 2025/08/04','2025-08-04 21:25:13','read',4),(1001,1,'Busi Lusi has missed an overtime shift on 2025/08/04','2025-08-04 21:25:13','unread',4),(1002,17,'Busi Lusi has missed an overtime shift on 2025/08/04','2025-08-04 21:25:13','read',4),(1004,8,'Darwin Nunez has requested a shift swap with you.','2025-08-05 17:54:30','read',5),(1005,9,'Lionel Pessi has approved your shift swap request.','2025-08-05 17:56:21','unread',5),(1006,9,'Your Family Leave request from Tue Aug 12 2025 00:00:00 GMT+0200 (South Africa Standard Time) to Fri Aug 15 2025 00:00:00 GMT+0200 (South Africa Standard Time) has been rejected','2025-08-05 21:01:11','unread',1),(1007,9,'Your Annual Leave request from Tue Aug 05 2025 00:00:00 GMT+0200 (South Africa Standard Time) to Thu Aug 07 2025 00:00:00 GMT+0200 (South Africa Standard Time) has been rejected','2025-08-05 21:01:14','unread',1),(1008,8,'Your hourly rates have been updated to R100 (base) and R61.05 (overtime)','2025-08-06 12:55:24','unread',2),(1009,9,'Your hourly rates have been updated to R100 (base) and R61.05 (overtime)','2025-08-06 12:57:02','unread',2),(1010,16,'Your hourly rates have been updated to R100 (base) and R61.05 (overtime)','2025-08-06 12:57:02','unread',2),(1011,6,'Your hourly rates have been updated to R100 (base) and R61.05 (overtime)','2025-08-06 12:57:02','unread',2),(1012,8,'Your hourly rates have been updated to R150 (base) and R61.05 (overtime)','2025-08-06 14:12:12','read',2),(1013,6,'Your hourly rates have been updated to R150 (base) and R61 (overtime)','2025-08-06 14:12:35','unread',2),(1014,9,'Your hourly rates have been updated to R150 (base) and R61 (overtime)','2025-08-06 14:12:35','unread',2),(1015,16,'Your hourly rates have been updated to R150 (base) and R61 (overtime)','2025-08-06 14:12:35','unread',2),(1016,8,'Lionel Pessi has missed a normal shift on 2025/08/11','2025-08-11 11:50:01','unread',4),(1017,9,'Darwin Nunez has missed a normal shift on 2025/08/11','2025-08-11 11:50:01','unread',4),(1018,9,'Your clock in for today has been accepted.','2025-08-12 12:32:35','unread',4),(1019,3,'Michael Williams has missed a normal shift on 2025/08/12','2025-08-12 12:34:01','unread',4),(1020,5,'David Jones has missed a normal shift on 2025/08/12','2025-08-12 12:34:01','unread',4),(1021,7,'Batin Doe has missed a normal shift on 2025/08/12','2025-08-12 12:34:01','unread',4),(1022,9,'Darwin Nunez has missed a normal shift on 2025/08/12','2025-08-12 12:34:01','unread',4),(1023,14,'Cristiano Penaldo has missed a normal shift on 2025/08/12','2025-08-12 12:34:01','unread',4),(1024,16,'Declan Rice has missed a normal shift on 2025/08/12','2025-08-12 12:34:01','unread',4),(1025,9,'Darwin Nunez has missed a normal shift on 2025/08/12','2025-08-12 12:52:01','unread',4),(1026,9,'Your clock in for today has been accepted.','2025-08-12 12:56:33','unread',4),(1027,9,'Your clock in for today has been accepted.','2025-08-12 13:00:02','unread',4),(1028,9,'Your proof of attendance has been recorded.','2025-08-12 13:01:05','unread',4),(1029,9,'Your leave request for 3 days has been approved.','2025-08-12 17:22:50','unread',1),(1030,8,'Your leave request for 2 days has been approved.','2025-08-12 17:28:58','unread',1),(1031,8,'Sick note uploaded for leave #38','2025-08-12 17:29:16','read',1),(1032,1,'LionelPessi uploaded a sick note for sick leave #38','2025-08-12 17:29:16','unread',1),(1033,9,'Your leave request for 2 days has been approved.','2025-08-12 17:44:34','unread',1),(1034,8,'Your leave request for 3 days is pending approval.','2025-08-18 15:32:03','unread',1),(1035,8,'Your leave request for 2 days has been approved.','2025-08-18 15:46:15','unread',1),(1036,9,'Lionel Pessi has requested a shift swap with you.','2025-08-18 15:52:05','read',5),(1037,9,'Lionel Pessi has requested a shift swap with you.','2025-08-18 15:53:09','read',5),(1038,8,'Darwin Nunez has approved your shift swap request.','2025-08-18 15:54:51','read',5),(1039,1,'Darwin Nunez has approved a shift swap request from Lionel Pessi','2025-08-18 15:54:51','unread',5),(1040,9,'Lionel Pessi has requested a shift swap with you.','2025-08-18 15:56:32','read',5),(1041,9,'Lionel Pessi has requested a shift swap with you.','2025-08-18 15:56:54','unread',5),(1042,8,'Darwin Nunez has approved your shift swap request.','2025-08-18 15:58:47','read',5),(1043,1,'Darwin Nunez has approved a shift swap request from Lionel Pessi','2025-08-18 15:58:47','unread',5),(1044,8,'Darwin Nunez has approved your shift swap request.','2025-08-18 15:58:49','read',5),(1045,1,'Darwin Nunez has approved a shift swap request from Lionel Pessi','2025-08-18 15:58:49','unread',5),(1046,15,'Your hourly rates have been updated to R60 (base) and R30 (overtime)','2025-08-21 22:56:50','unread',2),(1047,15,'Your hourly rates have been updated to R62 (base) and R30 (overtime)','2025-08-21 23:17:23','unread',2),(1048,6,'You have been assigned a replacement shift for Bartender on Tue Jul 08 2025 00:00:00 GMT+0200 (South Africa Standard Time) from 16:50:16 to 17:50:16. Please confirm your availability.','2025-09-04 16:14:45','unread',3),(1049,1,'Shift replacement successful: John Doe assigned to Bartender shift on Tue Jul 08 2025 00:00:00 GMT+0200 (South Africa Standard Time) at 16:50:16','2025-09-04 16:14:45','unread',6),(1050,17,'Shift replacement successful: John Doe assigned to Bartender shift on Tue Jul 08 2025 00:00:00 GMT+0200 (South Africa Standard Time) at 16:50:16','2025-09-04 16:14:45','read',6),(1051,6,'You have been assigned a replacement shift for Bartender on Thu Sep 04 2025 00:00:00 GMT+0200 (South Africa Standard Time) from 17:00:00 to 20:01:00. Please confirm your availability.','2025-09-04 16:22:00','unread',3),(1052,1,'Shift replacement successful: John Doe assigned to Bartender shift on Thu Sep 04 2025 00:00:00 GMT+0200 (South Africa Standard Time) at 17:00:00','2025-09-04 16:22:00','unread',6),(1053,17,'Shift replacement successful: John Doe assigned to Bartender shift on Thu Sep 04 2025 00:00:00 GMT+0200 (South Africa Standard Time) at 17:00:00','2025-09-04 16:22:00','read',6),(1054,1,'All standby Bartender employees have conflicting shifts for cancelled shift on Thu Sep 04 2025 00:00:00 GMT+0200 (South Africa Standard Time) at 17:00:00','2025-09-04 17:04:00','unread',6),(1055,17,'All standby Bartender employees have conflicting shifts for cancelled shift on Thu Sep 04 2025 00:00:00 GMT+0200 (South Africa Standard Time) at 17:00:00','2025-09-04 17:04:00','read',6),(1056,16,'You have been assigned a replacement shift for Bartender on Thu Sep 04 2025 00:00:00 GMT+0200 (South Africa Standard Time) from 17:00:00 to 20:01:00. Please confirm your availability.','2025-09-04 17:08:00','unread',3),(1057,1,'Shift replacement successful: Declan Rice assigned to Bartender shift on Thu Sep 04 2025 00:00:00 GMT+0200 (South Africa Standard Time) at 17:00:00','2025-09-04 17:08:00','unread',6),(1058,17,'Shift replacement successful: Declan Rice assigned to Bartender shift on Thu Sep 04 2025 00:00:00 GMT+0200 (South Africa Standard Time) at 17:00:00','2025-09-04 17:08:00','read',6),(1059,1,'All standby Bartender employees have conflicting shifts for cancelled shift on Thu Sep 04 2025 00:00:00 GMT+0200 (South Africa Standard Time) at 17:00:00','2025-09-04 17:09:53','unread',6),(1060,17,'All standby Bartender employees have conflicting shifts for cancelled shift on Thu Sep 04 2025 00:00:00 GMT+0200 (South Africa Standard Time) at 17:00:00','2025-09-04 17:09:53','read',6),(1061,1,'Darwin Nunez failed to clock in for their shift starting at 17:54:00 on 2025/09/04','2025-09-04 17:57:51','unread',4),(1062,17,'Darwin Nunez failed to clock in for their shift starting at 17:54:00 on 2025/09/04','2025-09-04 17:57:51','read',4),(1063,1,'Darwin Nunez failed to clock in for their shift starting at 17:59:00 on 2025/09/04','2025-09-04 18:00:01','unread',4),(1064,17,'Darwin Nunez failed to clock in for their shift starting at 17:59:00 on 2025/09/04','2025-09-04 18:00:01','read',4),(1065,1,'All standby Bartender employees have conflicting shifts for cancelled shift on 2025/09/04 at 17:00:00','2025-09-04 18:08:00','unread',4),(1066,17,'All standby Bartender employees have conflicting shifts for cancelled shift on 2025/09/04 at 17:00:00','2025-09-04 18:08:00','read',4),(1067,1,'Yatin Fakir failed to clock in for their shift starting at 19:57:30 on 2025/09/04','2025-09-04 19:58:31','unread',4),(1068,17,'Yatin Fakir failed to clock in for their shift starting at 19:57:30 on 2025/09/04','2025-09-04 19:58:31','read',4),(1069,13,'You have been assigned a replacement shift for Sparkler Girl on 2025/09/04 from 19:57:30 to 20:00:00 due to a missed clock-in.','2025-09-04 19:58:31','unread',3),(1070,1,'Replacement Successful: Yatin Fakir assigned to Sparkler Girl shift on 2025/09/04 at 19:57:30 (replacing missed shift)','2025-09-04 19:58:31','unread',4),(1071,17,'Replacement Successful: Yatin Fakir assigned to Sparkler Girl shift on 2025/09/04 at 19:57:30 (replacing missed shift)','2025-09-04 19:58:31','read',4),(1072,1,'Yatin Fakir failed to clock in for their shift starting at 20:06:00 on 2025/09/04','2025-09-04 20:07:01','unread',4),(1073,17,'Yatin Fakir failed to clock in for their shift starting at 20:06:00 on 2025/09/04','2025-09-04 20:07:01','read',4),(1074,20,'You have been assigned a replacement shift for Sparkler Girl on 2025/09/04 from 20:06:00 to 20:10:00 due to a missed clock-in.','2025-09-04 20:07:01','read',3),(1075,1,'Replacement Successful: Alexa Grasso assigned to Sparkler Girl shift on 2025/09/04 at 20:06:00 (replacing missed shift)','2025-09-04 20:07:01','unread',4),(1076,17,'Replacement Successful: Alexa Grasso assigned to Sparkler Girl shift on 2025/09/04 at 20:06:00 (replacing missed shift)','2025-09-04 20:07:01','read',4),(2222,1,'Alexa Grasso failed to clock in for their shift starting at 20:55:00 on 2025/09/04','2025-09-04 20:59:51','unread',4),(2223,17,'Alexa Grasso failed to clock in for their shift starting at 20:55:00 on 2025/09/04','2025-09-04 20:59:51','read',4),(2224,13,'You have been assigned a replacement shift for Sparkler Girl on 2025/09/04 from 20:55:00 to 20:56:00 due to a missed clock-in.','2025-09-04 20:59:51','unread',3),(2225,1,'Replacement Successful: Yatin Fakir assigned to Sparkler Girl shift on 2025/09/04 at 20:55:00','2025-09-04 20:59:51','unread',4),(2226,17,'Replacement Successful: Yatin Fakir assigned to Sparkler Girl shift on 2025/09/04 at 20:55:00','2025-09-04 20:59:51','read',4),(2227,1,'Yatin Fakir failed to clock in for their shift starting at 21:01:00 on 2025/09/04','2025-09-04 21:02:01','unread',4),(2228,17,'Yatin Fakir failed to clock in for their shift starting at 21:01:00 on 2025/09/04','2025-09-04 21:02:01','read',4),(2229,20,'You have been assigned a replacement shift for Sparkler Girl on 2025/09/04 from 21:01:00 to 21:05:00 due to a missed clock-in.','2025-09-04 21:02:01','unread',3),(2230,1,'Replacement Successful: Alexa Grasso assigned to Sparkler Girl shift on 2025/09/04 at 21:01:00','2025-09-04 21:02:01','unread',4),(2231,17,'Replacement Successful: Alexa Grasso assigned to Sparkler Girl shift on 2025/09/04 at 21:01:00','2025-09-04 21:02:01','read',4),(2232,1,'Alexa Grasso failed to clock in for their shift starting at 21:11:00 on 2025/09/04','2025-09-04 21:12:01','unread',4),(2233,17,'Alexa Grasso failed to clock in for their shift starting at 21:11:00 on 2025/09/04','2025-09-04 21:12:01','read',4),(2234,13,'You have been assigned a replacement shift for Sparkler Girl on 2025/09/04 from 21:11:00 to 21:15:00 due to a missed clock-in.','2025-09-04 21:12:01','unread',3),(2235,1,'Replacement Successful: Yatin Fakir assigned to Sparkler Girl shift on 2025/09/04 at 21:11:00','2025-09-04 21:12:01','unread',4),(2236,17,'Replacement Successful: Yatin Fakir assigned to Sparkler Girl shift on 2025/09/04 at 21:11:00','2025-09-04 21:12:01','read',4),(2237,1,'Yatin Fakir failed to clock in for their shift starting at 21:20:00 on 2025/09/04','2025-09-04 21:21:01','unread',4),(2238,17,'Yatin Fakir failed to clock in for their shift starting at 21:20:00 on 2025/09/04','2025-09-04 21:21:01','read',4),(2239,20,'You have been assigned a replacement shift for Sparkler Girl on 2025/09/04 from 21:20:00 to 21:21:00 due to a missed clock-in.','2025-09-04 21:21:01','unread',3),(2240,1,'Replacement Successful: Alexa Grasso assigned to Sparkler Girl shift on 2025/09/04 at 21:20:00','2025-09-04 21:21:01','unread',4),(2241,17,'Replacement Successful: Alexa Grasso assigned to Sparkler Girl shift on 2025/09/04 at 21:20:00','2025-09-04 21:21:01','read',4),(2242,1,'Alexa Grasso failed to clock in for their shift starting at 21:20:00 on 2025/09/04','2025-09-04 21:21:02','unread',4),(2243,17,'Alexa Grasso failed to clock in for their shift starting at 21:20:00 on 2025/09/04','2025-09-04 21:21:02','read',4),(2244,13,'You have been assigned a replacement shift for Sparkler Girl on 2025/09/04 from 21:20:00 to 21:21:00 due to a missed clock-in.','2025-09-04 21:21:02','unread',3),(2245,1,'Replacement Successful: Yatin Fakir assigned to Sparkler Girl shift on 2025/09/04 at 21:20:00','2025-09-04 21:21:02','unread',4),(2246,17,'Replacement Successful: Yatin Fakir assigned to Sparkler Girl shift on 2025/09/04 at 21:20:00','2025-09-04 21:21:02','read',4),(2247,1,'Yatin Fakir failed to clock in for their shift starting at 21:20:00 on 2025/09/04','2025-09-04 21:21:03','unread',4),(2248,17,'Yatin Fakir failed to clock in for their shift starting at 21:20:00 on 2025/09/04','2025-09-04 21:21:03','read',4),(2249,20,'You have been assigned a replacement shift for Sparkler Girl on 2025/09/04 from 21:20:00 to 21:21:00 due to a missed clock-in.','2025-09-04 21:21:03','unread',3),(2250,1,'Replacement Successful: Alexa Grasso assigned to Sparkler Girl shift on 2025/09/04 at 21:20:00','2025-09-04 21:21:03','unread',4),(2251,17,'Replacement Successful: Alexa Grasso assigned to Sparkler Girl shift on 2025/09/04 at 21:20:00','2025-09-04 21:21:03','read',4),(2252,1,'Alexa Grasso failed to clock in for their shift starting at 21:20:00 on 2025/09/04','2025-09-04 21:21:04','unread',4),(2253,17,'Alexa Grasso failed to clock in for their shift starting at 21:20:00 on 2025/09/04','2025-09-04 21:21:04','read',4),(2254,13,'You have been assigned a replacement shift for Sparkler Girl on 2025/09/04 from 21:20:00 to 21:21:00 due to a missed clock-in.','2025-09-04 21:21:04','unread',3),(2255,1,'Replacement Successful: Yatin Fakir assigned to Sparkler Girl shift on 2025/09/04 at 21:20:00','2025-09-04 21:21:04','unread',4),(2256,17,'Replacement Successful: Yatin Fakir assigned to Sparkler Girl shift on 2025/09/04 at 21:20:00','2025-09-04 21:21:04','read',4),(2257,1,'Yatin Fakir failed to clock in for their shift starting at 21:20:00 on 2025/09/04','2025-09-04 21:21:05','unread',4),(2258,17,'Yatin Fakir failed to clock in for their shift starting at 21:20:00 on 2025/09/04','2025-09-04 21:21:05','read',4),(2259,20,'You have been assigned a replacement shift for Sparkler Girl on 2025/09/04 from 21:20:00 to 21:21:00 due to a missed clock-in.','2025-09-04 21:21:05','unread',3),(2260,1,'Replacement Successful: Alexa Grasso assigned to Sparkler Girl shift on 2025/09/04 at 21:20:00','2025-09-04 21:21:05','unread',4),(2261,17,'Replacement Successful: Alexa Grasso assigned to Sparkler Girl shift on 2025/09/04 at 21:20:00','2025-09-04 21:21:05','read',4),(2262,1,'Alexa Grasso failed to clock in for their shift starting at 21:20:00 on 2025/09/04','2025-09-04 21:21:06','unread',4),(2263,17,'Alexa Grasso failed to clock in for their shift starting at 21:20:00 on 2025/09/04','2025-09-04 21:21:06','read',4),(2264,13,'You have been assigned a replacement shift for Sparkler Girl on 2025/09/04 from 21:20:00 to 21:21:00 due to a missed clock-in.','2025-09-04 21:21:06','unread',3),(2265,1,'Replacement Successful: Yatin Fakir assigned to Sparkler Girl shift on 2025/09/04 at 21:20:00','2025-09-04 21:21:06','unread',4),(2266,17,'Replacement Successful: Yatin Fakir assigned to Sparkler Girl shift on 2025/09/04 at 21:20:00','2025-09-04 21:21:06','read',4),(2267,1,'Yatin Fakir failed to clock in for their shift starting at 21:20:00 on 2025/09/04','2025-09-04 21:21:07','unread',4),(2268,17,'Yatin Fakir failed to clock in for their shift starting at 21:20:00 on 2025/09/04','2025-09-04 21:21:07','read',4),(2269,20,'You have been assigned a replacement shift for Sparkler Girl on 2025/09/04 from 21:20:00 to 21:21:00 due to a missed clock-in.','2025-09-04 21:21:07','unread',3),(2270,1,'Replacement Successful: Alexa Grasso assigned to Sparkler Girl shift on 2025/09/04 at 21:20:00','2025-09-04 21:21:07','unread',4),(2271,17,'Replacement Successful: Alexa Grasso assigned to Sparkler Girl shift on 2025/09/04 at 21:20:00','2025-09-04 21:21:07','read',4),(2272,1,'Alexa Grasso failed to clock in for their shift starting at 21:20:00 on 2025/09/04','2025-09-04 21:21:08','unread',4),(2273,17,'Alexa Grasso failed to clock in for their shift starting at 21:20:00 on 2025/09/04','2025-09-04 21:21:08','read',4),(2274,13,'You have been assigned a replacement shift for Sparkler Girl on 2025/09/04 from 21:20:00 to 21:21:00 due to a missed clock-in.','2025-09-04 21:21:08','unread',3),(2275,1,'Replacement Successful: Yatin Fakir assigned to Sparkler Girl shift on 2025/09/04 at 21:20:00','2025-09-04 21:21:08','unread',4),(2276,17,'Replacement Successful: Yatin Fakir assigned to Sparkler Girl shift on 2025/09/04 at 21:20:00','2025-09-04 21:21:08','read',4),(2277,1,'Yatin Fakir failed to clock in for their shift starting at 21:20:00 on 2025/09/04','2025-09-04 21:21:09','unread',4),(2278,17,'Yatin Fakir failed to clock in for their shift starting at 21:20:00 on 2025/09/04','2025-09-04 21:21:09','read',4),(2279,20,'You have been assigned a replacement shift for Sparkler Girl on 2025/09/04 from 21:20:00 to 21:21:00 due to a missed clock-in.','2025-09-04 21:21:09','unread',3),(2280,1,'Replacement Successful: Alexa Grasso assigned to Sparkler Girl shift on 2025/09/04 at 21:20:00','2025-09-04 21:21:09','unread',4),(2281,17,'Replacement Successful: Alexa Grasso assigned to Sparkler Girl shift on 2025/09/04 at 21:20:00','2025-09-04 21:21:09','read',4),(2282,1,'Alexa Grasso failed to clock in for their shift starting at 21:20:00 on 2025/09/04','2025-09-04 21:21:10','unread',4),(2283,17,'Alexa Grasso failed to clock in for their shift starting at 21:20:00 on 2025/09/04','2025-09-04 21:21:10','read',4),(2284,13,'You have been assigned a replacement shift for Sparkler Girl on 2025/09/04 from 21:20:00 to 21:21:00 due to a missed clock-in.','2025-09-04 21:21:10','unread',3),(2285,1,'Replacement Successful: Yatin Fakir assigned to Sparkler Girl shift on 2025/09/04 at 21:20:00','2025-09-04 21:21:10','unread',4),(2286,17,'Replacement Successful: Yatin Fakir assigned to Sparkler Girl shift on 2025/09/04 at 21:20:00','2025-09-04 21:21:10','read',4),(2287,1,'Yatin Fakir failed to clock in for their shift starting at 21:20:00 on 2025/09/04','2025-09-04 21:21:11','unread',4),(2288,17,'Yatin Fakir failed to clock in for their shift starting at 21:20:00 on 2025/09/04','2025-09-04 21:21:11','read',4),(2289,20,'You have been assigned a replacement shift for Sparkler Girl on 2025/09/04 from 21:20:00 to 21:21:00 due to a missed clock-in.','2025-09-04 21:21:11','unread',3),(2290,1,'Replacement Successful: Alexa Grasso assigned to Sparkler Girl shift on 2025/09/04 at 21:20:00','2025-09-04 21:21:11','unread',4),(2291,17,'Replacement Successful: Alexa Grasso assigned to Sparkler Girl shift on 2025/09/04 at 21:20:00','2025-09-04 21:21:11','read',4),(2292,1,'Alexa Grasso failed to clock in for their shift starting at 21:20:00 on 2025/09/04','2025-09-04 21:21:12','unread',4),(2293,17,'Alexa Grasso failed to clock in for their shift starting at 21:20:00 on 2025/09/04','2025-09-04 21:21:12','read',4),(2294,13,'You have been assigned a replacement shift for Sparkler Girl on 2025/09/04 from 21:20:00 to 21:21:00 due to a missed clock-in.','2025-09-04 21:21:12','unread',3),(2295,1,'Replacement Successful: Yatin Fakir assigned to Sparkler Girl shift on 2025/09/04 at 21:20:00','2025-09-04 21:21:12','unread',4),(2296,17,'Replacement Successful: Yatin Fakir assigned to Sparkler Girl shift on 2025/09/04 at 21:20:00','2025-09-04 21:21:12','read',4),(2297,1,'Yatin Fakir failed to clock in for their shift starting at 21:20:00 on 2025/09/04','2025-09-04 21:21:13','unread',4),(2298,17,'Yatin Fakir failed to clock in for their shift starting at 21:20:00 on 2025/09/04','2025-09-04 21:21:13','read',4),(2299,20,'You have been assigned a replacement shift for Sparkler Girl on 2025/09/04 from 21:20:00 to 21:21:00 due to a missed clock-in.','2025-09-04 21:21:13','unread',3),(2300,1,'Replacement Successful: Alexa Grasso assigned to Sparkler Girl shift on 2025/09/04 at 21:20:00','2025-09-04 21:21:13','unread',4),(2301,17,'Replacement Successful: Alexa Grasso assigned to Sparkler Girl shift on 2025/09/04 at 21:20:00','2025-09-04 21:21:13','read',4),(2302,1,'Alexa Grasso failed to clock in for their shift starting at 21:20:00 on 2025/09/04','2025-09-04 21:21:14','unread',4),(2303,17,'Alexa Grasso failed to clock in for their shift starting at 21:20:00 on 2025/09/04','2025-09-04 21:21:14','read',4),(2304,13,'You have been assigned a replacement shift for Sparkler Girl on 2025/09/04 from 21:20:00 to 21:21:00 due to a missed clock-in.','2025-09-04 21:21:14','unread',3),(2305,1,'Replacement Successful: Yatin Fakir assigned to Sparkler Girl shift on 2025/09/04 at 21:20:00','2025-09-04 21:21:14','unread',4),(2306,17,'Replacement Successful: Yatin Fakir assigned to Sparkler Girl shift on 2025/09/04 at 21:20:00','2025-09-04 21:21:14','read',4),(2307,1,'Yatin Fakir failed to clock in for their shift starting at 21:20:00 on 2025/09/04','2025-09-04 21:21:15','unread',4),(2308,17,'Yatin Fakir failed to clock in for their shift starting at 21:20:00 on 2025/09/04','2025-09-04 21:21:15','read',4),(2309,20,'You have been assigned a replacement shift for Sparkler Girl on 2025/09/04 from 21:20:00 to 21:21:00 due to a missed clock-in.','2025-09-04 21:21:15','unread',3),(2310,1,'Replacement Successful: Alexa Grasso assigned to Sparkler Girl shift on 2025/09/04 at 21:20:00','2025-09-04 21:21:15','unread',4),(2311,17,'Replacement Successful: Alexa Grasso assigned to Sparkler Girl shift on 2025/09/04 at 21:20:00','2025-09-04 21:21:15','read',4),(2312,1,'Alexa Grasso failed to clock in for their shift starting at 21:20:00 on 2025/09/04','2025-09-04 21:21:16','unread',4),(2313,17,'Alexa Grasso failed to clock in for their shift starting at 21:20:00 on 2025/09/04','2025-09-04 21:21:16','read',4),(2314,13,'You have been assigned a replacement shift for Sparkler Girl on 2025/09/04 from 21:20:00 to 21:21:00 due to a missed clock-in.','2025-09-04 21:21:16','unread',3),(2315,1,'Replacement Successful: Yatin Fakir assigned to Sparkler Girl shift on 2025/09/04 at 21:20:00','2025-09-04 21:21:16','unread',4),(2316,17,'Replacement Successful: Yatin Fakir assigned to Sparkler Girl shift on 2025/09/04 at 21:20:00','2025-09-04 21:21:16','read',4),(2317,1,'Yatin Fakir failed to clock in for their shift starting at 21:20:00 on 2025/09/04','2025-09-04 21:21:17','unread',4),(2318,17,'Yatin Fakir failed to clock in for their shift starting at 21:20:00 on 2025/09/04','2025-09-04 21:21:17','read',4),(2319,20,'You have been assigned a replacement shift for Sparkler Girl on 2025/09/04 from 21:20:00 to 21:21:00 due to a missed clock-in.','2025-09-04 21:21:17','unread',3),(2320,1,'Replacement Successful: Alexa Grasso assigned to Sparkler Girl shift on 2025/09/04 at 21:20:00','2025-09-04 21:21:17','unread',4),(2321,17,'Replacement Successful: Alexa Grasso assigned to Sparkler Girl shift on 2025/09/04 at 21:20:00','2025-09-04 21:21:17','read',4),(2322,1,'Alexa Grasso failed to clock in for their shift starting at 21:20:00 on 2025/09/04','2025-09-04 21:21:18','unread',4),(2323,17,'Alexa Grasso failed to clock in for their shift starting at 21:20:00 on 2025/09/04','2025-09-04 21:21:18','read',4),(2324,13,'You have been assigned a replacement shift for Sparkler Girl on 2025/09/04 from 21:20:00 to 21:21:00 due to a missed clock-in.','2025-09-04 21:21:18','unread',3),(2325,1,'Replacement Successful: Yatin Fakir assigned to Sparkler Girl shift on 2025/09/04 at 21:20:00','2025-09-04 21:21:18','unread',4),(2326,17,'Replacement Successful: Yatin Fakir assigned to Sparkler Girl shift on 2025/09/04 at 21:20:00','2025-09-04 21:21:18','read',4),(2327,1,'Yatin Fakir failed to clock in for their shift starting at 21:20:00 on 2025/09/04','2025-09-04 21:21:19','unread',4),(2328,17,'Yatin Fakir failed to clock in for their shift starting at 21:20:00 on 2025/09/04','2025-09-04 21:21:19','read',4),(2329,20,'You have been assigned a replacement shift for Sparkler Girl on 2025/09/04 from 21:20:00 to 21:21:00 due to a missed clock-in.','2025-09-04 21:21:19','unread',3),(2330,1,'Replacement Successful: Alexa Grasso assigned to Sparkler Girl shift on 2025/09/04 at 21:20:00','2025-09-04 21:21:19','unread',4),(2331,17,'Replacement Successful: Alexa Grasso assigned to Sparkler Girl shift on 2025/09/04 at 21:20:00','2025-09-04 21:21:19','read',4),(2332,1,'Alexa Grasso failed to clock in for their shift starting at 21:20:00 on 2025/09/04','2025-09-04 21:21:20','unread',4),(2333,17,'Alexa Grasso failed to clock in for their shift starting at 21:20:00 on 2025/09/04','2025-09-04 21:21:20','read',4),(2334,13,'You have been assigned a replacement shift for Sparkler Girl on 2025/09/04 from 21:20:00 to 21:21:00 due to a missed clock-in.','2025-09-04 21:21:20','unread',3),(2335,1,'Replacement Successful: Yatin Fakir assigned to Sparkler Girl shift on 2025/09/04 at 21:20:00','2025-09-04 21:21:20','unread',4),(2336,17,'Replacement Successful: Yatin Fakir assigned to Sparkler Girl shift on 2025/09/04 at 21:20:00','2025-09-04 21:21:20','read',4),(2337,1,'Yatin Fakir failed to clock in for their shift starting at 21:20:00 on 2025/09/04','2025-09-04 21:21:21','unread',4),(2338,17,'Yatin Fakir failed to clock in for their shift starting at 21:20:00 on 2025/09/04','2025-09-04 21:21:21','read',4),(2339,20,'You have been assigned a replacement shift for Sparkler Girl on 2025/09/04 from 21:20:00 to 21:21:00 due to a missed clock-in.','2025-09-04 21:21:21','unread',3),(2340,1,'Replacement Successful: Alexa Grasso assigned to Sparkler Girl shift on 2025/09/04 at 21:20:00','2025-09-04 21:21:21','unread',4),(2341,17,'Replacement Successful: Alexa Grasso assigned to Sparkler Girl shift on 2025/09/04 at 21:20:00','2025-09-04 21:21:21','read',4),(2342,1,'Alexa Grasso failed to clock in for their shift starting at 21:20:00 on 2025/09/04','2025-09-04 21:21:22','unread',4),(2343,17,'Alexa Grasso failed to clock in for their shift starting at 21:20:00 on 2025/09/04','2025-09-04 21:21:22','read',4),(2344,13,'You have been assigned a replacement shift for Sparkler Girl on 2025/09/04 from 21:20:00 to 21:21:00 due to a missed clock-in.','2025-09-04 21:21:22','unread',3),(2345,1,'Replacement Successful: Yatin Fakir assigned to Sparkler Girl shift on 2025/09/04 at 21:20:00','2025-09-04 21:21:22','unread',4),(2346,17,'Replacement Successful: Yatin Fakir assigned to Sparkler Girl shift on 2025/09/04 at 21:20:00','2025-09-04 21:21:22','read',4),(2347,1,'Yatin Fakir failed to clock in for their shift starting at 21:20:00 on 2025/09/04','2025-09-04 21:21:23','unread',4),(2348,17,'Yatin Fakir failed to clock in for their shift starting at 21:20:00 on 2025/09/04','2025-09-04 21:21:23','read',4),(2349,20,'You have been assigned a replacement shift for Sparkler Girl on 2025/09/04 from 21:20:00 to 21:21:00 due to a missed clock-in.','2025-09-04 21:21:23','unread',3),(2350,1,'Replacement Successful: Alexa Grasso assigned to Sparkler Girl shift on 2025/09/04 at 21:20:00','2025-09-04 21:21:23','unread',4),(2351,17,'Replacement Successful: Alexa Grasso assigned to Sparkler Girl shift on 2025/09/04 at 21:20:00','2025-09-04 21:21:23','read',4),(2352,1,'Alexa Grasso failed to clock in for their shift starting at 21:20:00 on 2025/09/04','2025-09-04 21:21:24','unread',4),(2353,17,'Alexa Grasso failed to clock in for their shift starting at 21:20:00 on 2025/09/04','2025-09-04 21:21:24','read',4),(2354,13,'You have been assigned a replacement shift for Sparkler Girl on 2025/09/04 from 21:20:00 to 21:21:00 due to a missed clock-in.','2025-09-04 21:21:24','unread',3),(2355,1,'Replacement Successful: Yatin Fakir assigned to Sparkler Girl shift on 2025/09/04 at 21:20:00','2025-09-04 21:21:24','unread',4),(2356,17,'Replacement Successful: Yatin Fakir assigned to Sparkler Girl shift on 2025/09/04 at 21:20:00','2025-09-04 21:21:24','read',4),(2357,1,'Yatin Fakir failed to clock in for their shift starting at 21:20:00 on 2025/09/04','2025-09-04 21:21:25','unread',4),(2358,17,'Yatin Fakir failed to clock in for their shift starting at 21:20:00 on 2025/09/04','2025-09-04 21:21:25','read',4),(2359,20,'You have been assigned a replacement shift for Sparkler Girl on 2025/09/04 from 21:20:00 to 21:21:00 due to a missed clock-in.','2025-09-04 21:21:25','unread',3),(2360,1,'Replacement Successful: Alexa Grasso assigned to Sparkler Girl shift on 2025/09/04 at 21:20:00','2025-09-04 21:21:25','unread',4),(2361,17,'Replacement Successful: Alexa Grasso assigned to Sparkler Girl shift on 2025/09/04 at 21:20:00','2025-09-04 21:21:25','read',4),(2362,1,'Alexa Grasso failed to clock in for their shift starting at 21:20:00 on 2025/09/04','2025-09-04 21:21:26','unread',4),(2363,17,'Alexa Grasso failed to clock in for their shift starting at 21:20:00 on 2025/09/04','2025-09-04 21:21:26','read',4),(2364,13,'You have been assigned a replacement shift for Sparkler Girl on 2025/09/04 from 21:20:00 to 21:21:00 due to a missed clock-in.','2025-09-04 21:21:26','unread',3),(2365,1,'Replacement Successful: Yatin Fakir assigned to Sparkler Girl shift on 2025/09/04 at 21:20:00','2025-09-04 21:21:26','unread',4),(2366,17,'Replacement Successful: Yatin Fakir assigned to Sparkler Girl shift on 2025/09/04 at 21:20:00','2025-09-04 21:21:26','read',4),(2367,1,'Yatin Fakir failed to clock in for their shift starting at 21:20:00 on 2025/09/04','2025-09-04 21:21:27','unread',4),(2368,17,'Yatin Fakir failed to clock in for their shift starting at 21:20:00 on 2025/09/04','2025-09-04 21:21:27','read',4),(2369,20,'You have been assigned a replacement shift for Sparkler Girl on 2025/09/04 from 21:20:00 to 21:21:00 due to a missed clock-in.','2025-09-04 21:21:27','unread',3),(2370,1,'Replacement Successful: Alexa Grasso assigned to Sparkler Girl shift on 2025/09/04 at 21:20:00','2025-09-04 21:21:27','unread',4),(2371,17,'Replacement Successful: Alexa Grasso assigned to Sparkler Girl shift on 2025/09/04 at 21:20:00','2025-09-04 21:21:27','read',4),(2372,1,'Alexa Grasso failed to clock in for their shift starting at 21:20:00 on 2025/09/04','2025-09-04 21:21:28','unread',4),(2373,17,'Alexa Grasso failed to clock in for their shift starting at 21:20:00 on 2025/09/04','2025-09-04 21:21:28','read',4),(2374,13,'You have been assigned a replacement shift for Sparkler Girl on 2025/09/04 from 21:20:00 to 21:21:00 due to a missed clock-in.','2025-09-04 21:21:28','unread',3),(2375,1,'Replacement Successful: Yatin Fakir assigned to Sparkler Girl shift on 2025/09/04 at 21:20:00','2025-09-04 21:21:28','unread',4),(2376,17,'Replacement Successful: Yatin Fakir assigned to Sparkler Girl shift on 2025/09/04 at 21:20:00','2025-09-04 21:21:28','read',4),(2377,1,'Yatin Fakir failed to clock in for their shift starting at 21:20:00 on 2025/09/04','2025-09-04 21:21:29','unread',4),(2378,17,'Yatin Fakir failed to clock in for their shift starting at 21:20:00 on 2025/09/04','2025-09-04 21:21:29','read',4),(2379,20,'You have been assigned a replacement shift for Sparkler Girl on 2025/09/04 from 21:20:00 to 21:21:00 due to a missed clock-in.','2025-09-04 21:21:29','unread',3),(2380,1,'Replacement Successful: Alexa Grasso assigned to Sparkler Girl shift on 2025/09/04 at 21:20:00','2025-09-04 21:21:29','unread',4),(2381,17,'Replacement Successful: Alexa Grasso assigned to Sparkler Girl shift on 2025/09/04 at 21:20:00','2025-09-04 21:21:29','read',4),(2382,1,'Alexa Grasso failed to clock in for their shift starting at 21:20:00 on 2025/09/04','2025-09-04 21:21:30','unread',4),(2383,17,'Alexa Grasso failed to clock in for their shift starting at 21:20:00 on 2025/09/04','2025-09-04 21:21:30','read',4),(2384,13,'You have been assigned a replacement shift for Sparkler Girl on 2025/09/04 from 21:20:00 to 21:21:00 due to a missed clock-in.','2025-09-04 21:21:30','unread',3),(2385,1,'Replacement Successful: Yatin Fakir assigned to Sparkler Girl shift on 2025/09/04 at 21:20:00','2025-09-04 21:21:30','unread',4),(2386,17,'Replacement Successful: Yatin Fakir assigned to Sparkler Girl shift on 2025/09/04 at 21:20:00','2025-09-04 21:21:30','read',4),(2387,1,'Yatin Fakir failed to clock in for their shift starting at 21:20:00 on 2025/09/04','2025-09-04 21:21:31','unread',4),(2388,17,'Yatin Fakir failed to clock in for their shift starting at 21:20:00 on 2025/09/04','2025-09-04 21:21:31','read',4),(2389,20,'You have been assigned a replacement shift for Sparkler Girl on 2025/09/04 from 21:20:00 to 21:21:00 due to a missed clock-in.','2025-09-04 21:21:31','unread',3),(2390,1,'Replacement Successful: Alexa Grasso assigned to Sparkler Girl shift on 2025/09/04 at 21:20:00','2025-09-04 21:21:31','unread',4),(2391,17,'Replacement Successful: Alexa Grasso assigned to Sparkler Girl shift on 2025/09/04 at 21:20:00','2025-09-04 21:21:31','read',4),(2392,1,'Alexa Grasso failed to clock in for their shift starting at 21:20:00 on 2025/09/04','2025-09-04 21:21:32','unread',4),(2393,17,'Alexa Grasso failed to clock in for their shift starting at 21:20:00 on 2025/09/04','2025-09-04 21:21:32','read',4),(2394,13,'You have been assigned a replacement shift for Sparkler Girl on 2025/09/04 from 21:20:00 to 21:21:00 due to a missed clock-in.','2025-09-04 21:21:32','unread',3),(2395,1,'Replacement Successful: Yatin Fakir assigned to Sparkler Girl shift on 2025/09/04 at 21:20:00','2025-09-04 21:21:32','unread',4),(2396,17,'Replacement Successful: Yatin Fakir assigned to Sparkler Girl shift on 2025/09/04 at 21:20:00','2025-09-04 21:21:32','read',4),(2397,1,'Yatin Fakir failed to clock in for their shift starting at 21:20:00 on 2025/09/04','2025-09-04 21:21:33','unread',4),(2398,17,'Yatin Fakir failed to clock in for their shift starting at 21:20:00 on 2025/09/04','2025-09-04 21:21:33','read',4),(2399,20,'You have been assigned a replacement shift for Sparkler Girl on 2025/09/04 from 21:20:00 to 21:21:00 due to a missed clock-in.','2025-09-04 21:21:33','unread',3),(2400,1,'Replacement Successful: Alexa Grasso assigned to Sparkler Girl shift on 2025/09/04 at 21:20:00','2025-09-04 21:21:33','unread',4),(2401,17,'Replacement Successful: Alexa Grasso assigned to Sparkler Girl shift on 2025/09/04 at 21:20:00','2025-09-04 21:21:33','read',4),(2402,1,'Alexa Grasso failed to clock in for their shift starting at 21:20:00 on 2025/09/04','2025-09-04 21:21:34','unread',4),(2403,17,'Alexa Grasso failed to clock in for their shift starting at 21:20:00 on 2025/09/04','2025-09-04 21:21:34','read',4),(2404,13,'You have been assigned a replacement shift for Sparkler Girl on 2025/09/04 from 21:20:00 to 21:21:00 due to a missed clock-in.','2025-09-04 21:21:34','unread',3),(2405,1,'Replacement Successful: Yatin Fakir assigned to Sparkler Girl shift on 2025/09/04 at 21:20:00','2025-09-04 21:21:34','unread',4),(2406,17,'Replacement Successful: Yatin Fakir assigned to Sparkler Girl shift on 2025/09/04 at 21:20:00','2025-09-04 21:21:34','read',4),(2407,1,'Yatin Fakir failed to clock in for their shift starting at 21:20:00 on 2025/09/04','2025-09-04 21:21:35','unread',4),(2408,17,'Yatin Fakir failed to clock in for their shift starting at 21:20:00 on 2025/09/04','2025-09-04 21:21:35','read',4),(2409,20,'You have been assigned a replacement shift for Sparkler Girl on 2025/09/04 from 21:20:00 to 21:21:00 due to a missed clock-in.','2025-09-04 21:21:35','unread',3),(2410,1,'Replacement Successful: Alexa Grasso assigned to Sparkler Girl shift on 2025/09/04 at 21:20:00','2025-09-04 21:21:35','unread',4),(2411,17,'Replacement Successful: Alexa Grasso assigned to Sparkler Girl shift on 2025/09/04 at 21:20:00','2025-09-04 21:21:35','read',4),(2412,1,'Alexa Grasso failed to clock in for their shift starting at 21:20:00 on 2025/09/04','2025-09-04 21:21:36','unread',4),(2413,17,'Alexa Grasso failed to clock in for their shift starting at 21:20:00 on 2025/09/04','2025-09-04 21:21:36','read',4),(2414,13,'You have been assigned a replacement shift for Sparkler Girl on 2025/09/04 from 21:20:00 to 21:21:00 due to a missed clock-in.','2025-09-04 21:21:36','unread',3),(2415,1,'Replacement Successful: Yatin Fakir assigned to Sparkler Girl shift on 2025/09/04 at 21:20:00','2025-09-04 21:21:36','unread',4),(2416,17,'Replacement Successful: Yatin Fakir assigned to Sparkler Girl shift on 2025/09/04 at 21:20:00','2025-09-04 21:21:36','read',4),(2417,1,'Yatin Fakir failed to clock in for their shift starting at 21:20:00 on 2025/09/04','2025-09-04 21:21:37','unread',4),(2418,17,'Yatin Fakir failed to clock in for their shift starting at 21:20:00 on 2025/09/04','2025-09-04 21:21:37','read',4),(2419,20,'You have been assigned a replacement shift for Sparkler Girl on 2025/09/04 from 21:20:00 to 21:21:00 due to a missed clock-in.','2025-09-04 21:21:37','unread',3),(2420,1,'Replacement Successful: Alexa Grasso assigned to Sparkler Girl shift on 2025/09/04 at 21:20:00','2025-09-04 21:21:37','unread',4),(2421,17,'Replacement Successful: Alexa Grasso assigned to Sparkler Girl shift on 2025/09/04 at 21:20:00','2025-09-04 21:21:37','read',4),(2422,1,'Alexa Grasso failed to clock in for their shift starting at 21:20:00 on 2025/09/04','2025-09-04 21:21:38','unread',4),(2423,17,'Alexa Grasso failed to clock in for their shift starting at 21:20:00 on 2025/09/04','2025-09-04 21:21:38','read',4),(2424,13,'You have been assigned a replacement shift for Sparkler Girl on 2025/09/04 from 21:20:00 to 21:21:00 due to a missed clock-in.','2025-09-04 21:21:38','unread',3),(2425,1,'Replacement Successful: Yatin Fakir assigned to Sparkler Girl shift on 2025/09/04 at 21:20:00','2025-09-04 21:21:38','unread',4),(2426,17,'Replacement Successful: Yatin Fakir assigned to Sparkler Girl shift on 2025/09/04 at 21:20:00','2025-09-04 21:21:38','read',4),(2427,1,'Yatin Fakir failed to clock in for their shift starting at 21:20:00 on 2025/09/04','2025-09-04 21:21:39','unread',4),(2428,17,'Yatin Fakir failed to clock in for their shift starting at 21:20:00 on 2025/09/04','2025-09-04 21:21:39','read',4),(2429,20,'You have been assigned a replacement shift for Sparkler Girl on 2025/09/04 from 21:20:00 to 21:21:00 due to a missed clock-in.','2025-09-04 21:21:39','unread',3),(2430,1,'Replacement Successful: Alexa Grasso assigned to Sparkler Girl shift on 2025/09/04 at 21:20:00','2025-09-04 21:21:39','unread',4),(2431,17,'Replacement Successful: Alexa Grasso assigned to Sparkler Girl shift on 2025/09/04 at 21:20:00','2025-09-04 21:21:39','read',4),(2432,1,'Alexa Grasso failed to clock in for their shift starting at 21:20:00 on 2025/09/04','2025-09-04 21:21:40','unread',4),(2433,17,'Alexa Grasso failed to clock in for their shift starting at 21:20:00 on 2025/09/04','2025-09-04 21:21:40','read',4),(2434,13,'You have been assigned a replacement shift for Sparkler Girl on 2025/09/04 from 21:20:00 to 21:21:00 due to a missed clock-in.','2025-09-04 21:21:40','unread',3),(2435,1,'Replacement Successful: Yatin Fakir assigned to Sparkler Girl shift on 2025/09/04 at 21:20:00','2025-09-04 21:21:40','unread',4),(2436,17,'Replacement Successful: Yatin Fakir assigned to Sparkler Girl shift on 2025/09/04 at 21:20:00','2025-09-04 21:21:40','read',4),(2437,1,'Yatin Fakir failed to clock in for their shift starting at 21:20:00 on 2025/09/04','2025-09-04 21:21:41','unread',4),(2438,17,'Yatin Fakir failed to clock in for their shift starting at 21:20:00 on 2025/09/04','2025-09-04 21:21:41','read',4),(2439,20,'You have been assigned a replacement shift for Sparkler Girl on 2025/09/04 from 21:20:00 to 21:21:00 due to a missed clock-in.','2025-09-04 21:21:41','unread',3),(2440,1,'Replacement Successful: Alexa Grasso assigned to Sparkler Girl shift on 2025/09/04 at 21:20:00','2025-09-04 21:21:41','unread',4),(2441,17,'Replacement Successful: Alexa Grasso assigned to Sparkler Girl shift on 2025/09/04 at 21:20:00','2025-09-04 21:21:41','read',4),(2442,1,'Alexa Grasso failed to clock in for their shift starting at 21:20:00 on 2025/09/04','2025-09-04 21:21:42','unread',4),(2443,17,'Alexa Grasso failed to clock in for their shift starting at 21:20:00 on 2025/09/04','2025-09-04 21:21:42','read',4),(2444,13,'You have been assigned a replacement shift for Sparkler Girl on 2025/09/04 from 21:20:00 to 21:21:00 due to a missed clock-in.','2025-09-04 21:21:42','unread',3),(2445,1,'Replacement Successful: Yatin Fakir assigned to Sparkler Girl shift on 2025/09/04 at 21:20:00','2025-09-04 21:21:42','unread',4),(2446,17,'Replacement Successful: Yatin Fakir assigned to Sparkler Girl shift on 2025/09/04 at 21:20:00','2025-09-04 21:21:42','read',4),(2447,1,'Yatin Fakir failed to clock in for their shift starting at 21:20:00 on 2025/09/04','2025-09-04 21:21:43','unread',4),(2448,17,'Yatin Fakir failed to clock in for their shift starting at 21:20:00 on 2025/09/04','2025-09-04 21:21:43','read',4),(2449,20,'You have been assigned a replacement shift for Sparkler Girl on 2025/09/04 from 21:20:00 to 21:21:00 due to a missed clock-in.','2025-09-04 21:21:43','unread',3),(2450,1,'Replacement Successful: Alexa Grasso assigned to Sparkler Girl shift on 2025/09/04 at 21:20:00','2025-09-04 21:21:43','unread',4),(2451,17,'Replacement Successful: Alexa Grasso assigned to Sparkler Girl shift on 2025/09/04 at 21:20:00','2025-09-04 21:21:43','read',4),(2452,1,'Alexa Grasso failed to clock in for their shift starting at 21:20:00 on 2025/09/04','2025-09-04 21:21:44','unread',4),(2453,17,'Alexa Grasso failed to clock in for their shift starting at 21:20:00 on 2025/09/04','2025-09-04 21:21:44','read',4),(2454,13,'You have been assigned a replacement shift for Sparkler Girl on 2025/09/04 from 21:20:00 to 21:21:00 due to a missed clock-in.','2025-09-04 21:21:44','unread',3),(2455,1,'Replacement Successful: Yatin Fakir assigned to Sparkler Girl shift on 2025/09/04 at 21:20:00','2025-09-04 21:21:44','unread',4),(2456,17,'Replacement Successful: Yatin Fakir assigned to Sparkler Girl shift on 2025/09/04 at 21:20:00','2025-09-04 21:21:44','read',4),(2457,1,'Yatin Fakir failed to clock in for their shift starting at 21:20:00 on 2025/09/04','2025-09-04 21:21:45','unread',4),(2458,17,'Yatin Fakir failed to clock in for their shift starting at 21:20:00 on 2025/09/04','2025-09-04 21:21:45','read',4),(2459,20,'You have been assigned a replacement shift for Sparkler Girl on 2025/09/04 from 21:20:00 to 21:21:00 due to a missed clock-in.','2025-09-04 21:21:45','unread',3),(2460,1,'Replacement Successful: Alexa Grasso assigned to Sparkler Girl shift on 2025/09/04 at 21:20:00','2025-09-04 21:21:45','unread',4),(2461,17,'Replacement Successful: Alexa Grasso assigned to Sparkler Girl shift on 2025/09/04 at 21:20:00','2025-09-04 21:21:45','read',4),(2462,1,'Alexa Grasso failed to clock in for their shift starting at 21:20:00 on 2025/09/04','2025-09-04 21:21:46','unread',4),(2463,17,'Alexa Grasso failed to clock in for their shift starting at 21:20:00 on 2025/09/04','2025-09-04 21:21:46','read',4),(2464,13,'You have been assigned a replacement shift for Sparkler Girl on 2025/09/04 from 21:20:00 to 21:21:00 due to a missed clock-in.','2025-09-04 21:21:46','unread',3),(2465,1,'Replacement Successful: Yatin Fakir assigned to Sparkler Girl shift on 2025/09/04 at 21:20:00','2025-09-04 21:21:46','unread',4),(2466,17,'Replacement Successful: Yatin Fakir assigned to Sparkler Girl shift on 2025/09/04 at 21:20:00','2025-09-04 21:21:46','read',4),(2467,1,'Yatin Fakir failed to clock in for their shift starting at 21:20:00 on 2025/09/04','2025-09-04 21:21:47','unread',4),(2468,17,'Yatin Fakir failed to clock in for their shift starting at 21:20:00 on 2025/09/04','2025-09-04 21:21:47','read',4),(2469,20,'You have been assigned a replacement shift for Sparkler Girl on 2025/09/04 from 21:20:00 to 21:21:00 due to a missed clock-in.','2025-09-04 21:21:47','unread',3),(2470,1,'Replacement Successful: Alexa Grasso assigned to Sparkler Girl shift on 2025/09/04 at 21:20:00','2025-09-04 21:21:47','unread',4),(2471,17,'Replacement Successful: Alexa Grasso assigned to Sparkler Girl shift on 2025/09/04 at 21:20:00','2025-09-04 21:21:47','read',4),(2472,1,'Alexa Grasso failed to clock in for their shift starting at 21:20:00 on 2025/09/04','2025-09-04 21:21:48','unread',4),(2473,17,'Alexa Grasso failed to clock in for their shift starting at 21:20:00 on 2025/09/04','2025-09-04 21:21:48','read',4),(2474,13,'You have been assigned a replacement shift for Sparkler Girl on 2025/09/04 from 21:20:00 to 21:21:00 due to a missed clock-in.','2025-09-04 21:21:48','unread',3),(2475,1,'Replacement Successful: Yatin Fakir assigned to Sparkler Girl shift on 2025/09/04 at 21:20:00','2025-09-04 21:21:48','unread',4),(2476,17,'Replacement Successful: Yatin Fakir assigned to Sparkler Girl shift on 2025/09/04 at 21:20:00','2025-09-04 21:21:48','read',4),(2477,1,'Yatin Fakir failed to clock in for their shift starting at 21:20:00 on 2025/09/04','2025-09-04 21:21:49','unread',4),(2478,17,'Yatin Fakir failed to clock in for their shift starting at 21:20:00 on 2025/09/04','2025-09-04 21:21:49','read',4),(2479,20,'You have been assigned a replacement shift for Sparkler Girl on 2025/09/04 from 21:20:00 to 21:21:00 due to a missed clock-in.','2025-09-04 21:21:49','unread',3),(2480,1,'Replacement Successful: Alexa Grasso assigned to Sparkler Girl shift on 2025/09/04 at 21:20:00','2025-09-04 21:21:49','unread',4),(2481,17,'Replacement Successful: Alexa Grasso assigned to Sparkler Girl shift on 2025/09/04 at 21:20:00','2025-09-04 21:21:49','read',4),(2482,1,'Alexa Grasso failed to clock in for their shift starting at 21:20:00 on 2025/09/04','2025-09-04 21:21:50','unread',4),(2483,17,'Alexa Grasso failed to clock in for their shift starting at 21:20:00 on 2025/09/04','2025-09-04 21:21:50','read',4),(2484,13,'You have been assigned a replacement shift for Sparkler Girl on 2025/09/04 from 21:20:00 to 21:21:00 due to a missed clock-in.','2025-09-04 21:21:50','unread',3),(2485,1,'Replacement Successful: Yatin Fakir assigned to Sparkler Girl shift on 2025/09/04 at 21:20:00','2025-09-04 21:21:50','unread',4),(2486,17,'Replacement Successful: Yatin Fakir assigned to Sparkler Girl shift on 2025/09/04 at 21:20:00','2025-09-04 21:21:50','read',4),(2487,1,'Yatin Fakir failed to clock in for their shift starting at 21:20:00 on 2025/09/04','2025-09-04 21:21:51','unread',4),(2488,17,'Yatin Fakir failed to clock in for their shift starting at 21:20:00 on 2025/09/04','2025-09-04 21:21:51','read',4),(2489,20,'You have been assigned a replacement shift for Sparkler Girl on 2025/09/04 from 21:20:00 to 21:21:00 due to a missed clock-in.','2025-09-04 21:21:51','unread',3),(2490,1,'Replacement Successful: Alexa Grasso assigned to Sparkler Girl shift on 2025/09/04 at 21:20:00','2025-09-04 21:21:51','unread',4),(2491,17,'Replacement Successful: Alexa Grasso assigned to Sparkler Girl shift on 2025/09/04 at 21:20:00','2025-09-04 21:21:51','read',4),(2492,1,'Alexa Grasso failed to clock in for their shift starting at 21:20:00 on 2025/09/04','2025-09-04 21:21:52','unread',4),(2493,17,'Alexa Grasso failed to clock in for their shift starting at 21:20:00 on 2025/09/04','2025-09-04 21:21:52','read',4),(2494,13,'You have been assigned a replacement shift for Sparkler Girl on 2025/09/04 from 21:20:00 to 21:21:00 due to a missed clock-in.','2025-09-04 21:21:52','unread',3),(2495,1,'Replacement Successful: Yatin Fakir assigned to Sparkler Girl shift on 2025/09/04 at 21:20:00','2025-09-04 21:21:52','unread',4),(2496,17,'Replacement Successful: Yatin Fakir assigned to Sparkler Girl shift on 2025/09/04 at 21:20:00','2025-09-04 21:21:52','read',4),(2497,1,'Yatin Fakir failed to clock in for their shift starting at 21:20:00 on 2025/09/04','2025-09-04 21:21:53','unread',4),(2498,17,'Yatin Fakir failed to clock in for their shift starting at 21:20:00 on 2025/09/04','2025-09-04 21:21:53','read',4),(2499,20,'You have been assigned a replacement shift for Sparkler Girl on 2025/09/04 from 21:20:00 to 21:21:00 due to a missed clock-in.','2025-09-04 21:21:53','unread',3),(2500,1,'Replacement Successful: Alexa Grasso assigned to Sparkler Girl shift on 2025/09/04 at 21:20:00','2025-09-04 21:21:53','unread',4),(2501,17,'Replacement Successful: Alexa Grasso assigned to Sparkler Girl shift on 2025/09/04 at 21:20:00','2025-09-04 21:21:53','read',4),(2502,1,'Alexa Grasso failed to clock in for their shift starting at 21:20:00 on 2025/09/04','2025-09-04 21:21:54','unread',4),(2503,17,'Alexa Grasso failed to clock in for their shift starting at 21:20:00 on 2025/09/04','2025-09-04 21:21:54','read',4),(2504,13,'You have been assigned a replacement shift for Sparkler Girl on 2025/09/04 from 21:20:00 to 21:21:00 due to a missed clock-in.','2025-09-04 21:21:54','unread',3),(2505,1,'Replacement Successful: Yatin Fakir assigned to Sparkler Girl shift on 2025/09/04 at 21:20:00','2025-09-04 21:21:54','unread',4),(2506,17,'Replacement Successful: Yatin Fakir assigned to Sparkler Girl shift on 2025/09/04 at 21:20:00','2025-09-04 21:21:54','read',4),(2507,1,'Yatin Fakir failed to clock in for their shift starting at 21:20:00 on 2025/09/04','2025-09-04 21:21:55','unread',4),(2508,17,'Yatin Fakir failed to clock in for their shift starting at 21:20:00 on 2025/09/04','2025-09-04 21:21:55','read',4),(2509,20,'You have been assigned a replacement shift for Sparkler Girl on 2025/09/04 from 21:20:00 to 21:21:00 due to a missed clock-in.','2025-09-04 21:21:55','unread',3),(2510,1,'Replacement Successful: Alexa Grasso assigned to Sparkler Girl shift on 2025/09/04 at 21:20:00','2025-09-04 21:21:55','unread',4),(2511,17,'Replacement Successful: Alexa Grasso assigned to Sparkler Girl shift on 2025/09/04 at 21:20:00','2025-09-04 21:21:55','read',4),(2512,1,'Alexa Grasso failed to clock in for their shift starting at 21:20:00 on 2025/09/04','2025-09-04 21:21:56','unread',4),(2513,17,'Alexa Grasso failed to clock in for their shift starting at 21:20:00 on 2025/09/04','2025-09-04 21:21:56','read',4),(2514,13,'You have been assigned a replacement shift for Sparkler Girl on 2025/09/04 from 21:20:00 to 21:21:00 due to a missed clock-in.','2025-09-04 21:21:56','unread',3),(2515,1,'Replacement Successful: Yatin Fakir assigned to Sparkler Girl shift on 2025/09/04 at 21:20:00','2025-09-04 21:21:56','unread',4),(2516,17,'Replacement Successful: Yatin Fakir assigned to Sparkler Girl shift on 2025/09/04 at 21:20:00','2025-09-04 21:21:56','read',4),(2517,1,'Yatin Fakir failed to clock in for their shift starting at 21:20:00 on 2025/09/04','2025-09-04 21:21:57','unread',4),(2518,17,'Yatin Fakir failed to clock in for their shift starting at 21:20:00 on 2025/09/04','2025-09-04 21:21:57','read',4),(2519,20,'You have been assigned a replacement shift for Sparkler Girl on 2025/09/04 from 21:20:00 to 21:21:00 due to a missed clock-in.','2025-09-04 21:21:57','unread',3),(2520,1,'Replacement Successful: Alexa Grasso assigned to Sparkler Girl shift on 2025/09/04 at 21:20:00','2025-09-04 21:21:57','unread',4),(2521,17,'Replacement Successful: Alexa Grasso assigned to Sparkler Girl shift on 2025/09/04 at 21:20:00','2025-09-04 21:21:57','read',4),(2522,1,'Alexa Grasso failed to clock in for their shift starting at 21:20:00 on 2025/09/04','2025-09-04 21:21:58','unread',4),(2523,17,'Alexa Grasso failed to clock in for their shift starting at 21:20:00 on 2025/09/04','2025-09-04 21:21:58','read',4),(2524,13,'You have been assigned a replacement shift for Sparkler Girl on 2025/09/04 from 21:20:00 to 21:21:00 due to a missed clock-in.','2025-09-04 21:21:58','unread',3),(2525,1,'Replacement Successful: Yatin Fakir assigned to Sparkler Girl shift on 2025/09/04 at 21:20:00','2025-09-04 21:21:58','unread',4),(2526,17,'Replacement Successful: Yatin Fakir assigned to Sparkler Girl shift on 2025/09/04 at 21:20:00','2025-09-04 21:21:58','read',4),(2527,1,'Yatin Fakir failed to clock in for their shift starting at 21:20:00 on 2025/09/04','2025-09-04 21:21:59','unread',4),(2528,17,'Yatin Fakir failed to clock in for their shift starting at 21:20:00 on 2025/09/04','2025-09-04 21:21:59','read',4),(2529,20,'You have been assigned a replacement shift for Sparkler Girl on 2025/09/04 from 21:20:00 to 21:21:00 due to a missed clock-in.','2025-09-04 21:21:59','unread',3),(2530,1,'Replacement Successful: Alexa Grasso assigned to Sparkler Girl shift on 2025/09/04 at 21:20:00','2025-09-04 21:21:59','unread',4),(2531,17,'Replacement Successful: Alexa Grasso assigned to Sparkler Girl shift on 2025/09/04 at 21:20:00','2025-09-04 21:21:59','read',4),(2532,1,'Yatin Fakir failed to clock in for their shift starting at 21:20:00 on 2025/09/04','2025-09-04 21:21:59','unread',4),(2533,17,'Yatin Fakir failed to clock in for their shift starting at 21:20:00 on 2025/09/04','2025-09-04 21:21:59','read',4),(2534,20,'You have been assigned a replacement shift for Sparkler Girl on 2025/09/04 from 21:20:00 to 21:21:00 due to a missed clock-in.','2025-09-04 21:21:59','unread',3),(2535,1,'Replacement Successful: Alexa Grasso assigned to Sparkler Girl shift on 2025/09/04 at 21:20:00','2025-09-04 21:21:59','unread',4),(2536,17,'Replacement Successful: Alexa Grasso assigned to Sparkler Girl shift on 2025/09/04 at 21:20:00','2025-09-04 21:21:59','read',4),(2537,1,'Alexa Grasso failed to clock in for their shift starting at 21:20:00 on 2025/09/04','2025-09-04 21:22:00','unread',4),(2538,17,'Alexa Grasso failed to clock in for their shift starting at 21:20:00 on 2025/09/04','2025-09-04 21:22:00','read',4),(2539,13,'You have been assigned a replacement shift for Sparkler Girl on 2025/09/04 from 21:20:00 to 21:21:00 due to a missed clock-in.','2025-09-04 21:22:00','unread',3),(2540,1,'Replacement Successful: Yatin Fakir assigned to Sparkler Girl shift on 2025/09/04 at 21:20:00','2025-09-04 21:22:00','unread',4),(2541,17,'Replacement Successful: Yatin Fakir assigned to Sparkler Girl shift on 2025/09/04 at 21:20:00','2025-09-04 21:22:00','read',4),(2542,1,'Alexa Grasso failed to clock in for their shift starting at 21:20:00 on 2025/09/04','2025-09-04 21:22:00','unread',4),(2543,17,'Alexa Grasso failed to clock in for their shift starting at 21:20:00 on 2025/09/04','2025-09-04 21:22:00','read',4),(2544,1,'Shift Replacement Failed: All standby Sparkler Girl employees have conflicting shifts for missed shift on 2025/09/04 at 21:20:00','2025-09-04 21:22:00','unread',4),(2545,17,'Shift Replacement Failed: All standby Sparkler Girl employees have conflicting shifts for missed shift on 2025/09/04 at 21:20:00','2025-09-04 21:22:00','read',4),(2546,1,'Yatin Fakir failed to clock in for their shift starting at 21:20:00 on 2025/09/04','2025-09-04 21:22:01','unread',4),(2547,17,'Yatin Fakir failed to clock in for their shift starting at 21:20:00 on 2025/09/04','2025-09-04 21:22:01','read',4),(2548,20,'You have been assigned a replacement shift for Sparkler Girl on 2025/09/04 from 21:20:00 to 21:21:00 due to a missed clock-in.','2025-09-04 21:22:01','unread',3),(2549,1,'Replacement Successful: Alexa Grasso assigned to Sparkler Girl shift on 2025/09/04 at 21:20:00','2025-09-04 21:22:01','unread',4),(2550,17,'Replacement Successful: Alexa Grasso assigned to Sparkler Girl shift on 2025/09/04 at 21:20:00','2025-09-04 21:22:01','read',4),(2551,1,'Alexa Grasso failed to clock in for their shift starting at 21:20:00 on 2025/09/04','2025-09-04 21:22:02','unread',4),(2552,17,'Alexa Grasso failed to clock in for their shift starting at 21:20:00 on 2025/09/04','2025-09-04 21:22:02','read',4),(2553,13,'You have been assigned a replacement shift for Sparkler Girl on 2025/09/04 from 21:20:00 to 21:21:00 due to a missed clock-in.','2025-09-04 21:22:02','unread',3),(2554,1,'Replacement Successful: Yatin Fakir assigned to Sparkler Girl shift on 2025/09/04 at 21:20:00','2025-09-04 21:22:02','unread',4),(2555,17,'Replacement Successful: Yatin Fakir assigned to Sparkler Girl shift on 2025/09/04 at 21:20:00','2025-09-04 21:22:02','read',4),(2556,1,'Yatin Fakir failed to clock in for their shift starting at 21:20:00 on 2025/09/04','2025-09-04 21:22:03','unread',4),(2557,17,'Yatin Fakir failed to clock in for their shift starting at 21:20:00 on 2025/09/04','2025-09-04 21:22:03','read',4),(2558,20,'You have been assigned a replacement shift for Sparkler Girl on 2025/09/04 from 21:20:00 to 21:21:00 due to a missed clock-in.','2025-09-04 21:22:03','unread',3),(2559,1,'Replacement Successful: Alexa Grasso assigned to Sparkler Girl shift on 2025/09/04 at 21:20:00','2025-09-04 21:22:03','unread',4),(2560,17,'Replacement Successful: Alexa Grasso assigned to Sparkler Girl shift on 2025/09/04 at 21:20:00','2025-09-04 21:22:03','read',4),(2561,1,'Alexa Grasso failed to clock in for their shift starting at 21:20:00 on 2025/09/04','2025-09-04 21:22:04','unread',4),(2562,17,'Alexa Grasso failed to clock in for their shift starting at 21:20:00 on 2025/09/04','2025-09-04 21:22:04','read',4),(2563,13,'You have been assigned a replacement shift for Sparkler Girl on 2025/09/04 from 21:20:00 to 21:21:00 due to a missed clock-in.','2025-09-04 21:22:04','unread',3),(2564,1,'Replacement Successful: Yatin Fakir assigned to Sparkler Girl shift on 2025/09/04 at 21:20:00','2025-09-04 21:22:04','unread',4),(2565,17,'Replacement Successful: Yatin Fakir assigned to Sparkler Girl shift on 2025/09/04 at 21:20:00','2025-09-04 21:22:04','read',4),(2566,1,'Yatin Fakir failed to clock in for their shift starting at 21:20:00 on 2025/09/04','2025-09-04 21:22:05','unread',4),(2567,17,'Yatin Fakir failed to clock in for their shift starting at 21:20:00 on 2025/09/04','2025-09-04 21:22:05','read',4),(2568,20,'You have been assigned a replacement shift for Sparkler Girl on 2025/09/04 from 21:20:00 to 21:21:00 due to a missed clock-in.','2025-09-04 21:22:05','unread',3),(2569,1,'Replacement Successful: Alexa Grasso assigned to Sparkler Girl shift on 2025/09/04 at 21:20:00','2025-09-04 21:22:05','unread',4),(2570,17,'Replacement Successful: Alexa Grasso assigned to Sparkler Girl shift on 2025/09/04 at 21:20:00','2025-09-04 21:22:05','read',4),(2571,1,'Alexa Grasso failed to clock in for their shift starting at 21:20:00 on 2025/09/04','2025-09-04 21:22:06','unread',4),(2572,17,'Alexa Grasso failed to clock in for their shift starting at 21:20:00 on 2025/09/04','2025-09-04 21:22:06','read',4),(2573,13,'You have been assigned a replacement shift for Sparkler Girl on 2025/09/04 from 21:20:00 to 21:21:00 due to a missed clock-in.','2025-09-04 21:22:06','unread',3),(2574,1,'Replacement Successful: Yatin Fakir assigned to Sparkler Girl shift on 2025/09/04 at 21:20:00','2025-09-04 21:22:06','unread',4),(2575,17,'Replacement Successful: Yatin Fakir assigned to Sparkler Girl shift on 2025/09/04 at 21:20:00','2025-09-04 21:22:06','read',4),(2576,1,'Yatin Fakir failed to clock in for their shift starting at 21:20:00 on 2025/09/04','2025-09-04 21:22:07','unread',4),(2577,17,'Yatin Fakir failed to clock in for their shift starting at 21:20:00 on 2025/09/04','2025-09-04 21:22:07','read',4),(2578,20,'You have been assigned a replacement shift for Sparkler Girl on 2025/09/04 from 21:20:00 to 21:21:00 due to a missed clock-in.','2025-09-04 21:22:07','unread',3),(2579,1,'Replacement Successful: Alexa Grasso assigned to Sparkler Girl shift on 2025/09/04 at 21:20:00','2025-09-04 21:22:07','unread',4),(2580,17,'Replacement Successful: Alexa Grasso assigned to Sparkler Girl shift on 2025/09/04 at 21:20:00','2025-09-04 21:22:07','read',4),(2581,1,'Alexa Grasso failed to clock in for their shift starting at 21:20:00 on 2025/09/04','2025-09-04 21:22:08','unread',4),(2582,17,'Alexa Grasso failed to clock in for their shift starting at 21:20:00 on 2025/09/04','2025-09-04 21:22:08','read',4),(2583,13,'You have been assigned a replacement shift for Sparkler Girl on 2025/09/04 from 21:20:00 to 21:21:00 due to a missed clock-in.','2025-09-04 21:22:08','unread',3),(2584,1,'Replacement Successful: Yatin Fakir assigned to Sparkler Girl shift on 2025/09/04 at 21:20:00','2025-09-04 21:22:08','unread',4),(2585,17,'Replacement Successful: Yatin Fakir assigned to Sparkler Girl shift on 2025/09/04 at 21:20:00','2025-09-04 21:22:08','read',4),(2586,1,'Yatin Fakir failed to clock in for their shift starting at 21:20:00 on 2025/09/04','2025-09-04 21:22:09','unread',4),(2587,17,'Yatin Fakir failed to clock in for their shift starting at 21:20:00 on 2025/09/04','2025-09-04 21:22:09','read',4),(2588,20,'You have been assigned a replacement shift for Sparkler Girl on 2025/09/04 from 21:20:00 to 21:21:00 due to a missed clock-in.','2025-09-04 21:22:09','unread',3),(2589,1,'Replacement Successful: Alexa Grasso assigned to Sparkler Girl shift on 2025/09/04 at 21:20:00','2025-09-04 21:22:09','unread',4),(2590,17,'Replacement Successful: Alexa Grasso assigned to Sparkler Girl shift on 2025/09/04 at 21:20:00','2025-09-04 21:22:09','read',4),(2591,1,'Alexa Grasso failed to clock in for their shift starting at 21:20:00 on 2025/09/04','2025-09-04 21:22:10','unread',4),(2592,17,'Alexa Grasso failed to clock in for their shift starting at 21:20:00 on 2025/09/04','2025-09-04 21:22:10','read',4),(2593,13,'You have been assigned a replacement shift for Sparkler Girl on 2025/09/04 from 21:20:00 to 21:21:00 due to a missed clock-in.','2025-09-04 21:22:10','unread',3),(2594,1,'Replacement Successful: Yatin Fakir assigned to Sparkler Girl shift on 2025/09/04 at 21:20:00','2025-09-04 21:22:10','unread',4),(2595,17,'Replacement Successful: Yatin Fakir assigned to Sparkler Girl shift on 2025/09/04 at 21:20:00','2025-09-04 21:22:10','read',4),(2596,1,'Yatin Fakir failed to clock in for their shift starting at 21:20:00 on 2025/09/04','2025-09-04 21:22:11','unread',4),(2597,17,'Yatin Fakir failed to clock in for their shift starting at 21:20:00 on 2025/09/04','2025-09-04 21:22:11','read',4),(2598,20,'You have been assigned a replacement shift for Sparkler Girl on 2025/09/04 from 21:20:00 to 21:21:00 due to a missed clock-in.','2025-09-04 21:22:11','unread',3),(2599,1,'Replacement Successful: Alexa Grasso assigned to Sparkler Girl shift on 2025/09/04 at 21:20:00','2025-09-04 21:22:11','unread',4),(2600,17,'Replacement Successful: Alexa Grasso assigned to Sparkler Girl shift on 2025/09/04 at 21:20:00','2025-09-04 21:22:11','read',4),(2601,1,'Alexa Grasso failed to clock in for their shift starting at 21:20:00 on 2025/09/04','2025-09-04 21:22:12','unread',4),(2602,17,'Alexa Grasso failed to clock in for their shift starting at 21:20:00 on 2025/09/04','2025-09-04 21:22:12','read',4),(2603,13,'You have been assigned a replacement shift for Sparkler Girl on 2025/09/04 from 21:20:00 to 21:21:00 due to a missed clock-in.','2025-09-04 21:22:12','unread',3),(2604,1,'Replacement Successful: Yatin Fakir assigned to Sparkler Girl shift on 2025/09/04 at 21:20:00','2025-09-04 21:22:12','unread',4),(2605,17,'Replacement Successful: Yatin Fakir assigned to Sparkler Girl shift on 2025/09/04 at 21:20:00','2025-09-04 21:22:12','read',4),(2606,1,'Yatin Fakir failed to clock in for their shift starting at 21:20:00 on 2025/09/04','2025-09-04 21:22:13','unread',4),(2607,17,'Yatin Fakir failed to clock in for their shift starting at 21:20:00 on 2025/09/04','2025-09-04 21:22:13','read',4),(2608,20,'You have been assigned a replacement shift for Sparkler Girl on 2025/09/04 from 21:20:00 to 21:21:00 due to a missed clock-in.','2025-09-04 21:22:13','unread',3),(2609,1,'Replacement Successful: Alexa Grasso assigned to Sparkler Girl shift on 2025/09/04 at 21:20:00','2025-09-04 21:22:13','unread',4),(2610,17,'Replacement Successful: Alexa Grasso assigned to Sparkler Girl shift on 2025/09/04 at 21:20:00','2025-09-04 21:22:13','read',4),(2611,1,'Alexa Grasso failed to clock in for their shift starting at 21:20:00 on 2025/09/04','2025-09-04 21:22:14','unread',4),(2612,17,'Alexa Grasso failed to clock in for their shift starting at 21:20:00 on 2025/09/04','2025-09-04 21:22:14','read',4),(2613,13,'You have been assigned a replacement shift for Sparkler Girl on 2025/09/04 from 21:20:00 to 21:21:00 due to a missed clock-in.','2025-09-04 21:22:14','unread',3),(2614,1,'Replacement Successful: Yatin Fakir assigned to Sparkler Girl shift on 2025/09/04 at 21:20:00','2025-09-04 21:22:14','unread',4),(2615,17,'Replacement Successful: Yatin Fakir assigned to Sparkler Girl shift on 2025/09/04 at 21:20:00','2025-09-04 21:22:14','read',4),(2616,1,'Yatin Fakir failed to clock in for their shift starting at 21:20:00 on 2025/09/04','2025-09-04 21:22:15','unread',4),(2617,17,'Yatin Fakir failed to clock in for their shift starting at 21:20:00 on 2025/09/04','2025-09-04 21:22:15','read',4),(2618,20,'You have been assigned a replacement shift for Sparkler Girl on 2025/09/04 from 21:20:00 to 21:21:00 due to a missed clock-in.','2025-09-04 21:22:15','unread',3),(2619,1,'Replacement Successful: Alexa Grasso assigned to Sparkler Girl shift on 2025/09/04 at 21:20:00','2025-09-04 21:22:15','unread',4),(2620,17,'Replacement Successful: Alexa Grasso assigned to Sparkler Girl shift on 2025/09/04 at 21:20:00','2025-09-04 21:22:15','read',4),(2621,1,'Alexa Grasso failed to clock in for their shift starting at 21:20:00 on 2025/09/04','2025-09-04 21:22:16','unread',4),(2622,17,'Alexa Grasso failed to clock in for their shift starting at 21:20:00 on 2025/09/04','2025-09-04 21:22:16','read',4),(2623,13,'You have been assigned a replacement shift for Sparkler Girl on 2025/09/04 from 21:20:00 to 21:21:00 due to a missed clock-in.','2025-09-04 21:22:16','unread',3),(2624,1,'Replacement Successful: Yatin Fakir assigned to Sparkler Girl shift on 2025/09/04 at 21:20:00','2025-09-04 21:22:16','unread',4),(2625,17,'Replacement Successful: Yatin Fakir assigned to Sparkler Girl shift on 2025/09/04 at 21:20:00','2025-09-04 21:22:16','read',4),(2626,1,'Yatin Fakir failed to clock in for their shift starting at 21:20:00 on 2025/09/04','2025-09-04 21:22:17','unread',4),(2627,17,'Yatin Fakir failed to clock in for their shift starting at 21:20:00 on 2025/09/04','2025-09-04 21:22:17','read',4),(2628,20,'You have been assigned a replacement shift for Sparkler Girl on 2025/09/04 from 21:20:00 to 21:21:00 due to a missed clock-in.','2025-09-04 21:22:17','unread',3),(2629,1,'Replacement Successful: Alexa Grasso assigned to Sparkler Girl shift on 2025/09/04 at 21:20:00','2025-09-04 21:22:17','unread',4),(2630,17,'Replacement Successful: Alexa Grasso assigned to Sparkler Girl shift on 2025/09/04 at 21:20:00','2025-09-04 21:22:17','read',4),(2631,1,'Alexa Grasso failed to clock in for their shift starting at 21:20:00 on 2025/09/04','2025-09-04 21:22:18','unread',4),(2632,17,'Alexa Grasso failed to clock in for their shift starting at 21:20:00 on 2025/09/04','2025-09-04 21:22:18','read',4),(2633,13,'You have been assigned a replacement shift for Sparkler Girl on 2025/09/04 from 21:20:00 to 21:21:00 due to a missed clock-in.','2025-09-04 21:22:18','unread',3),(2634,1,'Replacement Successful: Yatin Fakir assigned to Sparkler Girl shift on 2025/09/04 at 21:20:00','2025-09-04 21:22:18','unread',4),(2635,17,'Replacement Successful: Yatin Fakir assigned to Sparkler Girl shift on 2025/09/04 at 21:20:00','2025-09-04 21:22:18','read',4),(2636,1,'Yatin Fakir failed to clock in for their shift starting at 21:20:00 on 2025/09/04','2025-09-04 21:22:19','unread',4),(2637,17,'Yatin Fakir failed to clock in for their shift starting at 21:20:00 on 2025/09/04','2025-09-04 21:22:19','read',4),(2638,20,'You have been assigned a replacement shift for Sparkler Girl on 2025/09/04 from 21:20:00 to 21:21:00 due to a missed clock-in.','2025-09-04 21:22:19','unread',3),(2639,1,'Replacement Successful: Alexa Grasso assigned to Sparkler Girl shift on 2025/09/04 at 21:20:00','2025-09-04 21:22:19','unread',4),(2640,17,'Replacement Successful: Alexa Grasso assigned to Sparkler Girl shift on 2025/09/04 at 21:20:00','2025-09-04 21:22:19','read',4),(2641,1,'Alexa Grasso failed to clock in for their shift starting at 21:20:00 on 2025/09/04','2025-09-04 21:22:20','unread',4),(2642,17,'Alexa Grasso failed to clock in for their shift starting at 21:20:00 on 2025/09/04','2025-09-04 21:22:20','read',4),(2643,13,'You have been assigned a replacement shift for Sparkler Girl on 2025/09/04 from 21:20:00 to 21:21:00 due to a missed clock-in.','2025-09-04 21:22:20','unread',3),(2644,1,'Replacement Successful: Yatin Fakir assigned to Sparkler Girl shift on 2025/09/04 at 21:20:00','2025-09-04 21:22:20','unread',4),(2645,17,'Replacement Successful: Yatin Fakir assigned to Sparkler Girl shift on 2025/09/04 at 21:20:00','2025-09-04 21:22:20','read',4),(2646,1,'Yatin Fakir failed to clock in for their shift starting at 21:20:00 on 2025/09/04','2025-09-04 21:22:21','unread',4),(2647,17,'Yatin Fakir failed to clock in for their shift starting at 21:20:00 on 2025/09/04','2025-09-04 21:22:21','read',4),(2648,20,'You have been assigned a replacement shift for Sparkler Girl on 2025/09/04 from 21:20:00 to 21:21:00 due to a missed clock-in.','2025-09-04 21:22:21','unread',3),(2649,1,'Replacement Successful: Alexa Grasso assigned to Sparkler Girl shift on 2025/09/04 at 21:20:00','2025-09-04 21:22:21','unread',4),(2650,17,'Replacement Successful: Alexa Grasso assigned to Sparkler Girl shift on 2025/09/04 at 21:20:00','2025-09-04 21:22:21','read',4),(2651,1,'Alexa Grasso failed to clock in for their shift starting at 21:20:00 on 2025/09/04','2025-09-04 21:22:22','unread',4),(2652,17,'Alexa Grasso failed to clock in for their shift starting at 21:20:00 on 2025/09/04','2025-09-04 21:22:22','read',4),(2653,13,'You have been assigned a replacement shift for Sparkler Girl on 2025/09/04 from 21:20:00 to 21:21:00 due to a missed clock-in.','2025-09-04 21:22:22','unread',3),(2654,1,'Replacement Successful: Yatin Fakir assigned to Sparkler Girl shift on 2025/09/04 at 21:20:00','2025-09-04 21:22:22','unread',4),(2655,17,'Replacement Successful: Yatin Fakir assigned to Sparkler Girl shift on 2025/09/04 at 21:20:00','2025-09-04 21:22:22','read',4),(2656,1,'Yatin Fakir failed to clock in for their shift starting at 21:20:00 on 2025/09/04','2025-09-04 21:22:23','unread',4),(2657,17,'Yatin Fakir failed to clock in for their shift starting at 21:20:00 on 2025/09/04','2025-09-04 21:22:23','read',4),(2658,20,'You have been assigned a replacement shift for Sparkler Girl on 2025/09/04 from 21:20:00 to 21:21:00 due to a missed clock-in.','2025-09-04 21:22:23','unread',3),(2659,1,'Replacement Successful: Alexa Grasso assigned to Sparkler Girl shift on 2025/09/04 at 21:20:00','2025-09-04 21:22:23','unread',4),(2660,17,'Replacement Successful: Alexa Grasso assigned to Sparkler Girl shift on 2025/09/04 at 21:20:00','2025-09-04 21:22:23','read',4),(2661,1,'Alexa Grasso failed to clock in for their shift starting at 21:20:00 on 2025/09/04','2025-09-04 21:22:24','unread',4),(2662,17,'Alexa Grasso failed to clock in for their shift starting at 21:20:00 on 2025/09/04','2025-09-04 21:22:24','read',4),(2663,13,'You have been assigned a replacement shift for Sparkler Girl on 2025/09/04 from 21:20:00 to 21:21:00 due to a missed clock-in.','2025-09-04 21:22:24','unread',3),(2664,1,'Replacement Successful: Yatin Fakir assigned to Sparkler Girl shift on 2025/09/04 at 21:20:00','2025-09-04 21:22:24','unread',4),(2665,17,'Replacement Successful: Yatin Fakir assigned to Sparkler Girl shift on 2025/09/04 at 21:20:00','2025-09-04 21:22:24','read',4),(2666,1,'Yatin Fakir failed to clock in for their shift starting at 21:20:00 on 2025/09/04','2025-09-04 21:22:25','unread',4),(2667,17,'Yatin Fakir failed to clock in for their shift starting at 21:20:00 on 2025/09/04','2025-09-04 21:22:25','read',4),(2668,20,'You have been assigned a replacement shift for Sparkler Girl on 2025/09/04 from 21:20:00 to 21:21:00 due to a missed clock-in.','2025-09-04 21:22:25','unread',3),(2669,1,'Replacement Successful: Alexa Grasso assigned to Sparkler Girl shift on 2025/09/04 at 21:20:00','2025-09-04 21:22:25','unread',4),(2670,17,'Replacement Successful: Alexa Grasso assigned to Sparkler Girl shift on 2025/09/04 at 21:20:00','2025-09-04 21:22:25','read',4),(2671,1,'Alexa Grasso failed to clock in for their shift starting at 21:20:00 on 2025/09/04','2025-09-04 21:22:26','unread',4),(2672,17,'Alexa Grasso failed to clock in for their shift starting at 21:20:00 on 2025/09/04','2025-09-04 21:22:26','read',4),(2673,13,'You have been assigned a replacement shift for Sparkler Girl on 2025/09/04 from 21:20:00 to 21:21:00 due to a missed clock-in.','2025-09-04 21:22:26','unread',3),(2674,1,'Replacement Successful: Yatin Fakir assigned to Sparkler Girl shift on 2025/09/04 at 21:20:00','2025-09-04 21:22:26','unread',4),(2675,17,'Replacement Successful: Yatin Fakir assigned to Sparkler Girl shift on 2025/09/04 at 21:20:00','2025-09-04 21:22:26','read',4),(2676,1,'Yatin Fakir failed to clock in for their shift starting at 21:20:00 on 2025/09/04','2025-09-04 21:22:27','unread',4),(2677,17,'Yatin Fakir failed to clock in for their shift starting at 21:20:00 on 2025/09/04','2025-09-04 21:22:27','read',4),(2678,20,'You have been assigned a replacement shift for Sparkler Girl on 2025/09/04 from 21:20:00 to 21:21:00 due to a missed clock-in.','2025-09-04 21:22:27','unread',3),(2679,1,'Replacement Successful: Alexa Grasso assigned to Sparkler Girl shift on 2025/09/04 at 21:20:00','2025-09-04 21:22:27','unread',4),(2680,17,'Replacement Successful: Alexa Grasso assigned to Sparkler Girl shift on 2025/09/04 at 21:20:00','2025-09-04 21:22:27','read',4),(2681,1,'Alexa Grasso failed to clock in for their shift starting at 21:20:00 on 2025/09/04','2025-09-04 21:22:28','unread',4),(2682,17,'Alexa Grasso failed to clock in for their shift starting at 21:20:00 on 2025/09/04','2025-09-04 21:22:28','read',4),(2683,13,'You have been assigned a replacement shift for Sparkler Girl on 2025/09/04 from 21:20:00 to 21:21:00 due to a missed clock-in.','2025-09-04 21:22:28','unread',3),(2684,1,'Replacement Successful: Yatin Fakir assigned to Sparkler Girl shift on 2025/09/04 at 21:20:00','2025-09-04 21:22:28','unread',4),(2685,17,'Replacement Successful: Yatin Fakir assigned to Sparkler Girl shift on 2025/09/04 at 21:20:00','2025-09-04 21:22:28','read',4),(2686,1,'Yatin Fakir failed to clock in for their shift starting at 21:20:00 on 2025/09/04','2025-09-04 21:22:29','unread',4),(2687,17,'Yatin Fakir failed to clock in for their shift starting at 21:20:00 on 2025/09/04','2025-09-04 21:22:29','read',4),(2688,20,'You have been assigned a replacement shift for Sparkler Girl on 2025/09/04 from 21:20:00 to 21:21:00 due to a missed clock-in.','2025-09-04 21:22:29','unread',3),(2689,1,'Replacement Successful: Alexa Grasso assigned to Sparkler Girl shift on 2025/09/04 at 21:20:00','2025-09-04 21:22:29','unread',4),(2690,17,'Replacement Successful: Alexa Grasso assigned to Sparkler Girl shift on 2025/09/04 at 21:20:00','2025-09-04 21:22:29','read',4),(2691,1,'Alexa Grasso failed to clock in for their shift starting at 21:20:00 on 2025/09/04','2025-09-04 21:22:30','unread',4),(2692,17,'Alexa Grasso failed to clock in for their shift starting at 21:20:00 on 2025/09/04','2025-09-04 21:22:30','read',4),(2693,13,'You have been assigned a replacement shift for Sparkler Girl on 2025/09/04 from 21:20:00 to 21:21:00 due to a missed clock-in.','2025-09-04 21:22:30','unread',3),(2694,1,'Replacement Successful: Yatin Fakir assigned to Sparkler Girl shift on 2025/09/04 at 21:20:00','2025-09-04 21:22:30','unread',4),(2695,17,'Replacement Successful: Yatin Fakir assigned to Sparkler Girl shift on 2025/09/04 at 21:20:00','2025-09-04 21:22:30','read',4),(2696,1,'Yatin Fakir failed to clock in for their shift starting at 21:20:00 on 2025/09/04','2025-09-04 21:22:31','unread',4),(2697,17,'Yatin Fakir failed to clock in for their shift starting at 21:20:00 on 2025/09/04','2025-09-04 21:22:31','read',4),(2698,20,'You have been assigned a replacement shift for Sparkler Girl on 2025/09/04 from 21:20:00 to 21:21:00 due to a missed clock-in.','2025-09-04 21:22:31','unread',3),(2699,1,'Replacement Successful: Alexa Grasso assigned to Sparkler Girl shift on 2025/09/04 at 21:20:00','2025-09-04 21:22:31','unread',4),(2700,17,'Replacement Successful: Alexa Grasso assigned to Sparkler Girl shift on 2025/09/04 at 21:20:00','2025-09-04 21:22:31','read',4),(2701,1,'Alexa Grasso failed to clock in for their shift starting at 21:20:00 on 2025/09/04','2025-09-04 21:22:32','unread',4),(2702,17,'Alexa Grasso failed to clock in for their shift starting at 21:20:00 on 2025/09/04','2025-09-04 21:22:32','read',4),(2703,13,'You have been assigned a replacement shift for Sparkler Girl on 2025/09/04 from 21:20:00 to 21:21:00 due to a missed clock-in.','2025-09-04 21:22:32','unread',3),(2704,1,'Replacement Successful: Yatin Fakir assigned to Sparkler Girl shift on 2025/09/04 at 21:20:00','2025-09-04 21:22:32','unread',4),(2705,17,'Replacement Successful: Yatin Fakir assigned to Sparkler Girl shift on 2025/09/04 at 21:20:00','2025-09-04 21:22:32','read',4),(2706,1,'Yatin Fakir failed to clock in for their shift starting at 21:20:00 on 2025/09/04','2025-09-04 21:22:33','unread',4),(2707,17,'Yatin Fakir failed to clock in for their shift starting at 21:20:00 on 2025/09/04','2025-09-04 21:22:33','read',4),(2708,20,'You have been assigned a replacement shift for Sparkler Girl on 2025/09/04 from 21:20:00 to 21:21:00 due to a missed clock-in.','2025-09-04 21:22:33','unread',3),(2709,1,'Replacement Successful: Alexa Grasso assigned to Sparkler Girl shift on 2025/09/04 at 21:20:00','2025-09-04 21:22:33','unread',4),(2710,17,'Replacement Successful: Alexa Grasso assigned to Sparkler Girl shift on 2025/09/04 at 21:20:00','2025-09-04 21:22:33','read',4),(2711,1,'Alexa Grasso failed to clock in for their shift starting at 21:20:00 on 2025/09/04','2025-09-04 21:22:34','unread',4),(2712,17,'Alexa Grasso failed to clock in for their shift starting at 21:20:00 on 2025/09/04','2025-09-04 21:22:34','read',4),(2713,13,'You have been assigned a replacement shift for Sparkler Girl on 2025/09/04 from 21:20:00 to 21:21:00 due to a missed clock-in.','2025-09-04 21:22:34','unread',3),(2714,1,'Replacement Successful: Yatin Fakir assigned to Sparkler Girl shift on 2025/09/04 at 21:20:00','2025-09-04 21:22:34','unread',4),(2715,17,'Replacement Successful: Yatin Fakir assigned to Sparkler Girl shift on 2025/09/04 at 21:20:00','2025-09-04 21:22:34','read',4),(2716,1,'Yatin Fakir failed to clock in for their shift starting at 21:20:00 on 2025/09/04','2025-09-04 21:22:35','unread',4),(2717,17,'Yatin Fakir failed to clock in for their shift starting at 21:20:00 on 2025/09/04','2025-09-04 21:22:35','read',4),(2718,20,'You have been assigned a replacement shift for Sparkler Girl on 2025/09/04 from 21:20:00 to 21:21:00 due to a missed clock-in.','2025-09-04 21:22:35','unread',3),(2719,1,'Replacement Successful: Alexa Grasso assigned to Sparkler Girl shift on 2025/09/04 at 21:20:00','2025-09-04 21:22:35','unread',4),(2720,17,'Replacement Successful: Alexa Grasso assigned to Sparkler Girl shift on 2025/09/04 at 21:20:00','2025-09-04 21:22:35','read',4),(2721,1,'Alexa Grasso failed to clock in for their shift starting at 21:20:00 on 2025/09/04','2025-09-04 21:22:36','unread',4),(2722,17,'Alexa Grasso failed to clock in for their shift starting at 21:20:00 on 2025/09/04','2025-09-04 21:22:36','read',4),(2723,13,'You have been assigned a replacement shift for Sparkler Girl on 2025/09/04 from 21:20:00 to 21:21:00 due to a missed clock-in.','2025-09-04 21:22:36','unread',3),(2724,1,'Replacement Successful: Yatin Fakir assigned to Sparkler Girl shift on 2025/09/04 at 21:20:00','2025-09-04 21:22:36','unread',4),(2725,17,'Replacement Successful: Yatin Fakir assigned to Sparkler Girl shift on 2025/09/04 at 21:20:00','2025-09-04 21:22:36','read',4),(2726,1,'Yatin Fakir failed to clock in for their shift starting at 21:20:00 on 2025/09/04','2025-09-04 21:22:37','unread',4),(2727,17,'Yatin Fakir failed to clock in for their shift starting at 21:20:00 on 2025/09/04','2025-09-04 21:22:37','read',4),(2728,20,'You have been assigned a replacement shift for Sparkler Girl on 2025/09/04 from 21:20:00 to 21:21:00 due to a missed clock-in.','2025-09-04 21:22:37','unread',3),(2729,1,'Replacement Successful: Alexa Grasso assigned to Sparkler Girl shift on 2025/09/04 at 21:20:00','2025-09-04 21:22:37','unread',4),(2730,17,'Replacement Successful: Alexa Grasso assigned to Sparkler Girl shift on 2025/09/04 at 21:20:00','2025-09-04 21:22:37','read',4),(2731,1,'Alexa Grasso failed to clock in for their shift starting at 21:20:00 on 2025/09/04','2025-09-04 21:22:38','unread',4),(2732,17,'Alexa Grasso failed to clock in for their shift starting at 21:20:00 on 2025/09/04','2025-09-04 21:22:38','read',4),(2733,13,'You have been assigned a replacement shift for Sparkler Girl on 2025/09/04 from 21:20:00 to 21:21:00 due to a missed clock-in.','2025-09-04 21:22:38','unread',3),(2734,1,'Replacement Successful: Yatin Fakir assigned to Sparkler Girl shift on 2025/09/04 at 21:20:00','2025-09-04 21:22:38','unread',4),(2735,17,'Replacement Successful: Yatin Fakir assigned to Sparkler Girl shift on 2025/09/04 at 21:20:00','2025-09-04 21:22:38','read',4),(2736,1,'Yatin Fakir failed to clock in for their shift starting at 21:20:00 on 2025/09/04','2025-09-04 21:22:39','unread',4),(2737,17,'Yatin Fakir failed to clock in for their shift starting at 21:20:00 on 2025/09/04','2025-09-04 21:22:39','read',4),(2738,20,'You have been assigned a replacement shift for Sparkler Girl on 2025/09/04 from 21:20:00 to 21:21:00 due to a missed clock-in.','2025-09-04 21:22:39','unread',3),(2739,1,'Replacement Successful: Alexa Grasso assigned to Sparkler Girl shift on 2025/09/04 at 21:20:00','2025-09-04 21:22:39','unread',4),(2740,17,'Replacement Successful: Alexa Grasso assigned to Sparkler Girl shift on 2025/09/04 at 21:20:00','2025-09-04 21:22:39','read',4),(2741,1,'Alexa Grasso failed to clock in for their shift starting at 21:20:00 on 2025/09/04','2025-09-04 21:22:40','unread',4),(2742,17,'Alexa Grasso failed to clock in for their shift starting at 21:20:00 on 2025/09/04','2025-09-04 21:22:40','read',4),(2743,13,'You have been assigned a replacement shift for Sparkler Girl on 2025/09/04 from 21:20:00 to 21:21:00 due to a missed clock-in.','2025-09-04 21:22:40','unread',3),(2744,1,'Replacement Successful: Yatin Fakir assigned to Sparkler Girl shift on 2025/09/04 at 21:20:00','2025-09-04 21:22:40','unread',4),(2745,17,'Replacement Successful: Yatin Fakir assigned to Sparkler Girl shift on 2025/09/04 at 21:20:00','2025-09-04 21:22:40','read',4),(2746,1,'Yatin Fakir failed to clock in for their shift starting at 21:20:00 on 2025/09/04','2025-09-04 21:22:41','unread',4),(2747,17,'Yatin Fakir failed to clock in for their shift starting at 21:20:00 on 2025/09/04','2025-09-04 21:22:41','read',4),(2748,20,'You have been assigned a replacement shift for Sparkler Girl on 2025/09/04 from 21:20:00 to 21:21:00 due to a missed clock-in.','2025-09-04 21:22:41','unread',3),(2749,1,'Replacement Successful: Alexa Grasso assigned to Sparkler Girl shift on 2025/09/04 at 21:20:00','2025-09-04 21:22:41','unread',4),(2750,17,'Replacement Successful: Alexa Grasso assigned to Sparkler Girl shift on 2025/09/04 at 21:20:00','2025-09-04 21:22:41','read',4),(2751,1,'Alexa Grasso failed to clock in for their shift starting at 21:20:00 on 2025/09/04','2025-09-04 21:22:42','unread',4),(2752,17,'Alexa Grasso failed to clock in for their shift starting at 21:20:00 on 2025/09/04','2025-09-04 21:22:42','read',4),(2753,13,'You have been assigned a replacement shift for Sparkler Girl on 2025/09/04 from 21:20:00 to 21:21:00 due to a missed clock-in.','2025-09-04 21:22:42','unread',3),(2754,1,'Replacement Successful: Yatin Fakir assigned to Sparkler Girl shift on 2025/09/04 at 21:20:00','2025-09-04 21:22:42','unread',4),(2755,17,'Replacement Successful: Yatin Fakir assigned to Sparkler Girl shift on 2025/09/04 at 21:20:00','2025-09-04 21:22:42','read',4),(2756,1,'Yatin Fakir failed to clock in for their shift starting at 21:20:00 on 2025/09/04','2025-09-04 21:22:43','unread',4),(2757,17,'Yatin Fakir failed to clock in for their shift starting at 21:20:00 on 2025/09/04','2025-09-04 21:22:43','read',4),(2758,20,'You have been assigned a replacement shift for Sparkler Girl on 2025/09/04 from 21:20:00 to 21:21:00 due to a missed clock-in.','2025-09-04 21:22:43','unread',3),(2759,1,'Replacement Successful: Alexa Grasso assigned to Sparkler Girl shift on 2025/09/04 at 21:20:00','2025-09-04 21:22:43','unread',4),(2760,17,'Replacement Successful: Alexa Grasso assigned to Sparkler Girl shift on 2025/09/04 at 21:20:00','2025-09-04 21:22:43','read',4),(2761,1,'Alexa Grasso failed to clock in for their shift starting at 21:20:00 on 2025/09/04','2025-09-04 21:22:44','unread',4),(2762,17,'Alexa Grasso failed to clock in for their shift starting at 21:20:00 on 2025/09/04','2025-09-04 21:22:44','read',4),(2763,13,'You have been assigned a replacement shift for Sparkler Girl on 2025/09/04 from 21:20:00 to 21:21:00 due to a missed clock-in.','2025-09-04 21:22:44','unread',3),(2764,1,'Replacement Successful: Yatin Fakir assigned to Sparkler Girl shift on 2025/09/04 at 21:20:00','2025-09-04 21:22:44','unread',4),(2765,17,'Replacement Successful: Yatin Fakir assigned to Sparkler Girl shift on 2025/09/04 at 21:20:00','2025-09-04 21:22:44','read',4),(2766,1,'Yatin Fakir failed to clock in for their shift starting at 21:20:00 on 2025/09/04','2025-09-04 21:22:45','unread',4),(2767,17,'Yatin Fakir failed to clock in for their shift starting at 21:20:00 on 2025/09/04','2025-09-04 21:22:45','read',4),(2768,20,'You have been assigned a replacement shift for Sparkler Girl on 2025/09/04 from 21:20:00 to 21:21:00 due to a missed clock-in.','2025-09-04 21:22:45','unread',3),(2769,1,'Replacement Successful: Alexa Grasso assigned to Sparkler Girl shift on 2025/09/04 at 21:20:00','2025-09-04 21:22:45','unread',4),(2770,17,'Replacement Successful: Alexa Grasso assigned to Sparkler Girl shift on 2025/09/04 at 21:20:00','2025-09-04 21:22:45','read',4),(2771,1,'Alexa Grasso failed to clock in for their shift starting at 21:20:00 on 2025/09/04','2025-09-04 21:22:46','unread',4),(2772,17,'Alexa Grasso failed to clock in for their shift starting at 21:20:00 on 2025/09/04','2025-09-04 21:22:46','read',4),(2773,13,'You have been assigned a replacement shift for Sparkler Girl on 2025/09/04 from 21:20:00 to 21:21:00 due to a missed clock-in.','2025-09-04 21:22:46','unread',3),(2774,1,'Replacement Successful: Yatin Fakir assigned to Sparkler Girl shift on 2025/09/04 at 21:20:00','2025-09-04 21:22:46','unread',4),(2775,17,'Replacement Successful: Yatin Fakir assigned to Sparkler Girl shift on 2025/09/04 at 21:20:00','2025-09-04 21:22:46','read',4),(2776,1,'Yatin Fakir failed to clock in for their shift starting at 21:20:00 on 2025/09/04','2025-09-04 21:22:47','unread',4),(2777,17,'Yatin Fakir failed to clock in for their shift starting at 21:20:00 on 2025/09/04','2025-09-04 21:22:47','read',4),(2778,20,'You have been assigned a replacement shift for Sparkler Girl on 2025/09/04 from 21:20:00 to 21:21:00 due to a missed clock-in.','2025-09-04 21:22:47','unread',3),(2779,1,'Replacement Successful: Alexa Grasso assigned to Sparkler Girl shift on 2025/09/04 at 21:20:00','2025-09-04 21:22:47','unread',4),(2780,17,'Replacement Successful: Alexa Grasso assigned to Sparkler Girl shift on 2025/09/04 at 21:20:00','2025-09-04 21:22:47','read',4),(2781,1,'Alexa Grasso failed to clock in for their shift starting at 21:20:00 on 2025/09/04','2025-09-04 21:22:48','unread',4),(2782,17,'Alexa Grasso failed to clock in for their shift starting at 21:20:00 on 2025/09/04','2025-09-04 21:22:48','read',4),(2783,13,'You have been assigned a replacement shift for Sparkler Girl on 2025/09/04 from 21:20:00 to 21:21:00 due to a missed clock-in.','2025-09-04 21:22:48','unread',3),(2784,1,'Replacement Successful: Yatin Fakir assigned to Sparkler Girl shift on 2025/09/04 at 21:20:00','2025-09-04 21:22:48','unread',4),(2785,17,'Replacement Successful: Yatin Fakir assigned to Sparkler Girl shift on 2025/09/04 at 21:20:00','2025-09-04 21:22:48','read',4),(2786,1,'Yatin Fakir failed to clock in for their shift starting at 21:20:00 on 2025/09/04','2025-09-04 21:22:49','unread',4),(2787,17,'Yatin Fakir failed to clock in for their shift starting at 21:20:00 on 2025/09/04','2025-09-04 21:22:49','read',4),(2788,20,'You have been assigned a replacement shift for Sparkler Girl on 2025/09/04 from 21:20:00 to 21:21:00 due to a missed clock-in.','2025-09-04 21:22:49','unread',3),(2789,1,'Replacement Successful: Alexa Grasso assigned to Sparkler Girl shift on 2025/09/04 at 21:20:00','2025-09-04 21:22:49','unread',4),(2790,17,'Replacement Successful: Alexa Grasso assigned to Sparkler Girl shift on 2025/09/04 at 21:20:00','2025-09-04 21:22:49','read',4),(2791,1,'Alexa Grasso failed to clock in for their shift starting at 21:20:00 on 2025/09/04','2025-09-04 21:22:50','unread',4),(2792,17,'Alexa Grasso failed to clock in for their shift starting at 21:20:00 on 2025/09/04','2025-09-04 21:22:50','read',4),(2793,13,'You have been assigned a replacement shift for Sparkler Girl on 2025/09/04 from 21:20:00 to 21:21:00 due to a missed clock-in.','2025-09-04 21:22:50','unread',3),(2794,1,'Replacement Successful: Yatin Fakir assigned to Sparkler Girl shift on 2025/09/04 at 21:20:00','2025-09-04 21:22:50','unread',4),(2795,17,'Replacement Successful: Yatin Fakir assigned to Sparkler Girl shift on 2025/09/04 at 21:20:00','2025-09-04 21:22:50','read',4),(2796,1,'Yatin Fakir failed to clock in for their shift starting at 21:20:00 on 2025/09/04','2025-09-04 21:22:51','unread',4),(2797,17,'Yatin Fakir failed to clock in for their shift starting at 21:20:00 on 2025/09/04','2025-09-04 21:22:51','read',4),(2798,20,'You have been assigned a replacement shift for Sparkler Girl on 2025/09/04 from 21:20:00 to 21:21:00 due to a missed clock-in.','2025-09-04 21:22:51','unread',3),(2799,1,'Replacement Successful: Alexa Grasso assigned to Sparkler Girl shift on 2025/09/04 at 21:20:00','2025-09-04 21:22:51','unread',4),(2800,17,'Replacement Successful: Alexa Grasso assigned to Sparkler Girl shift on 2025/09/04 at 21:20:00','2025-09-04 21:22:51','read',4),(2801,1,'Alexa Grasso failed to clock in for their shift starting at 21:20:00 on 2025/09/04','2025-09-04 21:22:52','unread',4),(2802,17,'Alexa Grasso failed to clock in for their shift starting at 21:20:00 on 2025/09/04','2025-09-04 21:22:52','read',4),(2803,13,'You have been assigned a replacement shift for Sparkler Girl on 2025/09/04 from 21:20:00 to 21:21:00 due to a missed clock-in.','2025-09-04 21:22:52','unread',3),(2804,1,'Replacement Successful: Yatin Fakir assigned to Sparkler Girl shift on 2025/09/04 at 21:20:00','2025-09-04 21:22:52','unread',4),(2805,17,'Replacement Successful: Yatin Fakir assigned to Sparkler Girl shift on 2025/09/04 at 21:20:00','2025-09-04 21:22:52','read',4),(2806,1,'Yatin Fakir failed to clock in for their shift starting at 21:20:00 on 2025/09/04','2025-09-04 21:22:53','unread',4),(2807,17,'Yatin Fakir failed to clock in for their shift starting at 21:20:00 on 2025/09/04','2025-09-04 21:22:53','read',4),(2808,20,'You have been assigned a replacement shift for Sparkler Girl on 2025/09/04 from 21:20:00 to 21:21:00 due to a missed clock-in.','2025-09-04 21:22:53','unread',3),(2809,1,'Replacement Successful: Alexa Grasso assigned to Sparkler Girl shift on 2025/09/04 at 21:20:00','2025-09-04 21:22:53','unread',4),(2810,17,'Replacement Successful: Alexa Grasso assigned to Sparkler Girl shift on 2025/09/04 at 21:20:00','2025-09-04 21:22:53','read',4),(2811,1,'Alexa Grasso failed to clock in for their shift starting at 21:20:00 on 2025/09/04','2025-09-04 21:22:54','unread',4),(2812,17,'Alexa Grasso failed to clock in for their shift starting at 21:20:00 on 2025/09/04','2025-09-04 21:22:54','read',4),(2813,13,'You have been assigned a replacement shift for Sparkler Girl on 2025/09/04 from 21:20:00 to 21:21:00 due to a missed clock-in.','2025-09-04 21:22:54','unread',3),(2814,1,'Replacement Successful: Yatin Fakir assigned to Sparkler Girl shift on 2025/09/04 at 21:20:00','2025-09-04 21:22:54','unread',4),(2815,17,'Replacement Successful: Yatin Fakir assigned to Sparkler Girl shift on 2025/09/04 at 21:20:00','2025-09-04 21:22:54','read',4),(2816,1,'Yatin Fakir failed to clock in for their shift starting at 21:20:00 on 2025/09/04','2025-09-04 21:22:55','unread',4),(2817,17,'Yatin Fakir failed to clock in for their shift starting at 21:20:00 on 2025/09/04','2025-09-04 21:22:55','read',4),(2818,20,'You have been assigned a replacement shift for Sparkler Girl on 2025/09/04 from 21:20:00 to 21:21:00 due to a missed clock-in.','2025-09-04 21:22:55','unread',3),(2819,1,'Replacement Successful: Alexa Grasso assigned to Sparkler Girl shift on 2025/09/04 at 21:20:00','2025-09-04 21:22:55','unread',4),(2820,17,'Replacement Successful: Alexa Grasso assigned to Sparkler Girl shift on 2025/09/04 at 21:20:00','2025-09-04 21:22:55','read',4),(2821,1,'Alexa Grasso failed to clock in for their shift starting at 21:20:00 on 2025/09/04','2025-09-04 21:22:56','unread',4),(2822,17,'Alexa Grasso failed to clock in for their shift starting at 21:20:00 on 2025/09/04','2025-09-04 21:22:56','read',4),(2823,13,'You have been assigned a replacement shift for Sparkler Girl on 2025/09/04 from 21:20:00 to 21:21:00 due to a missed clock-in.','2025-09-04 21:22:56','unread',3),(2824,1,'Replacement Successful: Yatin Fakir assigned to Sparkler Girl shift on 2025/09/04 at 21:20:00','2025-09-04 21:22:56','unread',4),(2825,17,'Replacement Successful: Yatin Fakir assigned to Sparkler Girl shift on 2025/09/04 at 21:20:00','2025-09-04 21:22:56','read',4),(2826,1,'Yatin Fakir failed to clock in for their shift starting at 21:20:00 on 2025/09/04','2025-09-04 21:22:57','unread',4),(2827,17,'Yatin Fakir failed to clock in for their shift starting at 21:20:00 on 2025/09/04','2025-09-04 21:22:57','read',4),(2828,20,'You have been assigned a replacement shift for Sparkler Girl on 2025/09/04 from 21:20:00 to 21:21:00 due to a missed clock-in.','2025-09-04 21:22:57','unread',3),(2829,1,'Replacement Successful: Alexa Grasso assigned to Sparkler Girl shift on 2025/09/04 at 21:20:00','2025-09-04 21:22:57','unread',4),(2830,17,'Replacement Successful: Alexa Grasso assigned to Sparkler Girl shift on 2025/09/04 at 21:20:00','2025-09-04 21:22:57','read',4),(2831,1,'Alexa Grasso failed to clock in for their shift starting at 21:20:00 on 2025/09/04','2025-09-04 21:22:58','unread',4),(2832,17,'Alexa Grasso failed to clock in for their shift starting at 21:20:00 on 2025/09/04','2025-09-04 21:22:58','read',4),(2833,13,'You have been assigned a replacement shift for Sparkler Girl on 2025/09/04 from 21:20:00 to 21:21:00 due to a missed clock-in.','2025-09-04 21:22:58','unread',3),(2834,1,'Replacement Successful: Yatin Fakir assigned to Sparkler Girl shift on 2025/09/04 at 21:20:00','2025-09-04 21:22:58','unread',4),(2835,17,'Replacement Successful: Yatin Fakir assigned to Sparkler Girl shift on 2025/09/04 at 21:20:00','2025-09-04 21:22:58','read',4),(2836,1,'Yatin Fakir failed to clock in for their shift starting at 21:20:00 on 2025/09/04','2025-09-04 21:22:59','unread',4),(2837,17,'Yatin Fakir failed to clock in for their shift starting at 21:20:00 on 2025/09/04','2025-09-04 21:22:59','read',4),(2838,20,'You have been assigned a replacement shift for Sparkler Girl on 2025/09/04 from 21:20:00 to 21:21:00 due to a missed clock-in.','2025-09-04 21:22:59','unread',3),(2839,1,'Replacement Successful: Alexa Grasso assigned to Sparkler Girl shift on 2025/09/04 at 21:20:00','2025-09-04 21:22:59','unread',4),(2840,17,'Replacement Successful: Alexa Grasso assigned to Sparkler Girl shift on 2025/09/04 at 21:20:00','2025-09-04 21:22:59','read',4),(2841,1,'Alexa Grasso failed to clock in for their shift starting at 21:20:00 on 2025/09/04','2025-09-04 21:23:00','unread',4),(2842,17,'Alexa Grasso failed to clock in for their shift starting at 21:20:00 on 2025/09/04','2025-09-04 21:23:00','read',4),(2843,13,'You have been assigned a replacement shift for Sparkler Girl on 2025/09/04 from 21:20:00 to 21:21:00 due to a missed clock-in.','2025-09-04 21:23:00','unread',3),(2844,1,'Replacement Successful: Yatin Fakir assigned to Sparkler Girl shift on 2025/09/04 at 21:20:00','2025-09-04 21:23:00','unread',4),(2845,17,'Replacement Successful: Yatin Fakir assigned to Sparkler Girl shift on 2025/09/04 at 21:20:00','2025-09-04 21:23:00','read',4),(2846,1,'Yatin Fakir failed to clock in for their shift starting at 21:20:00 on 2025/09/04','2025-09-04 21:23:01','unread',4),(2847,17,'Yatin Fakir failed to clock in for their shift starting at 21:20:00 on 2025/09/04','2025-09-04 21:23:01','read',4),(2848,20,'You have been assigned a replacement shift for Sparkler Girl on 2025/09/04 from 21:20:00 to 21:21:00 due to a missed clock-in.','2025-09-04 21:23:01','unread',3),(2849,1,'Replacement Successful: Alexa Grasso assigned to Sparkler Girl shift on 2025/09/04 at 21:20:00','2025-09-04 21:23:01','unread',4),(2850,17,'Replacement Successful: Alexa Grasso assigned to Sparkler Girl shift on 2025/09/04 at 21:20:00','2025-09-04 21:23:01','read',4),(2851,1,'Alexa Grasso failed to clock in for their shift starting at 21:20:00 on 2025/09/04','2025-09-04 21:23:02','unread',4),(2852,17,'Alexa Grasso failed to clock in for their shift starting at 21:20:00 on 2025/09/04','2025-09-04 21:23:02','read',4),(2853,13,'You have been assigned a replacement shift for Sparkler Girl on 2025/09/04 from 21:20:00 to 21:21:00 due to a missed clock-in.','2025-09-04 21:23:02','unread',3),(2854,1,'Replacement Successful: Yatin Fakir assigned to Sparkler Girl shift on 2025/09/04 at 21:20:00','2025-09-04 21:23:02','unread',4),(2855,17,'Replacement Successful: Yatin Fakir assigned to Sparkler Girl shift on 2025/09/04 at 21:20:00','2025-09-04 21:23:02','read',4),(2856,1,'Yatin Fakir failed to clock in for their shift starting at 21:20:00 on 2025/09/04','2025-09-04 21:23:03','unread',4),(2857,17,'Yatin Fakir failed to clock in for their shift starting at 21:20:00 on 2025/09/04','2025-09-04 21:23:03','read',4),(2858,20,'You have been assigned a replacement shift for Sparkler Girl on 2025/09/04 from 21:20:00 to 21:21:00 due to a missed clock-in.','2025-09-04 21:23:03','unread',3),(2859,1,'Replacement Successful: Alexa Grasso assigned to Sparkler Girl shift on 2025/09/04 at 21:20:00','2025-09-04 21:23:03','unread',4),(2860,17,'Replacement Successful: Alexa Grasso assigned to Sparkler Girl shift on 2025/09/04 at 21:20:00','2025-09-04 21:23:03','read',4),(2861,1,'Alexa Grasso failed to clock in for their shift starting at 21:20:00 on 2025/09/04','2025-09-04 21:23:04','unread',4),(2862,17,'Alexa Grasso failed to clock in for their shift starting at 21:20:00 on 2025/09/04','2025-09-04 21:23:04','read',4),(2863,13,'You have been assigned a replacement shift for Sparkler Girl on 2025/09/04 from 21:20:00 to 21:21:00 due to a missed clock-in.','2025-09-04 21:23:04','unread',3),(2864,1,'Replacement Successful: Yatin Fakir assigned to Sparkler Girl shift on 2025/09/04 at 21:20:00','2025-09-04 21:23:04','unread',4),(2865,17,'Replacement Successful: Yatin Fakir assigned to Sparkler Girl shift on 2025/09/04 at 21:20:00','2025-09-04 21:23:04','read',4),(2866,1,'Yatin Fakir failed to clock in for their shift starting at 21:20:00 on 2025/09/04','2025-09-04 21:23:05','unread',4),(2867,17,'Yatin Fakir failed to clock in for their shift starting at 21:20:00 on 2025/09/04','2025-09-04 21:23:05','read',4),(2868,20,'You have been assigned a replacement shift for Sparkler Girl on 2025/09/04 from 21:20:00 to 21:21:00 due to a missed clock-in.','2025-09-04 21:23:05','unread',3),(2869,1,'Replacement Successful: Alexa Grasso assigned to Sparkler Girl shift on 2025/09/04 at 21:20:00','2025-09-04 21:23:05','unread',4),(2870,17,'Replacement Successful: Alexa Grasso assigned to Sparkler Girl shift on 2025/09/04 at 21:20:00','2025-09-04 21:23:05','read',4),(2871,1,'Alexa Grasso failed to clock in for their shift starting at 21:20:00 on 2025/09/04','2025-09-04 21:23:06','unread',4),(2872,17,'Alexa Grasso failed to clock in for their shift starting at 21:20:00 on 2025/09/04','2025-09-04 21:23:06','read',4),(2873,13,'You have been assigned a replacement shift for Sparkler Girl on 2025/09/04 from 21:20:00 to 21:21:00 due to a missed clock-in.','2025-09-04 21:23:06','unread',3),(2874,1,'Replacement Successful: Yatin Fakir assigned to Sparkler Girl shift on 2025/09/04 at 21:20:00','2025-09-04 21:23:06','unread',4),(2875,17,'Replacement Successful: Yatin Fakir assigned to Sparkler Girl shift on 2025/09/04 at 21:20:00','2025-09-04 21:23:06','read',4),(2876,1,'Yatin Fakir failed to clock in for their shift starting at 21:20:00 on 2025/09/04','2025-09-04 21:23:07','unread',4),(2877,17,'Yatin Fakir failed to clock in for their shift starting at 21:20:00 on 2025/09/04','2025-09-04 21:23:07','read',4),(2878,20,'You have been assigned a replacement shift for Sparkler Girl on 2025/09/04 from 21:20:00 to 21:21:00 due to a missed clock-in.','2025-09-04 21:23:07','unread',3),(2879,1,'Replacement Successful: Alexa Grasso assigned to Sparkler Girl shift on 2025/09/04 at 21:20:00','2025-09-04 21:23:07','unread',4),(2880,17,'Replacement Successful: Alexa Grasso assigned to Sparkler Girl shift on 2025/09/04 at 21:20:00','2025-09-04 21:23:07','read',4),(2881,1,'Alexa Grasso failed to clock in for their shift starting at 21:20:00 on 2025/09/04','2025-09-04 21:23:08','unread',4),(2882,17,'Alexa Grasso failed to clock in for their shift starting at 21:20:00 on 2025/09/04','2025-09-04 21:23:08','read',4),(2883,13,'You have been assigned a replacement shift for Sparkler Girl on 2025/09/04 from 21:20:00 to 21:21:00 due to a missed clock-in.','2025-09-04 21:23:08','unread',3),(2884,1,'Replacement Successful: Yatin Fakir assigned to Sparkler Girl shift on 2025/09/04 at 21:20:00','2025-09-04 21:23:08','unread',4),(2885,17,'Replacement Successful: Yatin Fakir assigned to Sparkler Girl shift on 2025/09/04 at 21:20:00','2025-09-04 21:23:08','read',4),(2886,1,'Yatin Fakir failed to clock in for their shift starting at 21:20:00 on 2025/09/04','2025-09-04 21:23:09','unread',4),(2887,17,'Yatin Fakir failed to clock in for their shift starting at 21:20:00 on 2025/09/04','2025-09-04 21:23:09','read',4),(2888,20,'You have been assigned a replacement shift for Sparkler Girl on 2025/09/04 from 21:20:00 to 21:21:00 due to a missed clock-in.','2025-09-04 21:23:09','unread',3),(2889,1,'Replacement Successful: Alexa Grasso assigned to Sparkler Girl shift on 2025/09/04 at 21:20:00','2025-09-04 21:23:09','unread',4),(2890,17,'Replacement Successful: Alexa Grasso assigned to Sparkler Girl shift on 2025/09/04 at 21:20:00','2025-09-04 21:23:09','read',4),(2891,1,'Alexa Grasso failed to clock in for their shift starting at 21:20:00 on 2025/09/04','2025-09-04 21:23:10','unread',4),(2892,17,'Alexa Grasso failed to clock in for their shift starting at 21:20:00 on 2025/09/04','2025-09-04 21:23:10','read',4),(2893,13,'You have been assigned a replacement shift for Sparkler Girl on 2025/09/04 from 21:20:00 to 21:21:00 due to a missed clock-in.','2025-09-04 21:23:10','unread',3),(2894,1,'Replacement Successful: Yatin Fakir assigned to Sparkler Girl shift on 2025/09/04 at 21:20:00','2025-09-04 21:23:10','unread',4),(2895,17,'Replacement Successful: Yatin Fakir assigned to Sparkler Girl shift on 2025/09/04 at 21:20:00','2025-09-04 21:23:10','read',4),(2896,1,'Yatin Fakir failed to clock in for their shift starting at 21:20:00 on 2025/09/04','2025-09-04 21:23:11','unread',4),(2897,17,'Yatin Fakir failed to clock in for their shift starting at 21:20:00 on 2025/09/04','2025-09-04 21:23:11','read',4),(2898,20,'You have been assigned a replacement shift for Sparkler Girl on 2025/09/04 from 21:20:00 to 21:21:00 due to a missed clock-in.','2025-09-04 21:23:11','unread',3),(2899,1,'Replacement Successful: Alexa Grasso assigned to Sparkler Girl shift on 2025/09/04 at 21:20:00','2025-09-04 21:23:11','unread',4),(2900,17,'Replacement Successful: Alexa Grasso assigned to Sparkler Girl shift on 2025/09/04 at 21:20:00','2025-09-04 21:23:11','read',4),(2901,1,'Alexa Grasso failed to clock in for their shift starting at 21:20:00 on 2025/09/04','2025-09-04 21:23:12','unread',4),(2902,17,'Alexa Grasso failed to clock in for their shift starting at 21:20:00 on 2025/09/04','2025-09-04 21:23:12','read',4),(2903,13,'You have been assigned a replacement shift for Sparkler Girl on 2025/09/04 from 21:20:00 to 21:21:00 due to a missed clock-in.','2025-09-04 21:23:12','unread',3),(2904,1,'Replacement Successful: Yatin Fakir assigned to Sparkler Girl shift on 2025/09/04 at 21:20:00','2025-09-04 21:23:12','unread',4),(2905,17,'Replacement Successful: Yatin Fakir assigned to Sparkler Girl shift on 2025/09/04 at 21:20:00','2025-09-04 21:23:12','read',4),(2906,1,'Yatin Fakir failed to clock in for their shift starting at 21:20:00 on 2025/09/04','2025-09-04 21:23:13','unread',4),(2907,17,'Yatin Fakir failed to clock in for their shift starting at 21:20:00 on 2025/09/04','2025-09-04 21:23:13','read',4),(2908,20,'You have been assigned a replacement shift for Sparkler Girl on 2025/09/04 from 21:20:00 to 21:21:00 due to a missed clock-in.','2025-09-04 21:23:13','unread',3),(2909,1,'Replacement Successful: Alexa Grasso assigned to Sparkler Girl shift on 2025/09/04 at 21:20:00','2025-09-04 21:23:13','unread',4),(2910,17,'Replacement Successful: Alexa Grasso assigned to Sparkler Girl shift on 2025/09/04 at 21:20:00','2025-09-04 21:23:13','read',4),(2911,1,'Alexa Grasso failed to clock in for their shift starting at 21:20:00 on 2025/09/04','2025-09-04 21:23:14','unread',4),(2912,17,'Alexa Grasso failed to clock in for their shift starting at 21:20:00 on 2025/09/04','2025-09-04 21:23:14','read',4),(2913,13,'You have been assigned a replacement shift for Sparkler Girl on 2025/09/04 from 21:20:00 to 21:21:00 due to a missed clock-in.','2025-09-04 21:23:14','unread',3),(2914,1,'Replacement Successful: Yatin Fakir assigned to Sparkler Girl shift on 2025/09/04 at 21:20:00','2025-09-04 21:23:14','unread',4),(2915,17,'Replacement Successful: Yatin Fakir assigned to Sparkler Girl shift on 2025/09/04 at 21:20:00','2025-09-04 21:23:14','read',4),(2916,1,'Yatin Fakir failed to clock in for their shift starting at 21:20:00 on 2025/09/04','2025-09-04 21:23:15','unread',4),(2917,17,'Yatin Fakir failed to clock in for their shift starting at 21:20:00 on 2025/09/04','2025-09-04 21:23:15','read',4),(2918,20,'You have been assigned a replacement shift for Sparkler Girl on 2025/09/04 from 21:20:00 to 21:21:00 due to a missed clock-in.','2025-09-04 21:23:15','unread',3),(2919,1,'Replacement Successful: Alexa Grasso assigned to Sparkler Girl shift on 2025/09/04 at 21:20:00','2025-09-04 21:23:15','unread',4),(2920,17,'Replacement Successful: Alexa Grasso assigned to Sparkler Girl shift on 2025/09/04 at 21:20:00','2025-09-04 21:23:15','read',4),(2921,1,'Alexa Grasso failed to clock in for their shift starting at 21:20:00 on 2025/09/04','2025-09-04 21:23:16','unread',4),(2922,17,'Alexa Grasso failed to clock in for their shift starting at 21:20:00 on 2025/09/04','2025-09-04 21:23:16','read',4),(2923,13,'You have been assigned a replacement shift for Sparkler Girl on 2025/09/04 from 21:20:00 to 21:21:00 due to a missed clock-in.','2025-09-04 21:23:16','unread',3),(2924,1,'Replacement Successful: Yatin Fakir assigned to Sparkler Girl shift on 2025/09/04 at 21:20:00','2025-09-04 21:23:16','unread',4),(2925,17,'Replacement Successful: Yatin Fakir assigned to Sparkler Girl shift on 2025/09/04 at 21:20:00','2025-09-04 21:23:16','read',4),(2926,1,'Yatin Fakir failed to clock in for their shift starting at 21:20:00 on 2025/09/04','2025-09-04 21:23:17','unread',4),(2927,17,'Yatin Fakir failed to clock in for their shift starting at 21:20:00 on 2025/09/04','2025-09-04 21:23:17','read',4),(2928,20,'You have been assigned a replacement shift for Sparkler Girl on 2025/09/04 from 21:20:00 to 21:21:00 due to a missed clock-in.','2025-09-04 21:23:17','unread',3),(2929,1,'Replacement Successful: Alexa Grasso assigned to Sparkler Girl shift on 2025/09/04 at 21:20:00','2025-09-04 21:23:17','unread',4),(2930,17,'Replacement Successful: Alexa Grasso assigned to Sparkler Girl shift on 2025/09/04 at 21:20:00','2025-09-04 21:23:17','read',4),(2931,1,'Alexa Grasso failed to clock in for their shift starting at 21:20:00 on 2025/09/04','2025-09-04 21:23:18','unread',4),(2932,17,'Alexa Grasso failed to clock in for their shift starting at 21:20:00 on 2025/09/04','2025-09-04 21:23:18','read',4),(2933,13,'You have been assigned a replacement shift for Sparkler Girl on 2025/09/04 from 21:20:00 to 21:21:00 due to a missed clock-in.','2025-09-04 21:23:18','unread',3),(2934,1,'Replacement Successful: Yatin Fakir assigned to Sparkler Girl shift on 2025/09/04 at 21:20:00','2025-09-04 21:23:18','unread',4),(2935,17,'Replacement Successful: Yatin Fakir assigned to Sparkler Girl shift on 2025/09/04 at 21:20:00','2025-09-04 21:23:18','read',4),(2936,1,'Yatin Fakir failed to clock in for their shift starting at 21:20:00 on 2025/09/04','2025-09-04 21:23:19','unread',4),(2937,17,'Yatin Fakir failed to clock in for their shift starting at 21:20:00 on 2025/09/04','2025-09-04 21:23:19','read',4),(2938,20,'You have been assigned a replacement shift for Sparkler Girl on 2025/09/04 from 21:20:00 to 21:21:00 due to a missed clock-in.','2025-09-04 21:23:19','unread',3),(2939,1,'Replacement Successful: Alexa Grasso assigned to Sparkler Girl shift on 2025/09/04 at 21:20:00','2025-09-04 21:23:19','unread',4),(2940,17,'Replacement Successful: Alexa Grasso assigned to Sparkler Girl shift on 2025/09/04 at 21:20:00','2025-09-04 21:23:19','read',4),(2941,1,'Alexa Grasso failed to clock in for their shift starting at 21:20:00 on 2025/09/04','2025-09-04 21:23:20','unread',4),(2942,17,'Alexa Grasso failed to clock in for their shift starting at 21:20:00 on 2025/09/04','2025-09-04 21:23:20','read',4),(2943,13,'You have been assigned a replacement shift for Sparkler Girl on 2025/09/04 from 21:20:00 to 21:21:00 due to a missed clock-in.','2025-09-04 21:23:20','unread',3),(2944,1,'Replacement Successful: Yatin Fakir assigned to Sparkler Girl shift on 2025/09/04 at 21:20:00','2025-09-04 21:23:20','unread',4),(2945,17,'Replacement Successful: Yatin Fakir assigned to Sparkler Girl shift on 2025/09/04 at 21:20:00','2025-09-04 21:23:20','read',4),(2946,1,'Yatin Fakir failed to clock in for their shift starting at 21:20:00 on 2025/09/04','2025-09-04 21:23:21','unread',4),(2947,17,'Yatin Fakir failed to clock in for their shift starting at 21:20:00 on 2025/09/04','2025-09-04 21:23:21','read',4),(2948,20,'You have been assigned a replacement shift for Sparkler Girl on 2025/09/04 from 21:20:00 to 21:21:00 due to a missed clock-in.','2025-09-04 21:23:21','unread',3),(2949,1,'Replacement Successful: Alexa Grasso assigned to Sparkler Girl shift on 2025/09/04 at 21:20:00','2025-09-04 21:23:21','unread',4),(2950,17,'Replacement Successful: Alexa Grasso assigned to Sparkler Girl shift on 2025/09/04 at 21:20:00','2025-09-04 21:23:21','read',4),(2951,1,'Alexa Grasso failed to clock in for their shift starting at 21:20:00 on 2025/09/04','2025-09-04 21:23:22','unread',4),(2952,17,'Alexa Grasso failed to clock in for their shift starting at 21:20:00 on 2025/09/04','2025-09-04 21:23:22','read',4),(2953,13,'You have been assigned a replacement shift for Sparkler Girl on 2025/09/04 from 21:20:00 to 21:21:00 due to a missed clock-in.','2025-09-04 21:23:22','unread',3),(2954,1,'Replacement Successful: Yatin Fakir assigned to Sparkler Girl shift on 2025/09/04 at 21:20:00','2025-09-04 21:23:22','unread',4),(2955,17,'Replacement Successful: Yatin Fakir assigned to Sparkler Girl shift on 2025/09/04 at 21:20:00','2025-09-04 21:23:22','read',4),(2956,1,'Yatin Fakir failed to clock in for their shift starting at 21:20:00 on 2025/09/04','2025-09-04 21:23:23','unread',4),(2957,17,'Yatin Fakir failed to clock in for their shift starting at 21:20:00 on 2025/09/04','2025-09-04 21:23:23','read',4),(2958,20,'You have been assigned a replacement shift for Sparkler Girl on 2025/09/04 from 21:20:00 to 21:21:00 due to a missed clock-in.','2025-09-04 21:23:23','unread',3),(2959,1,'Replacement Successful: Alexa Grasso assigned to Sparkler Girl shift on 2025/09/04 at 21:20:00','2025-09-04 21:23:23','unread',4),(2960,17,'Replacement Successful: Alexa Grasso assigned to Sparkler Girl shift on 2025/09/04 at 21:20:00','2025-09-04 21:23:23','read',4),(2961,1,'Alexa Grasso failed to clock in for their shift starting at 21:20:00 on 2025/09/04','2025-09-04 21:23:24','unread',4),(2962,17,'Alexa Grasso failed to clock in for their shift starting at 21:20:00 on 2025/09/04','2025-09-04 21:23:24','read',4),(2963,13,'You have been assigned a replacement shift for Sparkler Girl on 2025/09/04 from 21:20:00 to 21:21:00 due to a missed clock-in.','2025-09-04 21:23:24','unread',3),(2964,1,'Replacement Successful: Yatin Fakir assigned to Sparkler Girl shift on 2025/09/04 at 21:20:00','2025-09-04 21:23:24','unread',4),(2965,17,'Replacement Successful: Yatin Fakir assigned to Sparkler Girl shift on 2025/09/04 at 21:20:00','2025-09-04 21:23:24','read',4),(2966,1,'Yatin Fakir failed to clock in for their shift starting at 21:20:00 on 2025/09/04','2025-09-04 21:23:25','unread',4),(2967,17,'Yatin Fakir failed to clock in for their shift starting at 21:20:00 on 2025/09/04','2025-09-04 21:23:25','read',4),(2968,20,'You have been assigned a replacement shift for Sparkler Girl on 2025/09/04 from 21:20:00 to 21:21:00 due to a missed clock-in.','2025-09-04 21:23:25','unread',3),(2969,1,'Replacement Successful: Alexa Grasso assigned to Sparkler Girl shift on 2025/09/04 at 21:20:00','2025-09-04 21:23:25','unread',4),(2970,17,'Replacement Successful: Alexa Grasso assigned to Sparkler Girl shift on 2025/09/04 at 21:20:00','2025-09-04 21:23:25','read',4),(2971,1,'Alexa Grasso failed to clock in for their shift starting at 21:20:00 on 2025/09/04','2025-09-04 21:23:26','unread',4),(2972,17,'Alexa Grasso failed to clock in for their shift starting at 21:20:00 on 2025/09/04','2025-09-04 21:23:26','read',4),(2973,13,'You have been assigned a replacement shift for Sparkler Girl on 2025/09/04 from 21:20:00 to 21:21:00 due to a missed clock-in.','2025-09-04 21:23:26','unread',3),(2974,1,'Replacement Successful: Yatin Fakir assigned to Sparkler Girl shift on 2025/09/04 at 21:20:00','2025-09-04 21:23:26','unread',4),(2975,17,'Replacement Successful: Yatin Fakir assigned to Sparkler Girl shift on 2025/09/04 at 21:20:00','2025-09-04 21:23:26','read',4),(2976,1,'Yatin Fakir failed to clock in for their shift starting at 21:20:00 on 2025/09/04','2025-09-04 21:23:27','unread',4),(2977,17,'Yatin Fakir failed to clock in for their shift starting at 21:20:00 on 2025/09/04','2025-09-04 21:23:27','read',4),(2978,20,'You have been assigned a replacement shift for Sparkler Girl on 2025/09/04 from 21:20:00 to 21:21:00 due to a missed clock-in.','2025-09-04 21:23:27','unread',3),(2979,1,'Replacement Successful: Alexa Grasso assigned to Sparkler Girl shift on 2025/09/04 at 21:20:00','2025-09-04 21:23:27','unread',4),(2980,17,'Replacement Successful: Alexa Grasso assigned to Sparkler Girl shift on 2025/09/04 at 21:20:00','2025-09-04 21:23:27','read',4),(2981,1,'Alexa Grasso failed to clock in for their shift starting at 21:20:00 on 2025/09/04','2025-09-04 21:23:28','unread',4),(2982,17,'Alexa Grasso failed to clock in for their shift starting at 21:20:00 on 2025/09/04','2025-09-04 21:23:28','read',4),(2983,13,'You have been assigned a replacement shift for Sparkler Girl on 2025/09/04 from 21:20:00 to 21:21:00 due to a missed clock-in.','2025-09-04 21:23:28','unread',3),(2984,1,'Replacement Successful: Yatin Fakir assigned to Sparkler Girl shift on 2025/09/04 at 21:20:00','2025-09-04 21:23:28','unread',4),(2985,17,'Replacement Successful: Yatin Fakir assigned to Sparkler Girl shift on 2025/09/04 at 21:20:00','2025-09-04 21:23:28','read',4),(2986,1,'Yatin Fakir failed to clock in for their shift starting at 21:20:00 on 2025/09/04','2025-09-04 21:23:29','unread',4),(2987,17,'Yatin Fakir failed to clock in for their shift starting at 21:20:00 on 2025/09/04','2025-09-04 21:23:29','read',4),(2988,20,'You have been assigned a replacement shift for Sparkler Girl on 2025/09/04 from 21:20:00 to 21:21:00 due to a missed clock-in.','2025-09-04 21:23:29','unread',3),(2989,1,'Replacement Successful: Alexa Grasso assigned to Sparkler Girl shift on 2025/09/04 at 21:20:00','2025-09-04 21:23:29','unread',4),(2990,17,'Replacement Successful: Alexa Grasso assigned to Sparkler Girl shift on 2025/09/04 at 21:20:00','2025-09-04 21:23:29','read',4),(2991,1,'Alexa Grasso failed to clock in for their shift starting at 21:20:00 on 2025/09/04','2025-09-04 21:23:30','unread',4),(2992,17,'Alexa Grasso failed to clock in for their shift starting at 21:20:00 on 2025/09/04','2025-09-04 21:23:30','read',4),(2993,13,'You have been assigned a replacement shift for Sparkler Girl on 2025/09/04 from 21:20:00 to 21:21:00 due to a missed clock-in.','2025-09-04 21:23:30','unread',3),(2994,1,'Replacement Successful: Yatin Fakir assigned to Sparkler Girl shift on 2025/09/04 at 21:20:00','2025-09-04 21:23:30','unread',4),(2995,17,'Replacement Successful: Yatin Fakir assigned to Sparkler Girl shift on 2025/09/04 at 21:20:00','2025-09-04 21:23:30','read',4),(2996,1,'Yatin Fakir failed to clock in for their shift starting at 21:20:00 on 2025/09/04','2025-09-04 21:23:31','unread',4),(2997,17,'Yatin Fakir failed to clock in for their shift starting at 21:20:00 on 2025/09/04','2025-09-04 21:23:31','read',4),(2998,20,'You have been assigned a replacement shift for Sparkler Girl on 2025/09/04 from 21:20:00 to 21:21:00 due to a missed clock-in.','2025-09-04 21:23:31','unread',3),(2999,1,'Replacement Successful: Alexa Grasso assigned to Sparkler Girl shift on 2025/09/04 at 21:20:00','2025-09-04 21:23:31','unread',4),(3000,17,'Replacement Successful: Alexa Grasso assigned to Sparkler Girl shift on 2025/09/04 at 21:20:00','2025-09-04 21:23:31','read',4),(3001,1,'Alexa Grasso failed to clock in for their shift starting at 21:20:00 on 2025/09/04','2025-09-04 21:23:32','unread',4),(3002,17,'Alexa Grasso failed to clock in for their shift starting at 21:20:00 on 2025/09/04','2025-09-04 21:23:32','read',4),(3003,13,'You have been assigned a replacement shift for Sparkler Girl on 2025/09/04 from 21:20:00 to 21:21:00 due to a missed clock-in.','2025-09-04 21:23:32','unread',3),(3004,1,'Replacement Successful: Yatin Fakir assigned to Sparkler Girl shift on 2025/09/04 at 21:20:00','2025-09-04 21:23:32','unread',4),(3005,17,'Replacement Successful: Yatin Fakir assigned to Sparkler Girl shift on 2025/09/04 at 21:20:00','2025-09-04 21:23:32','read',4),(3006,1,'Yatin Fakir failed to clock in for their shift starting at 21:20:00 on 2025/09/04','2025-09-04 21:23:33','unread',4),(3007,17,'Yatin Fakir failed to clock in for their shift starting at 21:20:00 on 2025/09/04','2025-09-04 21:23:33','read',4),(3008,20,'You have been assigned a replacement shift for Sparkler Girl on 2025/09/04 from 21:20:00 to 21:21:00 due to a missed clock-in.','2025-09-04 21:23:33','unread',3),(3009,1,'Replacement Successful: Alexa Grasso assigned to Sparkler Girl shift on 2025/09/04 at 21:20:00','2025-09-04 21:23:33','unread',4),(3010,17,'Replacement Successful: Alexa Grasso assigned to Sparkler Girl shift on 2025/09/04 at 21:20:00','2025-09-04 21:23:33','read',4),(3011,1,'Alexa Grasso failed to clock in for their shift starting at 21:20:00 on 2025/09/04','2025-09-04 21:23:34','unread',4),(3012,17,'Alexa Grasso failed to clock in for their shift starting at 21:20:00 on 2025/09/04','2025-09-04 21:23:34','read',4),(3013,13,'You have been assigned a replacement shift for Sparkler Girl on 2025/09/04 from 21:20:00 to 21:21:00 due to a missed clock-in.','2025-09-04 21:23:34','unread',3),(3014,1,'Replacement Successful: Yatin Fakir assigned to Sparkler Girl shift on 2025/09/04 at 21:20:00','2025-09-04 21:23:34','unread',4),(3015,17,'Replacement Successful: Yatin Fakir assigned to Sparkler Girl shift on 2025/09/04 at 21:20:00','2025-09-04 21:23:34','read',4),(3016,1,'Yatin Fakir failed to clock in for their shift starting at 21:20:00 on 2025/09/04','2025-09-04 21:23:35','unread',4),(3017,17,'Yatin Fakir failed to clock in for their shift starting at 21:20:00 on 2025/09/04','2025-09-04 21:23:35','read',4),(3018,20,'You have been assigned a replacement shift for Sparkler Girl on 2025/09/04 from 21:20:00 to 21:21:00 due to a missed clock-in.','2025-09-04 21:23:35','unread',3),(3019,1,'Replacement Successful: Alexa Grasso assigned to Sparkler Girl shift on 2025/09/04 at 21:20:00','2025-09-04 21:23:35','unread',4),(3020,17,'Replacement Successful: Alexa Grasso assigned to Sparkler Girl shift on 2025/09/04 at 21:20:00','2025-09-04 21:23:35','read',4),(3021,1,'Alexa Grasso failed to clock in for their shift starting at 21:20:00 on 2025/09/04','2025-09-04 21:23:36','unread',4),(3022,17,'Alexa Grasso failed to clock in for their shift starting at 21:20:00 on 2025/09/04','2025-09-04 21:23:36','read',4),(3023,13,'You have been assigned a replacement shift for Sparkler Girl on 2025/09/04 from 21:20:00 to 21:21:00 due to a missed clock-in.','2025-09-04 21:23:36','unread',3),(3024,1,'Replacement Successful: Yatin Fakir assigned to Sparkler Girl shift on 2025/09/04 at 21:20:00','2025-09-04 21:23:36','unread',4),(3025,17,'Replacement Successful: Yatin Fakir assigned to Sparkler Girl shift on 2025/09/04 at 21:20:00','2025-09-04 21:23:36','read',4),(3026,1,'Yatin Fakir failed to clock in for their shift starting at 21:20:00 on 2025/09/04','2025-09-04 21:23:37','unread',4),(3027,17,'Yatin Fakir failed to clock in for their shift starting at 21:20:00 on 2025/09/04','2025-09-04 21:23:37','read',4),(3028,20,'You have been assigned a replacement shift for Sparkler Girl on 2025/09/04 from 21:20:00 to 21:21:00 due to a missed clock-in.','2025-09-04 21:23:37','unread',3),(3029,1,'Replacement Successful: Alexa Grasso assigned to Sparkler Girl shift on 2025/09/04 at 21:20:00','2025-09-04 21:23:37','unread',4),(3030,17,'Replacement Successful: Alexa Grasso assigned to Sparkler Girl shift on 2025/09/04 at 21:20:00','2025-09-04 21:23:37','read',4),(3031,1,'Alexa Grasso failed to clock in for their shift starting at 21:20:00 on 2025/09/04','2025-09-04 21:23:38','unread',4),(3032,17,'Alexa Grasso failed to clock in for their shift starting at 21:20:00 on 2025/09/04','2025-09-04 21:23:38','read',4),(3033,13,'You have been assigned a replacement shift for Sparkler Girl on 2025/09/04 from 21:20:00 to 21:21:00 due to a missed clock-in.','2025-09-04 21:23:38','unread',3),(3034,1,'Replacement Successful: Yatin Fakir assigned to Sparkler Girl shift on 2025/09/04 at 21:20:00','2025-09-04 21:23:38','unread',4),(3035,17,'Replacement Successful: Yatin Fakir assigned to Sparkler Girl shift on 2025/09/04 at 21:20:00','2025-09-04 21:23:38','read',4),(3036,1,'Yatin Fakir failed to clock in for their shift starting at 21:20:00 on 2025/09/04','2025-09-04 21:23:39','unread',4),(3037,17,'Yatin Fakir failed to clock in for their shift starting at 21:20:00 on 2025/09/04','2025-09-04 21:23:39','read',4),(3038,20,'You have been assigned a replacement shift for Sparkler Girl on 2025/09/04 from 21:20:00 to 21:21:00 due to a missed clock-in.','2025-09-04 21:23:39','unread',3),(3039,1,'Replacement Successful: Alexa Grasso assigned to Sparkler Girl shift on 2025/09/04 at 21:20:00','2025-09-04 21:23:39','unread',4),(3040,17,'Replacement Successful: Alexa Grasso assigned to Sparkler Girl shift on 2025/09/04 at 21:20:00','2025-09-04 21:23:39','read',4),(3041,1,'Alexa Grasso failed to clock in for their shift starting at 21:20:00 on 2025/09/04','2025-09-04 21:23:40','unread',4),(3042,17,'Alexa Grasso failed to clock in for their shift starting at 21:20:00 on 2025/09/04','2025-09-04 21:23:40','read',4),(3043,13,'You have been assigned a replacement shift for Sparkler Girl on 2025/09/04 from 21:20:00 to 21:21:00 due to a missed clock-in.','2025-09-04 21:23:40','unread',3),(3044,1,'Replacement Successful: Yatin Fakir assigned to Sparkler Girl shift on 2025/09/04 at 21:20:00','2025-09-04 21:23:40','unread',4),(3045,17,'Replacement Successful: Yatin Fakir assigned to Sparkler Girl shift on 2025/09/04 at 21:20:00','2025-09-04 21:23:40','read',4),(3046,1,'Yatin Fakir failed to clock in for their shift starting at 21:20:00 on 2025/09/04','2025-09-04 21:23:41','unread',4),(3047,17,'Yatin Fakir failed to clock in for their shift starting at 21:20:00 on 2025/09/04','2025-09-04 21:23:41','read',4),(3048,20,'You have been assigned a replacement shift for Sparkler Girl on 2025/09/04 from 21:20:00 to 21:21:00 due to a missed clock-in.','2025-09-04 21:23:41','unread',3),(3049,1,'Replacement Successful: Alexa Grasso assigned to Sparkler Girl shift on 2025/09/04 at 21:20:00','2025-09-04 21:23:41','unread',4),(3050,17,'Replacement Successful: Alexa Grasso assigned to Sparkler Girl shift on 2025/09/04 at 21:20:00','2025-09-04 21:23:41','read',4),(3051,1,'Alexa Grasso failed to clock in for their shift starting at 21:20:00 on 2025/09/04','2025-09-04 21:23:42','unread',4),(3052,17,'Alexa Grasso failed to clock in for their shift starting at 21:20:00 on 2025/09/04','2025-09-04 21:23:42','read',4),(3053,13,'You have been assigned a replacement shift for Sparkler Girl on 2025/09/04 from 21:20:00 to 21:21:00 due to a missed clock-in.','2025-09-04 21:23:42','unread',3),(3054,1,'Replacement Successful: Yatin Fakir assigned to Sparkler Girl shift on 2025/09/04 at 21:20:00','2025-09-04 21:23:42','unread',4),(3055,17,'Replacement Successful: Yatin Fakir assigned to Sparkler Girl shift on 2025/09/04 at 21:20:00','2025-09-04 21:23:42','read',4),(3056,1,'Yatin Fakir failed to clock in for their shift starting at 21:20:00 on 2025/09/04','2025-09-04 21:23:43','unread',4),(3057,17,'Yatin Fakir failed to clock in for their shift starting at 21:20:00 on 2025/09/04','2025-09-04 21:23:43','read',4),(3058,20,'You have been assigned a replacement shift for Sparkler Girl on 2025/09/04 from 21:20:00 to 21:21:00 due to a missed clock-in.','2025-09-04 21:23:43','unread',3),(3059,1,'Replacement Successful: Alexa Grasso assigned to Sparkler Girl shift on 2025/09/04 at 21:20:00','2025-09-04 21:23:43','unread',4),(3060,17,'Replacement Successful: Alexa Grasso assigned to Sparkler Girl shift on 2025/09/04 at 21:20:00','2025-09-04 21:23:43','read',4),(3061,1,'Alexa Grasso failed to clock in for their shift starting at 21:20:00 on 2025/09/04','2025-09-04 21:23:44','unread',4),(3062,17,'Alexa Grasso failed to clock in for their shift starting at 21:20:00 on 2025/09/04','2025-09-04 21:23:44','read',4),(3063,13,'You have been assigned a replacement shift for Sparkler Girl on 2025/09/04 from 21:20:00 to 21:21:00 due to a missed clock-in.','2025-09-04 21:23:44','unread',3),(3064,1,'Replacement Successful: Yatin Fakir assigned to Sparkler Girl shift on 2025/09/04 at 21:20:00','2025-09-04 21:23:44','unread',4),(3065,17,'Replacement Successful: Yatin Fakir assigned to Sparkler Girl shift on 2025/09/04 at 21:20:00','2025-09-04 21:23:44','read',4),(3066,1,'Yatin Fakir failed to clock in for their shift starting at 21:20:00 on 2025/09/04','2025-09-04 21:23:45','unread',4),(3067,17,'Yatin Fakir failed to clock in for their shift starting at 21:20:00 on 2025/09/04','2025-09-04 21:23:45','read',4),(3068,20,'You have been assigned a replacement shift for Sparkler Girl on 2025/09/04 from 21:20:00 to 21:21:00 due to a missed clock-in.','2025-09-04 21:23:45','unread',3),(3069,1,'Replacement Successful: Alexa Grasso assigned to Sparkler Girl shift on 2025/09/04 at 21:20:00','2025-09-04 21:23:45','unread',4),(3070,17,'Replacement Successful: Alexa Grasso assigned to Sparkler Girl shift on 2025/09/04 at 21:20:00','2025-09-04 21:23:45','read',4),(3071,1,'Alexa Grasso failed to clock in for their shift starting at 21:20:00 on 2025/09/04','2025-09-04 21:23:46','unread',4),(3072,17,'Alexa Grasso failed to clock in for their shift starting at 21:20:00 on 2025/09/04','2025-09-04 21:23:46','read',4),(3073,13,'You have been assigned a replacement shift for Sparkler Girl on 2025/09/04 from 21:20:00 to 21:21:00 due to a missed clock-in.','2025-09-04 21:23:46','unread',3),(3074,1,'Replacement Successful: Yatin Fakir assigned to Sparkler Girl shift on 2025/09/04 at 21:20:00','2025-09-04 21:23:46','unread',4),(3075,17,'Replacement Successful: Yatin Fakir assigned to Sparkler Girl shift on 2025/09/04 at 21:20:00','2025-09-04 21:23:46','read',4),(3076,1,'Yatin Fakir failed to clock in for their shift starting at 21:20:00 on 2025/09/04','2025-09-04 21:23:47','unread',4),(3077,17,'Yatin Fakir failed to clock in for their shift starting at 21:20:00 on 2025/09/04','2025-09-04 21:23:47','read',4),(3078,20,'You have been assigned a replacement shift for Sparkler Girl on 2025/09/04 from 21:20:00 to 21:21:00 due to a missed clock-in.','2025-09-04 21:23:47','unread',3),(3079,1,'Replacement Successful: Alexa Grasso assigned to Sparkler Girl shift on 2025/09/04 at 21:20:00','2025-09-04 21:23:47','unread',4),(3080,17,'Replacement Successful: Alexa Grasso assigned to Sparkler Girl shift on 2025/09/04 at 21:20:00','2025-09-04 21:23:47','read',4),(3081,1,'Alexa Grasso failed to clock in for their shift starting at 21:20:00 on 2025/09/04','2025-09-04 21:23:48','unread',4),(3082,17,'Alexa Grasso failed to clock in for their shift starting at 21:20:00 on 2025/09/04','2025-09-04 21:23:48','read',4),(3083,13,'You have been assigned a replacement shift for Sparkler Girl on 2025/09/04 from 21:20:00 to 21:21:00 due to a missed clock-in.','2025-09-04 21:23:48','unread',3),(3084,1,'Replacement Successful: Yatin Fakir assigned to Sparkler Girl shift on 2025/09/04 at 21:20:00','2025-09-04 21:23:48','unread',4),(3085,17,'Replacement Successful: Yatin Fakir assigned to Sparkler Girl shift on 2025/09/04 at 21:20:00','2025-09-04 21:23:48','read',4),(3086,1,'Yatin Fakir failed to clock in for their shift starting at 21:20:00 on 2025/09/04','2025-09-04 21:23:49','unread',4),(3087,17,'Yatin Fakir failed to clock in for their shift starting at 21:20:00 on 2025/09/04','2025-09-04 21:23:49','read',4),(3088,20,'You have been assigned a replacement shift for Sparkler Girl on 2025/09/04 from 21:20:00 to 21:21:00 due to a missed clock-in.','2025-09-04 21:23:49','unread',3),(3089,1,'Replacement Successful: Alexa Grasso assigned to Sparkler Girl shift on 2025/09/04 at 21:20:00','2025-09-04 21:23:49','unread',4),(3090,17,'Replacement Successful: Alexa Grasso assigned to Sparkler Girl shift on 2025/09/04 at 21:20:00','2025-09-04 21:23:49','read',4),(3091,1,'Alexa Grasso failed to clock in for their shift starting at 21:20:00 on 2025/09/04','2025-09-04 21:23:50','unread',4),(3092,17,'Alexa Grasso failed to clock in for their shift starting at 21:20:00 on 2025/09/04','2025-09-04 21:23:50','read',4),(3093,13,'You have been assigned a replacement shift for Sparkler Girl on 2025/09/04 from 21:20:00 to 21:21:00 due to a missed clock-in.','2025-09-04 21:23:50','unread',3),(3094,1,'Replacement Successful: Yatin Fakir assigned to Sparkler Girl shift on 2025/09/04 at 21:20:00','2025-09-04 21:23:50','unread',4),(3095,17,'Replacement Successful: Yatin Fakir assigned to Sparkler Girl shift on 2025/09/04 at 21:20:00','2025-09-04 21:23:50','read',4),(3096,1,'Yatin Fakir failed to clock in for their shift starting at 21:20:00 on 2025/09/04','2025-09-04 21:23:51','unread',4),(3097,17,'Yatin Fakir failed to clock in for their shift starting at 21:20:00 on 2025/09/04','2025-09-04 21:23:51','read',4),(3098,20,'You have been assigned a replacement shift for Sparkler Girl on 2025/09/04 from 21:20:00 to 21:21:00 due to a missed clock-in.','2025-09-04 21:23:51','unread',3),(3099,1,'Replacement Successful: Alexa Grasso assigned to Sparkler Girl shift on 2025/09/04 at 21:20:00','2025-09-04 21:23:51','unread',4),(3100,17,'Replacement Successful: Alexa Grasso assigned to Sparkler Girl shift on 2025/09/04 at 21:20:00','2025-09-04 21:23:51','read',4),(3101,1,'Alexa Grasso failed to clock in for their shift starting at 21:20:00 on 2025/09/04','2025-09-04 21:23:52','unread',4),(3102,17,'Alexa Grasso failed to clock in for their shift starting at 21:20:00 on 2025/09/04','2025-09-04 21:23:52','read',4),(3103,13,'You have been assigned a replacement shift for Sparkler Girl on 2025/09/04 from 21:20:00 to 21:21:00 due to a missed clock-in.','2025-09-04 21:23:52','unread',3),(3104,1,'Replacement Successful: Yatin Fakir assigned to Sparkler Girl shift on 2025/09/04 at 21:20:00','2025-09-04 21:23:52','unread',4),(3105,17,'Replacement Successful: Yatin Fakir assigned to Sparkler Girl shift on 2025/09/04 at 21:20:00','2025-09-04 21:23:52','read',4),(3106,1,'Yatin Fakir failed to clock in for their shift starting at 21:20:00 on 2025/09/04','2025-09-04 21:23:53','unread',4),(3107,17,'Yatin Fakir failed to clock in for their shift starting at 21:20:00 on 2025/09/04','2025-09-04 21:23:53','read',4),(3108,20,'You have been assigned a replacement shift for Sparkler Girl on 2025/09/04 from 21:20:00 to 21:21:00 due to a missed clock-in.','2025-09-04 21:23:53','unread',3),(3109,1,'Replacement Successful: Alexa Grasso assigned to Sparkler Girl shift on 2025/09/04 at 21:20:00','2025-09-04 21:23:53','unread',4),(3110,17,'Replacement Successful: Alexa Grasso assigned to Sparkler Girl shift on 2025/09/04 at 21:20:00','2025-09-04 21:23:53','read',4),(3111,1,'Alexa Grasso failed to clock in for their shift starting at 21:20:00 on 2025/09/04','2025-09-04 21:23:54','unread',4),(3112,17,'Alexa Grasso failed to clock in for their shift starting at 21:20:00 on 2025/09/04','2025-09-04 21:23:54','read',4),(3113,13,'You have been assigned a replacement shift for Sparkler Girl on 2025/09/04 from 21:20:00 to 21:21:00 due to a missed clock-in.','2025-09-04 21:23:54','unread',3),(3114,1,'Replacement Successful: Yatin Fakir assigned to Sparkler Girl shift on 2025/09/04 at 21:20:00','2025-09-04 21:23:54','unread',4),(3115,17,'Replacement Successful: Yatin Fakir assigned to Sparkler Girl shift on 2025/09/04 at 21:20:00','2025-09-04 21:23:54','read',4),(3116,1,'Yatin Fakir failed to clock in for their shift starting at 21:20:00 on 2025/09/04','2025-09-04 21:23:55','unread',4),(3117,17,'Yatin Fakir failed to clock in for their shift starting at 21:20:00 on 2025/09/04','2025-09-04 21:23:55','read',4),(3118,20,'You have been assigned a replacement shift for Sparkler Girl on 2025/09/04 from 21:20:00 to 21:21:00 due to a missed clock-in.','2025-09-04 21:23:55','unread',3),(3119,1,'Replacement Successful: Alexa Grasso assigned to Sparkler Girl shift on 2025/09/04 at 21:20:00','2025-09-04 21:23:55','unread',4),(3120,17,'Replacement Successful: Alexa Grasso assigned to Sparkler Girl shift on 2025/09/04 at 21:20:00','2025-09-04 21:23:55','read',4),(3121,1,'Alexa Grasso failed to clock in for their shift starting at 21:20:00 on 2025/09/04','2025-09-04 21:23:56','unread',4),(3122,17,'Alexa Grasso failed to clock in for their shift starting at 21:20:00 on 2025/09/04','2025-09-04 21:23:56','read',4),(3123,13,'You have been assigned a replacement shift for Sparkler Girl on 2025/09/04 from 21:20:00 to 21:21:00 due to a missed clock-in.','2025-09-04 21:23:56','unread',3),(3124,1,'Replacement Successful: Yatin Fakir assigned to Sparkler Girl shift on 2025/09/04 at 21:20:00','2025-09-04 21:23:56','unread',4),(3125,17,'Replacement Successful: Yatin Fakir assigned to Sparkler Girl shift on 2025/09/04 at 21:20:00','2025-09-04 21:23:56','read',4),(3126,1,'Yatin Fakir failed to clock in for their shift starting at 21:20:00 on 2025/09/04','2025-09-04 21:23:57','unread',4),(3127,17,'Yatin Fakir failed to clock in for their shift starting at 21:20:00 on 2025/09/04','2025-09-04 21:23:57','read',4),(3128,20,'You have been assigned a replacement shift for Sparkler Girl on 2025/09/04 from 21:20:00 to 21:21:00 due to a missed clock-in.','2025-09-04 21:23:57','unread',3),(3129,1,'Replacement Successful: Alexa Grasso assigned to Sparkler Girl shift on 2025/09/04 at 21:20:00','2025-09-04 21:23:57','unread',4),(3130,17,'Replacement Successful: Alexa Grasso assigned to Sparkler Girl shift on 2025/09/04 at 21:20:00','2025-09-04 21:23:57','read',4),(3131,1,'Alexa Grasso failed to clock in for their shift starting at 21:20:00 on 2025/09/04','2025-09-04 21:23:58','unread',4),(3132,17,'Alexa Grasso failed to clock in for their shift starting at 21:20:00 on 2025/09/04','2025-09-04 21:23:58','read',4),(3133,13,'You have been assigned a replacement shift for Sparkler Girl on 2025/09/04 from 21:20:00 to 21:21:00 due to a missed clock-in.','2025-09-04 21:23:58','unread',3),(3134,1,'Replacement Successful: Yatin Fakir assigned to Sparkler Girl shift on 2025/09/04 at 21:20:00','2025-09-04 21:23:58','unread',4),(3135,17,'Replacement Successful: Yatin Fakir assigned to Sparkler Girl shift on 2025/09/04 at 21:20:00','2025-09-04 21:23:58','read',4),(3136,1,'Yatin Fakir failed to clock in for their shift starting at 21:20:00 on 2025/09/04','2025-09-04 21:23:59','unread',4),(3137,17,'Yatin Fakir failed to clock in for their shift starting at 21:20:00 on 2025/09/04','2025-09-04 21:23:59','read',4),(3138,20,'You have been assigned a replacement shift for Sparkler Girl on 2025/09/04 from 21:20:00 to 21:21:00 due to a missed clock-in.','2025-09-04 21:23:59','unread',3),(3139,1,'Replacement Successful: Alexa Grasso assigned to Sparkler Girl shift on 2025/09/04 at 21:20:00','2025-09-04 21:23:59','unread',4),(3140,17,'Replacement Successful: Alexa Grasso assigned to Sparkler Girl shift on 2025/09/04 at 21:20:00','2025-09-04 21:23:59','read',4),(3141,1,'Alexa Grasso failed to clock in for their shift starting at 21:20:00 on 2025/09/04','2025-09-04 21:24:00','unread',4),(3142,17,'Alexa Grasso failed to clock in for their shift starting at 21:20:00 on 2025/09/04','2025-09-04 21:24:00','read',4),(3143,13,'You have been assigned a replacement shift for Sparkler Girl on 2025/09/04 from 21:20:00 to 21:21:00 due to a missed clock-in.','2025-09-04 21:24:00','unread',3),(3144,1,'Replacement Successful: Yatin Fakir assigned to Sparkler Girl shift on 2025/09/04 at 21:20:00','2025-09-04 21:24:00','unread',4),(3145,17,'Replacement Successful: Yatin Fakir assigned to Sparkler Girl shift on 2025/09/04 at 21:20:00','2025-09-04 21:24:00','read',4),(3146,1,'Yatin Fakir failed to clock in for their shift starting at 21:20:00 on 2025/09/04','2025-09-04 21:24:01','unread',4),(3147,17,'Yatin Fakir failed to clock in for their shift starting at 21:20:00 on 2025/09/04','2025-09-04 21:24:01','read',4),(3148,20,'You have been assigned a replacement shift for Sparkler Girl on 2025/09/04 from 21:20:00 to 21:21:00 due to a missed clock-in.','2025-09-04 21:24:01','unread',3),(3149,1,'Replacement Successful: Alexa Grasso assigned to Sparkler Girl shift on 2025/09/04 at 21:20:00','2025-09-04 21:24:01','unread',4),(3150,17,'Replacement Successful: Alexa Grasso assigned to Sparkler Girl shift on 2025/09/04 at 21:20:00','2025-09-04 21:24:01','read',4),(3151,1,'Alexa Grasso failed to clock in for their shift starting at 21:20:00 on 2025/09/04','2025-09-04 21:24:02','unread',4),(3152,17,'Alexa Grasso failed to clock in for their shift starting at 21:20:00 on 2025/09/04','2025-09-04 21:24:02','read',4),(3153,13,'You have been assigned a replacement shift for Sparkler Girl on 2025/09/04 from 21:20:00 to 21:21:00 due to a missed clock-in.','2025-09-04 21:24:02','unread',3),(3154,1,'Replacement Successful: Yatin Fakir assigned to Sparkler Girl shift on 2025/09/04 at 21:20:00','2025-09-04 21:24:02','unread',4),(3155,17,'Replacement Successful: Yatin Fakir assigned to Sparkler Girl shift on 2025/09/04 at 21:20:00','2025-09-04 21:24:02','read',4),(3156,1,'Yatin Fakir failed to clock in for their shift starting at 21:20:00 on 2025/09/04','2025-09-04 21:24:03','unread',4),(3157,17,'Yatin Fakir failed to clock in for their shift starting at 21:20:00 on 2025/09/04','2025-09-04 21:24:03','read',4),(3158,20,'You have been assigned a replacement shift for Sparkler Girl on 2025/09/04 from 21:20:00 to 21:21:00 due to a missed clock-in.','2025-09-04 21:24:03','unread',3),(3159,1,'Replacement Successful: Alexa Grasso assigned to Sparkler Girl shift on 2025/09/04 at 21:20:00','2025-09-04 21:24:03','unread',4),(3160,17,'Replacement Successful: Alexa Grasso assigned to Sparkler Girl shift on 2025/09/04 at 21:20:00','2025-09-04 21:24:03','read',4),(3161,1,'Alexa Grasso failed to clock in for their shift starting at 21:20:00 on 2025/09/04','2025-09-04 21:24:04','unread',4),(3162,17,'Alexa Grasso failed to clock in for their shift starting at 21:20:00 on 2025/09/04','2025-09-04 21:24:04','read',4),(3163,13,'You have been assigned a replacement shift for Sparkler Girl on 2025/09/04 from 21:20:00 to 21:21:00 due to a missed clock-in.','2025-09-04 21:24:04','unread',3),(3164,1,'Replacement Successful: Yatin Fakir assigned to Sparkler Girl shift on 2025/09/04 at 21:20:00','2025-09-04 21:24:04','unread',4),(3165,17,'Replacement Successful: Yatin Fakir assigned to Sparkler Girl shift on 2025/09/04 at 21:20:00','2025-09-04 21:24:04','read',4),(3166,1,'Yatin Fakir failed to clock in for their shift starting at 21:20:00 on 2025/09/04','2025-09-04 21:24:05','unread',4),(3167,17,'Yatin Fakir failed to clock in for their shift starting at 21:20:00 on 2025/09/04','2025-09-04 21:24:05','read',4),(3168,20,'You have been assigned a replacement shift for Sparkler Girl on 2025/09/04 from 21:20:00 to 21:21:00 due to a missed clock-in.','2025-09-04 21:24:05','unread',3),(3169,1,'Replacement Successful: Alexa Grasso assigned to Sparkler Girl shift on 2025/09/04 at 21:20:00','2025-09-04 21:24:05','unread',4),(3170,17,'Replacement Successful: Alexa Grasso assigned to Sparkler Girl shift on 2025/09/04 at 21:20:00','2025-09-04 21:24:05','read',4),(3171,1,'Alexa Grasso failed to clock in for their shift starting at 21:20:00 on 2025/09/04','2025-09-04 21:24:06','unread',4),(3172,17,'Alexa Grasso failed to clock in for their shift starting at 21:20:00 on 2025/09/04','2025-09-04 21:24:06','read',4),(3173,13,'You have been assigned a replacement shift for Sparkler Girl on 2025/09/04 from 21:20:00 to 21:21:00 due to a missed clock-in.','2025-09-04 21:24:06','unread',3),(3174,1,'Replacement Successful: Yatin Fakir assigned to Sparkler Girl shift on 2025/09/04 at 21:20:00','2025-09-04 21:24:06','unread',4),(3175,17,'Replacement Successful: Yatin Fakir assigned to Sparkler Girl shift on 2025/09/04 at 21:20:00','2025-09-04 21:24:06','read',4),(3176,1,'Yatin Fakir failed to clock in for their shift starting at 21:20:00 on 2025/09/04','2025-09-04 21:24:07','unread',4),(3177,17,'Yatin Fakir failed to clock in for their shift starting at 21:20:00 on 2025/09/04','2025-09-04 21:24:07','read',4),(3178,20,'You have been assigned a replacement shift for Sparkler Girl on 2025/09/04 from 21:20:00 to 21:21:00 due to a missed clock-in.','2025-09-04 21:24:07','unread',3),(3179,1,'Replacement Successful: Alexa Grasso assigned to Sparkler Girl shift on 2025/09/04 at 21:20:00','2025-09-04 21:24:07','unread',4),(3180,17,'Replacement Successful: Alexa Grasso assigned to Sparkler Girl shift on 2025/09/04 at 21:20:00','2025-09-04 21:24:07','read',4),(3181,1,'Alexa Grasso failed to clock in for their shift starting at 21:20:00 on 2025/09/04','2025-09-04 21:24:08','unread',4),(3182,17,'Alexa Grasso failed to clock in for their shift starting at 21:20:00 on 2025/09/04','2025-09-04 21:24:08','read',4),(3183,13,'You have been assigned a replacement shift for Sparkler Girl on 2025/09/04 from 21:20:00 to 21:21:00 due to a missed clock-in.','2025-09-04 21:24:08','unread',3),(3184,1,'Replacement Successful: Yatin Fakir assigned to Sparkler Girl shift on 2025/09/04 at 21:20:00','2025-09-04 21:24:08','unread',4),(3185,17,'Replacement Successful: Yatin Fakir assigned to Sparkler Girl shift on 2025/09/04 at 21:20:00','2025-09-04 21:24:08','read',4),(3186,1,'Yatin Fakir failed to clock in for their shift starting at 21:20:00 on 2025/09/04','2025-09-04 21:24:09','unread',4),(3187,17,'Yatin Fakir failed to clock in for their shift starting at 21:20:00 on 2025/09/04','2025-09-04 21:24:09','read',4),(3188,20,'You have been assigned a replacement shift for Sparkler Girl on 2025/09/04 from 21:20:00 to 21:21:00 due to a missed clock-in.','2025-09-04 21:24:09','unread',3),(3189,1,'Replacement Successful: Alexa Grasso assigned to Sparkler Girl shift on 2025/09/04 at 21:20:00','2025-09-04 21:24:09','unread',4),(3190,17,'Replacement Successful: Alexa Grasso assigned to Sparkler Girl shift on 2025/09/04 at 21:20:00','2025-09-04 21:24:09','read',4),(3191,1,'Alexa Grasso failed to clock in for their shift starting at 21:20:00 on 2025/09/04','2025-09-04 21:24:10','unread',4),(3192,17,'Alexa Grasso failed to clock in for their shift starting at 21:20:00 on 2025/09/04','2025-09-04 21:24:10','read',4),(3193,13,'You have been assigned a replacement shift for Sparkler Girl on 2025/09/04 from 21:20:00 to 21:21:00 due to a missed clock-in.','2025-09-04 21:24:10','unread',3),(3194,1,'Replacement Successful: Yatin Fakir assigned to Sparkler Girl shift on 2025/09/04 at 21:20:00','2025-09-04 21:24:10','unread',4),(3195,17,'Replacement Successful: Yatin Fakir assigned to Sparkler Girl shift on 2025/09/04 at 21:20:00','2025-09-04 21:24:10','read',4),(3196,1,'Yatin Fakir failed to clock in for their shift starting at 21:20:00 on 2025/09/04','2025-09-04 21:24:11','unread',4),(3197,17,'Yatin Fakir failed to clock in for their shift starting at 21:20:00 on 2025/09/04','2025-09-04 21:24:11','read',4),(3198,20,'You have been assigned a replacement shift for Sparkler Girl on 2025/09/04 from 21:20:00 to 21:21:00 due to a missed clock-in.','2025-09-04 21:24:11','unread',3),(3199,1,'Replacement Successful: Alexa Grasso assigned to Sparkler Girl shift on 2025/09/04 at 21:20:00','2025-09-04 21:24:11','unread',4),(3200,17,'Replacement Successful: Alexa Grasso assigned to Sparkler Girl shift on 2025/09/04 at 21:20:00','2025-09-04 21:24:11','read',4),(3201,1,'Alexa Grasso failed to clock in for their shift starting at 21:20:00 on 2025/09/04','2025-09-04 21:24:12','unread',4),(3202,17,'Alexa Grasso failed to clock in for their shift starting at 21:20:00 on 2025/09/04','2025-09-04 21:24:12','read',4),(3203,13,'You have been assigned a replacement shift for Sparkler Girl on 2025/09/04 from 21:20:00 to 21:21:00 due to a missed clock-in.','2025-09-04 21:24:12','unread',3),(3204,1,'Replacement Successful: Yatin Fakir assigned to Sparkler Girl shift on 2025/09/04 at 21:20:00','2025-09-04 21:24:12','unread',4),(3205,17,'Replacement Successful: Yatin Fakir assigned to Sparkler Girl shift on 2025/09/04 at 21:20:00','2025-09-04 21:24:12','read',4),(3206,1,'Yatin Fakir failed to clock in for their shift starting at 21:20:00 on 2025/09/04','2025-09-04 21:24:13','unread',4),(3207,17,'Yatin Fakir failed to clock in for their shift starting at 21:20:00 on 2025/09/04','2025-09-04 21:24:13','read',4),(3208,20,'You have been assigned a replacement shift for Sparkler Girl on 2025/09/04 from 21:20:00 to 21:21:00 due to a missed clock-in.','2025-09-04 21:24:13','unread',3),(3209,1,'Replacement Successful: Alexa Grasso assigned to Sparkler Girl shift on 2025/09/04 at 21:20:00','2025-09-04 21:24:13','unread',4),(3210,17,'Replacement Successful: Alexa Grasso assigned to Sparkler Girl shift on 2025/09/04 at 21:20:00','2025-09-04 21:24:13','read',4),(3211,1,'Alexa Grasso failed to clock in for their shift starting at 21:20:00 on 2025/09/04','2025-09-04 21:24:14','unread',4),(3212,17,'Alexa Grasso failed to clock in for their shift starting at 21:20:00 on 2025/09/04','2025-09-04 21:24:14','read',4),(3213,13,'You have been assigned a replacement shift for Sparkler Girl on 2025/09/04 from 21:20:00 to 21:21:00 due to a missed clock-in.','2025-09-04 21:24:14','unread',3),(3214,1,'Replacement Successful: Yatin Fakir assigned to Sparkler Girl shift on 2025/09/04 at 21:20:00','2025-09-04 21:24:14','unread',4),(3215,17,'Replacement Successful: Yatin Fakir assigned to Sparkler Girl shift on 2025/09/04 at 21:20:00','2025-09-04 21:24:14','read',4),(3216,1,'Yatin Fakir failed to clock in for their shift starting at 21:20:00 on 2025/09/04','2025-09-04 21:24:15','unread',4),(3217,17,'Yatin Fakir failed to clock in for their shift starting at 21:20:00 on 2025/09/04','2025-09-04 21:24:15','read',4),(3218,20,'You have been assigned a replacement shift for Sparkler Girl on 2025/09/04 from 21:20:00 to 21:21:00 due to a missed clock-in.','2025-09-04 21:24:15','unread',3),(3219,1,'Replacement Successful: Alexa Grasso assigned to Sparkler Girl shift on 2025/09/04 at 21:20:00','2025-09-04 21:24:15','unread',4),(3220,17,'Replacement Successful: Alexa Grasso assigned to Sparkler Girl shift on 2025/09/04 at 21:20:00','2025-09-04 21:24:15','read',4),(3221,1,'Alexa Grasso failed to clock in for their shift starting at 21:20:00 on 2025/09/04','2025-09-04 21:24:16','unread',4),(3222,17,'Alexa Grasso failed to clock in for their shift starting at 21:20:00 on 2025/09/04','2025-09-04 21:24:16','read',4),(3223,13,'You have been assigned a replacement shift for Sparkler Girl on 2025/09/04 from 21:20:00 to 21:21:00 due to a missed clock-in.','2025-09-04 21:24:16','unread',3),(3224,1,'Replacement Successful: Yatin Fakir assigned to Sparkler Girl shift on 2025/09/04 at 21:20:00','2025-09-04 21:24:16','unread',4),(3225,17,'Replacement Successful: Yatin Fakir assigned to Sparkler Girl shift on 2025/09/04 at 21:20:00','2025-09-04 21:24:16','read',4),(3226,1,'Yatin Fakir failed to clock in for their shift starting at 21:20:00 on 2025/09/04','2025-09-04 21:24:17','unread',4),(3227,17,'Yatin Fakir failed to clock in for their shift starting at 21:20:00 on 2025/09/04','2025-09-04 21:24:17','read',4),(3228,20,'You have been assigned a replacement shift for Sparkler Girl on 2025/09/04 from 21:20:00 to 21:21:00 due to a missed clock-in.','2025-09-04 21:24:17','unread',3),(3229,1,'Replacement Successful: Alexa Grasso assigned to Sparkler Girl shift on 2025/09/04 at 21:20:00','2025-09-04 21:24:17','unread',4),(3230,17,'Replacement Successful: Alexa Grasso assigned to Sparkler Girl shift on 2025/09/04 at 21:20:00','2025-09-04 21:24:17','read',4),(3231,1,'Alexa Grasso failed to clock in for their shift starting at 21:20:00 on 2025/09/04','2025-09-04 21:24:18','unread',4),(3232,17,'Alexa Grasso failed to clock in for their shift starting at 21:20:00 on 2025/09/04','2025-09-04 21:24:18','read',4),(3233,13,'You have been assigned a replacement shift for Sparkler Girl on 2025/09/04 from 21:20:00 to 21:21:00 due to a missed clock-in.','2025-09-04 21:24:18','unread',3),(3234,1,'Replacement Successful: Yatin Fakir assigned to Sparkler Girl shift on 2025/09/04 at 21:20:00','2025-09-04 21:24:18','unread',4),(3235,17,'Replacement Successful: Yatin Fakir assigned to Sparkler Girl shift on 2025/09/04 at 21:20:00','2025-09-04 21:24:18','read',4),(3236,1,'Yatin Fakir failed to clock in for their shift starting at 21:20:00 on 2025/09/04','2025-09-04 21:24:19','unread',4),(3237,17,'Yatin Fakir failed to clock in for their shift starting at 21:20:00 on 2025/09/04','2025-09-04 21:24:19','read',4),(3238,20,'You have been assigned a replacement shift for Sparkler Girl on 2025/09/04 from 21:20:00 to 21:21:00 due to a missed clock-in.','2025-09-04 21:24:19','unread',3),(3239,1,'Replacement Successful: Alexa Grasso assigned to Sparkler Girl shift on 2025/09/04 at 21:20:00','2025-09-04 21:24:19','unread',4),(3240,17,'Replacement Successful: Alexa Grasso assigned to Sparkler Girl shift on 2025/09/04 at 21:20:00','2025-09-04 21:24:19','read',4),(3241,1,'Alexa Grasso failed to clock in for their shift starting at 21:20:00 on 2025/09/04','2025-09-04 21:24:20','unread',4),(3242,17,'Alexa Grasso failed to clock in for their shift starting at 21:20:00 on 2025/09/04','2025-09-04 21:24:20','read',4),(3243,13,'You have been assigned a replacement shift for Sparkler Girl on 2025/09/04 from 21:20:00 to 21:21:00 due to a missed clock-in.','2025-09-04 21:24:20','unread',3),(3244,1,'Replacement Successful: Yatin Fakir assigned to Sparkler Girl shift on 2025/09/04 at 21:20:00','2025-09-04 21:24:20','unread',4),(3245,17,'Replacement Successful: Yatin Fakir assigned to Sparkler Girl shift on 2025/09/04 at 21:20:00','2025-09-04 21:24:20','read',4),(3246,1,'Yatin Fakir failed to clock in for their shift starting at 21:20:00 on 2025/09/04','2025-09-04 21:24:21','unread',4),(3247,17,'Yatin Fakir failed to clock in for their shift starting at 21:20:00 on 2025/09/04','2025-09-04 21:24:21','read',4),(3248,20,'You have been assigned a replacement shift for Sparkler Girl on 2025/09/04 from 21:20:00 to 21:21:00 due to a missed clock-in.','2025-09-04 21:24:21','unread',3),(3249,1,'Replacement Successful: Alexa Grasso assigned to Sparkler Girl shift on 2025/09/04 at 21:20:00','2025-09-04 21:24:21','unread',4),(3250,17,'Replacement Successful: Alexa Grasso assigned to Sparkler Girl shift on 2025/09/04 at 21:20:00','2025-09-04 21:24:21','read',4),(3251,1,'Alexa Grasso failed to clock in for their shift starting at 21:20:00 on 2025/09/04','2025-09-04 21:24:22','unread',4),(3252,17,'Alexa Grasso failed to clock in for their shift starting at 21:20:00 on 2025/09/04','2025-09-04 21:24:22','read',4),(3253,13,'You have been assigned a replacement shift for Sparkler Girl on 2025/09/04 from 21:20:00 to 21:21:00 due to a missed clock-in.','2025-09-04 21:24:22','unread',3),(3254,1,'Replacement Successful: Yatin Fakir assigned to Sparkler Girl shift on 2025/09/04 at 21:20:00','2025-09-04 21:24:22','unread',4),(3255,17,'Replacement Successful: Yatin Fakir assigned to Sparkler Girl shift on 2025/09/04 at 21:20:00','2025-09-04 21:24:22','read',4),(3256,1,'Yatin Fakir failed to clock in for their shift starting at 21:20:00 on 2025/09/04','2025-09-04 21:24:23','unread',4),(3257,17,'Yatin Fakir failed to clock in for their shift starting at 21:20:00 on 2025/09/04','2025-09-04 21:24:23','read',4),(3258,20,'You have been assigned a replacement shift for Sparkler Girl on 2025/09/04 from 21:20:00 to 21:21:00 due to a missed clock-in.','2025-09-04 21:24:23','unread',3),(3259,1,'Replacement Successful: Alexa Grasso assigned to Sparkler Girl shift on 2025/09/04 at 21:20:00','2025-09-04 21:24:23','unread',4),(3260,17,'Replacement Successful: Alexa Grasso assigned to Sparkler Girl shift on 2025/09/04 at 21:20:00','2025-09-04 21:24:23','read',4),(3261,1,'Alexa Grasso failed to clock in for their shift starting at 21:20:00 on 2025/09/04','2025-09-04 21:24:24','unread',4),(3262,17,'Alexa Grasso failed to clock in for their shift starting at 21:20:00 on 2025/09/04','2025-09-04 21:24:24','read',4),(3263,13,'You have been assigned a replacement shift for Sparkler Girl on 2025/09/04 from 21:20:00 to 21:21:00 due to a missed clock-in.','2025-09-04 21:24:24','unread',3),(3264,1,'Replacement Successful: Yatin Fakir assigned to Sparkler Girl shift on 2025/09/04 at 21:20:00','2025-09-04 21:24:24','unread',4),(3265,17,'Replacement Successful: Yatin Fakir assigned to Sparkler Girl shift on 2025/09/04 at 21:20:00','2025-09-04 21:24:24','read',4),(3266,1,'Yatin Fakir failed to clock in for their shift starting at 21:20:00 on 2025/09/04','2025-09-04 21:24:25','unread',4),(3267,17,'Yatin Fakir failed to clock in for their shift starting at 21:20:00 on 2025/09/04','2025-09-04 21:24:25','read',4),(3268,20,'You have been assigned a replacement shift for Sparkler Girl on 2025/09/04 from 21:20:00 to 21:21:00 due to a missed clock-in.','2025-09-04 21:24:25','unread',3),(3269,1,'Replacement Successful: Alexa Grasso assigned to Sparkler Girl shift on 2025/09/04 at 21:20:00','2025-09-04 21:24:25','unread',4),(3270,17,'Replacement Successful: Alexa Grasso assigned to Sparkler Girl shift on 2025/09/04 at 21:20:00','2025-09-04 21:24:25','read',4),(3271,1,'Alexa Grasso failed to clock in for their shift starting at 21:20:00 on 2025/09/04','2025-09-04 21:24:26','unread',4),(3272,17,'Alexa Grasso failed to clock in for their shift starting at 21:20:00 on 2025/09/04','2025-09-04 21:24:26','read',4),(3273,13,'You have been assigned a replacement shift for Sparkler Girl on 2025/09/04 from 21:20:00 to 21:21:00 due to a missed clock-in.','2025-09-04 21:24:26','unread',3),(3274,1,'Replacement Successful: Yatin Fakir assigned to Sparkler Girl shift on 2025/09/04 at 21:20:00','2025-09-04 21:24:26','unread',4),(3275,17,'Replacement Successful: Yatin Fakir assigned to Sparkler Girl shift on 2025/09/04 at 21:20:00','2025-09-04 21:24:26','read',4),(3276,1,'Yatin Fakir failed to clock in for their shift starting at 21:20:00 on 2025/09/04','2025-09-04 21:24:27','unread',4),(3277,17,'Yatin Fakir failed to clock in for their shift starting at 21:20:00 on 2025/09/04','2025-09-04 21:24:27','read',4),(3278,20,'You have been assigned a replacement shift for Sparkler Girl on 2025/09/04 from 21:20:00 to 21:21:00 due to a missed clock-in.','2025-09-04 21:24:27','unread',3),(3279,1,'Replacement Successful: Alexa Grasso assigned to Sparkler Girl shift on 2025/09/04 at 21:20:00','2025-09-04 21:24:27','unread',4),(3280,17,'Replacement Successful: Alexa Grasso assigned to Sparkler Girl shift on 2025/09/04 at 21:20:00','2025-09-04 21:24:27','read',4),(3281,1,'Alexa Grasso failed to clock in for their shift starting at 21:20:00 on 2025/09/04','2025-09-04 21:24:28','unread',4),(3282,17,'Alexa Grasso failed to clock in for their shift starting at 21:20:00 on 2025/09/04','2025-09-04 21:24:28','read',4),(3283,13,'You have been assigned a replacement shift for Sparkler Girl on 2025/09/04 from 21:20:00 to 21:21:00 due to a missed clock-in.','2025-09-04 21:24:28','unread',3),(3284,1,'Replacement Successful: Yatin Fakir assigned to Sparkler Girl shift on 2025/09/04 at 21:20:00','2025-09-04 21:24:28','unread',4),(3285,17,'Replacement Successful: Yatin Fakir assigned to Sparkler Girl shift on 2025/09/04 at 21:20:00','2025-09-04 21:24:28','read',4),(3286,1,'Yatin Fakir failed to clock in for their shift starting at 21:20:00 on 2025/09/04','2025-09-04 21:24:29','unread',4),(3287,17,'Yatin Fakir failed to clock in for their shift starting at 21:20:00 on 2025/09/04','2025-09-04 21:24:29','read',4),(3288,20,'You have been assigned a replacement shift for Sparkler Girl on 2025/09/04 from 21:20:00 to 21:21:00 due to a missed clock-in.','2025-09-04 21:24:29','unread',3),(3289,1,'Replacement Successful: Alexa Grasso assigned to Sparkler Girl shift on 2025/09/04 at 21:20:00','2025-09-04 21:24:29','unread',4),(3290,17,'Replacement Successful: Alexa Grasso assigned to Sparkler Girl shift on 2025/09/04 at 21:20:00','2025-09-04 21:24:29','read',4),(3291,1,'Alexa Grasso failed to clock in for their shift starting at 21:20:00 on 2025/09/04','2025-09-04 21:24:30','unread',4),(3292,17,'Alexa Grasso failed to clock in for their shift starting at 21:20:00 on 2025/09/04','2025-09-04 21:24:30','read',4),(3293,13,'You have been assigned a replacement shift for Sparkler Girl on 2025/09/04 from 21:20:00 to 21:21:00 due to a missed clock-in.','2025-09-04 21:24:30','unread',3),(3294,1,'Replacement Successful: Yatin Fakir assigned to Sparkler Girl shift on 2025/09/04 at 21:20:00','2025-09-04 21:24:30','unread',4),(3295,17,'Replacement Successful: Yatin Fakir assigned to Sparkler Girl shift on 2025/09/04 at 21:20:00','2025-09-04 21:24:30','read',4),(3296,1,'Yatin Fakir failed to clock in for their shift starting at 21:20:00 on 2025/09/04','2025-09-04 21:24:31','unread',4),(3297,17,'Yatin Fakir failed to clock in for their shift starting at 21:20:00 on 2025/09/04','2025-09-04 21:24:31','read',4),(3298,20,'You have been assigned a replacement shift for Sparkler Girl on 2025/09/04 from 21:20:00 to 21:21:00 due to a missed clock-in.','2025-09-04 21:24:31','unread',3),(3299,1,'Replacement Successful: Alexa Grasso assigned to Sparkler Girl shift on 2025/09/04 at 21:20:00','2025-09-04 21:24:31','unread',4),(3300,17,'Replacement Successful: Alexa Grasso assigned to Sparkler Girl shift on 2025/09/04 at 21:20:00','2025-09-04 21:24:31','read',4),(3301,1,'Alexa Grasso failed to clock in for their shift starting at 21:20:00 on 2025/09/04','2025-09-04 21:24:32','unread',4),(3302,17,'Alexa Grasso failed to clock in for their shift starting at 21:20:00 on 2025/09/04','2025-09-04 21:24:32','read',4),(3303,13,'You have been assigned a replacement shift for Sparkler Girl on 2025/09/04 from 21:20:00 to 21:21:00 due to a missed clock-in.','2025-09-04 21:24:32','unread',3),(3304,1,'Replacement Successful: Yatin Fakir assigned to Sparkler Girl shift on 2025/09/04 at 21:20:00','2025-09-04 21:24:32','unread',4),(3305,17,'Replacement Successful: Yatin Fakir assigned to Sparkler Girl shift on 2025/09/04 at 21:20:00','2025-09-04 21:24:32','read',4),(3306,1,'Yatin Fakir failed to clock in for their shift starting at 21:20:00 on 2025/09/04','2025-09-04 21:24:33','unread',4),(3307,17,'Yatin Fakir failed to clock in for their shift starting at 21:20:00 on 2025/09/04','2025-09-04 21:24:33','read',4),(3308,20,'You have been assigned a replacement shift for Sparkler Girl on 2025/09/04 from 21:20:00 to 21:21:00 due to a missed clock-in.','2025-09-04 21:24:33','unread',3),(3309,1,'Replacement Successful: Alexa Grasso assigned to Sparkler Girl shift on 2025/09/04 at 21:20:00','2025-09-04 21:24:33','unread',4),(3310,17,'Replacement Successful: Alexa Grasso assigned to Sparkler Girl shift on 2025/09/04 at 21:20:00','2025-09-04 21:24:33','read',4),(3311,1,'Alexa Grasso failed to clock in for their shift starting at 21:20:00 on 2025/09/04','2025-09-04 21:24:34','unread',4),(3312,17,'Alexa Grasso failed to clock in for their shift starting at 21:20:00 on 2025/09/04','2025-09-04 21:24:34','read',4),(3313,13,'You have been assigned a replacement shift for Sparkler Girl on 2025/09/04 from 21:20:00 to 21:21:00 due to a missed clock-in.','2025-09-04 21:24:34','unread',3),(3314,1,'Replacement Successful: Yatin Fakir assigned to Sparkler Girl shift on 2025/09/04 at 21:20:00','2025-09-04 21:24:34','unread',4),(3315,17,'Replacement Successful: Yatin Fakir assigned to Sparkler Girl shift on 2025/09/04 at 21:20:00','2025-09-04 21:24:34','read',4),(3316,1,'Yatin Fakir failed to clock in for their shift starting at 21:20:00 on 2025/09/04','2025-09-04 21:24:35','unread',4),(3317,17,'Yatin Fakir failed to clock in for their shift starting at 21:20:00 on 2025/09/04','2025-09-04 21:24:35','read',4),(3318,20,'You have been assigned a replacement shift for Sparkler Girl on 2025/09/04 from 21:20:00 to 21:21:00 due to a missed clock-in.','2025-09-04 21:24:35','unread',3),(3319,1,'Replacement Successful: Alexa Grasso assigned to Sparkler Girl shift on 2025/09/04 at 21:20:00','2025-09-04 21:24:35','unread',4),(3320,17,'Replacement Successful: Alexa Grasso assigned to Sparkler Girl shift on 2025/09/04 at 21:20:00','2025-09-04 21:24:35','read',4),(3321,1,'Alexa Grasso failed to clock in for their shift starting at 21:20:00 on 2025/09/04','2025-09-04 21:24:36','unread',4),(3322,17,'Alexa Grasso failed to clock in for their shift starting at 21:20:00 on 2025/09/04','2025-09-04 21:24:36','read',4),(3323,13,'You have been assigned a replacement shift for Sparkler Girl on 2025/09/04 from 21:20:00 to 21:21:00 due to a missed clock-in.','2025-09-04 21:24:36','unread',3),(3324,1,'Replacement Successful: Yatin Fakir assigned to Sparkler Girl shift on 2025/09/04 at 21:20:00','2025-09-04 21:24:36','unread',4),(3325,17,'Replacement Successful: Yatin Fakir assigned to Sparkler Girl shift on 2025/09/04 at 21:20:00','2025-09-04 21:24:36','read',4),(3326,1,'Yatin Fakir failed to clock in for their shift starting at 21:20:00 on 2025/09/04','2025-09-04 21:24:37','unread',4),(3327,17,'Yatin Fakir failed to clock in for their shift starting at 21:20:00 on 2025/09/04','2025-09-04 21:24:37','read',4),(3328,20,'You have been assigned a replacement shift for Sparkler Girl on 2025/09/04 from 21:20:00 to 21:21:00 due to a missed clock-in.','2025-09-04 21:24:37','unread',3),(3329,1,'Replacement Successful: Alexa Grasso assigned to Sparkler Girl shift on 2025/09/04 at 21:20:00','2025-09-04 21:24:37','unread',4),(3330,17,'Replacement Successful: Alexa Grasso assigned to Sparkler Girl shift on 2025/09/04 at 21:20:00','2025-09-04 21:24:37','read',4),(3331,1,'Alexa Grasso failed to clock in for their shift starting at 21:20:00 on 2025/09/04','2025-09-04 21:24:38','unread',4),(3332,17,'Alexa Grasso failed to clock in for their shift starting at 21:20:00 on 2025/09/04','2025-09-04 21:24:38','read',4),(3333,13,'You have been assigned a replacement shift for Sparkler Girl on 2025/09/04 from 21:20:00 to 21:21:00 due to a missed clock-in.','2025-09-04 21:24:38','unread',3),(3334,1,'Replacement Successful: Yatin Fakir assigned to Sparkler Girl shift on 2025/09/04 at 21:20:00','2025-09-04 21:24:38','unread',4),(3335,17,'Replacement Successful: Yatin Fakir assigned to Sparkler Girl shift on 2025/09/04 at 21:20:00','2025-09-04 21:24:38','read',4),(3336,1,'Yatin Fakir failed to clock in for their shift starting at 21:20:00 on 2025/09/04','2025-09-04 21:24:39','unread',4),(3337,17,'Yatin Fakir failed to clock in for their shift starting at 21:20:00 on 2025/09/04','2025-09-04 21:24:39','read',4),(3338,20,'You have been assigned a replacement shift for Sparkler Girl on 2025/09/04 from 21:20:00 to 21:21:00 due to a missed clock-in.','2025-09-04 21:24:39','unread',3),(3339,1,'Replacement Successful: Alexa Grasso assigned to Sparkler Girl shift on 2025/09/04 at 21:20:00','2025-09-04 21:24:39','unread',4),(3340,17,'Replacement Successful: Alexa Grasso assigned to Sparkler Girl shift on 2025/09/04 at 21:20:00','2025-09-04 21:24:39','read',4),(3341,1,'Alexa Grasso failed to clock in for their shift starting at 21:20:00 on 2025/09/04','2025-09-04 21:24:40','unread',4),(3342,17,'Alexa Grasso failed to clock in for their shift starting at 21:20:00 on 2025/09/04','2025-09-04 21:24:40','read',4),(3343,13,'You have been assigned a replacement shift for Sparkler Girl on 2025/09/04 from 21:20:00 to 21:21:00 due to a missed clock-in.','2025-09-04 21:24:40','unread',3),(3344,1,'Replacement Successful: Yatin Fakir assigned to Sparkler Girl shift on 2025/09/04 at 21:20:00','2025-09-04 21:24:40','unread',4),(3345,17,'Replacement Successful: Yatin Fakir assigned to Sparkler Girl shift on 2025/09/04 at 21:20:00','2025-09-04 21:24:40','read',4),(3346,1,'Yatin Fakir failed to clock in for their shift starting at 21:20:00 on 2025/09/04','2025-09-04 21:24:41','unread',4),(3347,17,'Yatin Fakir failed to clock in for their shift starting at 21:20:00 on 2025/09/04','2025-09-04 21:24:41','read',4),(3348,20,'You have been assigned a replacement shift for Sparkler Girl on 2025/09/04 from 21:20:00 to 21:21:00 due to a missed clock-in.','2025-09-04 21:24:41','unread',3),(3349,1,'Replacement Successful: Alexa Grasso assigned to Sparkler Girl shift on 2025/09/04 at 21:20:00','2025-09-04 21:24:41','unread',4),(3350,17,'Replacement Successful: Alexa Grasso assigned to Sparkler Girl shift on 2025/09/04 at 21:20:00','2025-09-04 21:24:41','read',4),(3351,1,'Alexa Grasso failed to clock in for their shift starting at 21:20:00 on 2025/09/04','2025-09-04 21:24:42','unread',4),(3352,17,'Alexa Grasso failed to clock in for their shift starting at 21:20:00 on 2025/09/04','2025-09-04 21:24:42','read',4),(3353,13,'You have been assigned a replacement shift for Sparkler Girl on 2025/09/04 from 21:20:00 to 21:21:00 due to a missed clock-in.','2025-09-04 21:24:42','unread',3),(3354,1,'Replacement Successful: Yatin Fakir assigned to Sparkler Girl shift on 2025/09/04 at 21:20:00','2025-09-04 21:24:42','unread',4),(3355,17,'Replacement Successful: Yatin Fakir assigned to Sparkler Girl shift on 2025/09/04 at 21:20:00','2025-09-04 21:24:42','read',4),(3356,1,'Yatin Fakir failed to clock in for their shift starting at 21:20:00 on 2025/09/04','2025-09-04 21:24:43','unread',4),(3357,17,'Yatin Fakir failed to clock in for their shift starting at 21:20:00 on 2025/09/04','2025-09-04 21:24:43','read',4),(3358,20,'You have been assigned a replacement shift for Sparkler Girl on 2025/09/04 from 21:20:00 to 21:21:00 due to a missed clock-in.','2025-09-04 21:24:43','unread',3),(3359,1,'Replacement Successful: Alexa Grasso assigned to Sparkler Girl shift on 2025/09/04 at 21:20:00','2025-09-04 21:24:43','unread',4),(3360,17,'Replacement Successful: Alexa Grasso assigned to Sparkler Girl shift on 2025/09/04 at 21:20:00','2025-09-04 21:24:43','read',4),(3671,1,'Alexa Grasso failed to clock in for their shift starting at 21:51:00 on 2025/09/04','2025-09-04 21:54:06','unread',4),(3672,17,'Alexa Grasso failed to clock in for their shift starting at 21:51:00 on 2025/09/04','2025-09-04 21:54:06','read',4),(3673,13,'You have been assigned a replacement shift for Sparkler Girl on 2025/09/04 from 21:51:00 to 21:55:00 due to a missed clock-in.','2025-09-04 21:54:06','unread',3),(3674,1,'Replacement Successful: Yatin Fakir assigned to Sparkler Girl shift on 2025/09/04 at 21:51:00','2025-09-04 21:54:06','unread',4),(3675,17,'Replacement Successful: Yatin Fakir assigned to Sparkler Girl shift on 2025/09/04 at 21:51:00','2025-09-04 21:54:06','read',4),(3676,1,'Yatin Fakir failed to clock in for their shift starting at 22:01:30 on 2025/09/04','2025-09-04 22:02:31','unread',4),(3677,17,'Yatin Fakir failed to clock in for their shift starting at 22:01:30 on 2025/09/04','2025-09-04 22:02:31','read',4),(3678,20,'You have been assigned a replacement shift for Sparkler Girl on 2025/09/04 from 22:01:30 to 22:05:00 due to a missed clock-in.','2025-09-04 22:02:31','unread',3),(3679,1,'Replacement Successful: Alexa Grasso assigned to Sparkler Girl shift on 2025/09/04 at 22:01:30','2025-09-04 22:02:31','unread',4),(3680,17,'Replacement Successful: Alexa Grasso assigned to Sparkler Girl shift on 2025/09/04 at 22:01:30','2025-09-04 22:02:31','read',4),(3681,1,'Alexa Grasso failed to clock in for their shift starting at 22:06:00 on 2025/09/04','2025-09-04 22:07:01','unread',4),(3682,17,'Alexa Grasso failed to clock in for their shift starting at 22:06:00 on 2025/09/04','2025-09-04 22:07:01','read',4),(3683,13,'You have been assigned a replacement shift for Sparkler Girl on 2025/09/04 from 22:06:00 to 22:10:30 due to a missed clock-in.','2025-09-04 22:07:01','unread',3),(3684,1,'Replacement Successful: Yatin Fakir assigned to Sparkler Girl shift on 2025/09/04 at 22:06:00','2025-09-04 22:07:01','unread',4),(3685,17,'Replacement Successful: Yatin Fakir assigned to Sparkler Girl shift on 2025/09/04 at 22:06:00','2025-09-04 22:07:01','read',4),(3686,1,'Valentina Shevchenko failed to clock in for their shift starting at 22:39:00 on 2025/09/04','2025-09-04 22:40:01','unread',4),(3687,17,'Valentina Shevchenko failed to clock in for their shift starting at 22:39:00 on 2025/09/04','2025-09-04 22:40:01','read',4),(3688,13,'You have been assigned a replacement shift for Sparkler Girl on 2025/09/04 from 22:39:00 to 22:42:30 due to a missed clock-in.','2025-09-04 22:40:01','unread',3),(3689,1,'Replacement Successful: Yatin Fakir assigned to Sparkler Girl shift on 2025/09/04 at 22:39:00','2025-09-04 22:40:01','unread',4),(3690,17,'Replacement Successful: Yatin Fakir assigned to Sparkler Girl shift on 2025/09/04 at 22:39:00','2025-09-04 22:40:01','read',4),(3691,1,'Amanda Nunez failed to clock in for their shift starting at 22:43:00 on 2025/09/04','2025-09-04 22:44:01','unread',4),(3692,17,'Amanda Nunez failed to clock in for their shift starting at 22:43:00 on 2025/09/04','2025-09-04 22:44:01','read',4),(3693,13,'You have been assigned a replacement shift for Sparkler Girl on 2025/09/04 from 22:43:00 to 22:49:30 due to a missed clock-in.','2025-09-04 22:44:01','unread',3),(3694,1,'Replacement Successful: Yatin Fakir assigned to Sparkler Girl shift on 2025/09/04 at 22:43:00','2025-09-04 22:44:01','unread',4),(3695,17,'Replacement Successful: Yatin Fakir assigned to Sparkler Girl shift on 2025/09/04 at 22:43:00','2025-09-04 22:44:01','read',4),(3696,1,'Amanda Nunez failed to clock in for their shift starting at 22:46:00 on 2025/09/04','2025-09-04 22:47:01','unread',4),(3697,17,'Amanda Nunez failed to clock in for their shift starting at 22:46:00 on 2025/09/04','2025-09-04 22:47:01','read',4),(3698,20,'You have been assigned a replacement shift for Sparkler Girl on 2025/09/04 from 22:46:00 to 22:49:30 due to a missed clock-in.','2025-09-04 22:47:01','unread',3),(3699,1,'Replacement Successful: Alexa Grasso assigned to Sparkler Girl shift on 2025/09/04 at 22:46:00','2025-09-04 22:47:01','unread',4),(3700,17,'Replacement Successful: Alexa Grasso assigned to Sparkler Girl shift on 2025/09/04 at 22:46:00','2025-09-04 22:47:01','read',4),(3701,1,'Alexa Grasso failed to clock in for their shift starting at 22:48:00 on 2025/09/04','2025-09-04 22:49:01','unread',4),(3702,17,'Alexa Grasso failed to clock in for their shift starting at 22:48:00 on 2025/09/04','2025-09-04 22:49:01','read',4),(3703,1,'Shift Replacement Failed: All standby Sparkler Girl employees have conflicting shifts for missed shift on 2025/09/04 at 22:48:00','2025-09-04 22:49:01','unread',4),(3704,17,'Shift Replacement Failed: All standby Sparkler Girl employees have conflicting shifts for missed shift on 2025/09/04 at 22:48:00','2025-09-04 22:49:01','read',4),(3705,6,'You have been assigned a replacement shift for Bartender on 2025/09/04 from 23:00:00 to 23:30:00 due to a missed shift.','2025-09-04 22:53:00','unread',3),(3706,1,'Shift Replacement Successful: John Doe assigned to Bartender shift on Thu Sep 04 2025 00:00:00 GMT+0200 (South Africa Standard Time) at 23:00:00','2025-09-04 22:53:00','unread',4),(3707,17,'Shift Replacement Successful: John Doe assigned to Bartender shift on Thu Sep 04 2025 00:00:00 GMT+0200 (South Africa Standard Time) at 23:00:00','2025-09-04 22:53:00','read',4),(3708,16,'You have been assigned a replacement shift for Bartender on 2025/09/04 from 23:00:00 to 23:30:00 due to a missed shift.','2025-09-04 22:56:00','unread',3),(3709,1,'Shift Replacement Successful: Declan Rice assigned to Bartender shift on Thu Sep 04 2025 00:00:00 GMT+0200 (South Africa Standard Time) at 23:00:00','2025-09-04 22:56:00','unread',4),(3710,17,'Shift Replacement Successful: Declan Rice assigned to Bartender shift on Thu Sep 04 2025 00:00:00 GMT+0200 (South Africa Standard Time) at 23:00:00','2025-09-04 22:56:00','read',4),(3711,16,'You have been assigned a replacement shift for Bartender on 2025/09/04 from 17:00:00 to 20:01:00 due to a missed shift.','2025-09-04 22:59:00','unread',3),(3712,1,'Shift Replacement Successful: Declan Rice assigned to Bartender shift on Thu Sep 04 2025 00:00:00 GMT+0200 (South Africa Standard Time) at 17:00:00','2025-09-04 22:59:00','unread',4),(3713,17,'Shift Replacement Successful: Declan Rice assigned to Bartender shift on Thu Sep 04 2025 00:00:00 GMT+0200 (South Africa Standard Time) at 17:00:00','2025-09-04 22:59:00','read',4),(3714,1,'John Doe failed to clock in for their shift starting at 23:00:00 on 2025/09/04','2025-09-04 23:01:01','unread',4),(3715,17,'John Doe failed to clock in for their shift starting at 23:00:00 on 2025/09/04','2025-09-04 23:01:01','read',4),(3716,1,'Shift Replacement Failed: All standby Bartender employees have conflicting shifts for missed shift on 2025/09/04 at 23:00:00','2025-09-04 23:01:01','unread',4),(3717,17,'Shift Replacement Failed: All standby Bartender employees have conflicting shifts for missed shift on 2025/09/04 at 23:00:00','2025-09-04 23:01:01','read',4),(3718,1,'Shift Replacement Failed: No standby employee available for cancelled Bartender shift on 2025/09/04 at 17:00:00','2025-09-04 23:03:00','unread',4),(3719,17,'Shift Replacement Failed: No standby employee available for cancelled Bartender shift on 2025/09/04 at 17:00:00','2025-09-04 23:03:00','read',4),(3720,1,'Lionel Pessi failed to clock in for their shift starting at 00:21:00 on 2025/09/05','2025-09-05 00:22:01','unread',4),(3721,17,'Lionel Pessi failed to clock in for their shift starting at 00:21:00 on 2025/09/05','2025-09-05 00:22:01','read',4),(3722,16,'You have been assigned a replacement shift for Bartender on 2025/09/05 from 00:21:00 to 00:22:00 due to a missed clock-in.','2025-09-05 00:22:01','unread',3),(3723,1,'Replacement Successful: Declan Rice assigned to Bartender shift on 2025/09/05 at 00:21:00','2025-09-05 00:22:01','unread',4),(3724,17,'Replacement Successful: Declan Rice assigned to Bartender shift on 2025/09/05 at 00:21:00','2025-09-05 00:22:01','read',4),(3725,6,'John Doe has missed a normal shift on 2025/09/05','2025-09-05 00:23:01','unread',4),(3726,9,'Darwin Nunez has missed a normal shift on 2025/09/05','2025-09-05 00:23:01','unread',4),(3727,13,'Yatin Fakir has missed a normal shift on 2025/09/05','2025-09-05 00:23:01','unread',4),(3728,13,'Yatin Fakir has missed a normal shift on 2025/09/05','2025-09-05 00:23:01','unread',4),(3729,13,'Yatin Fakir has missed a normal shift on 2025/09/05','2025-09-05 00:23:01','unread',4),(3730,20,'Alexa Grasso has missed a normal shift on 2025/09/05','2025-09-05 00:23:01','unread',4),(3731,6,'John Doe has missed a normal shift on 2025/09/05','2025-09-05 00:23:01','unread',4),(3732,16,'Declan Rice has missed a normal shift on 2025/09/05','2025-09-05 00:23:01','unread',4),(3733,16,'Declan Rice has missed a normal shift on 2025/09/05','2025-09-05 00:23:01','unread',4),(3734,16,'Declan Rice has missed a normal shift on 2025/09/05','2025-09-05 00:23:01','unread',4),(3735,9,'Darwin Nunez has missed a normal shift on 2025/09/05','2025-09-05 00:23:01','unread',4),(3736,16,'Declan Rice has missed a normal shift on 2025/09/05','2025-09-05 00:23:01','unread',4),(3737,1,'Declan Rice failed to clock in for their shift starting at 00:28:00 on 2025/09/05','2025-09-05 00:29:01','unread',4),(3738,17,'Declan Rice failed to clock in for their shift starting at 00:28:00 on 2025/09/05','2025-09-05 00:29:01','read',4),(3739,1,'Shift Replacement Failed: No standby employee available for missed Bartender shift on 2025/09/05 at 00:28:00','2025-09-05 00:29:01','unread',4),(3740,17,'Shift Replacement Failed: No standby employee available for missed Bartender shift on 2025/09/05 at 00:28:00','2025-09-05 00:29:01','read',4),(3741,1,'Michael Williams failed to clock in for their shift starting at 00:30:00 on 2025/09/05','2025-09-05 00:31:01','unread',4),(3742,17,'Michael Williams failed to clock in for their shift starting at 00:30:00 on 2025/09/05','2025-09-05 00:31:01','read',4),(3743,7,'You have been assigned a replacement shift for Waiter on 2025/09/05 from 00:30:00 to 00:50:00 due to a missed clock-in.','2025-09-05 00:31:01','unread',3),(3744,1,'Replacement Successful: Batin Doe assigned to Waiter shift on 2025/09/05 at 00:30:00','2025-09-05 00:31:01','unread',4),(3745,17,'Replacement Successful: Batin Doe assigned to Waiter shift on 2025/09/05 at 00:30:00','2025-09-05 00:31:01','read',4),(3746,1,'Replacement employee Batin Doe failed to clock in for Waiter shift on 2025/09/05 at 00:30:00. QR code has expired. Contingency plan required.','2025-09-05 00:33:00','unread',4),(3747,17,'Replacement employee Batin Doe failed to clock in for Waiter shift on 2025/09/05 at 00:30:00. QR code has expired. Contingency plan required.','2025-09-05 00:33:00','read',4),(3748,16,'You have been assigned a replacement shift for Bartender on 2025/09/05 from 00:21:00 to 00:30:00 due to a missed shift.','2025-09-05 00:57:00','unread',3),(3749,1,'Shift Replacement Successful: Declan Rice assigned to Bartender shift on Fri Sep 05 2025 00:00:00 GMT+0200 (South Africa Standard Time) at 00:21:00','2025-09-05 00:57:00','unread',4),(3750,17,'Shift Replacement Successful: Declan Rice assigned to Bartender shift on Fri Sep 05 2025 00:00:00 GMT+0200 (South Africa Standard Time) at 00:21:00','2025-09-05 00:57:00','read',4),(3751,1,'Replacement employee Declan Rice failed to clock in for Bartender shift on 2025/09/05 at 01:03:30. QR code has expired. Contingency plan required.','2025-09-05 01:05:00','unread',4),(3752,17,'Replacement employee Declan Rice failed to clock in for Bartender shift on 2025/09/05 at 01:03:30. QR code has expired. Contingency plan required.','2025-09-05 01:05:00','read',4),(3753,1,'Michael Williams failed to clock in for their shift starting at 21:30:30 on 2025/09/07','2025-09-07 21:31:31','unread',4),(3754,17,'Michael Williams failed to clock in for their shift starting at 21:30:30 on 2025/09/07','2025-09-07 21:31:31','read',4),(3755,7,'You have been assigned a replacement shift for Waiter on 2025/09/07 from 21:30:30 to 21:35:00 due to a missed clock-in.','2025-09-07 21:31:31','unread',3),(3756,1,'Replacement Successful: Batin Doe assigned to Waiter shift on 2025/09/07 at 21:30:30','2025-09-07 21:31:31','unread',4),(3757,17,'Replacement Successful: Batin Doe assigned to Waiter shift on 2025/09/07 at 21:30:30','2025-09-07 21:31:31','read',4),(3758,7,'Batin Doe has missed a normal shift on 2025/09/07, failed to scan proof QR code','2025-09-07 21:36:01','unread',4),(3759,1,'Batin Doe failed to clock in for their shift starting at 21:40:00 on 2025/09/07','2025-09-07 21:41:01','unread',4),(3760,17,'Batin Doe failed to clock in for their shift starting at 21:40:00 on 2025/09/07','2025-09-07 21:41:01','read',4),(3761,1,'Shift Replacement Failed: No standby employee available for missed Waiter shift on 2025/09/07 at 21:40:00','2025-09-07 21:41:01','unread',4),(3762,17,'Shift Replacement Failed: No standby employee available for missed Waiter shift on 2025/09/07 at 21:40:00','2025-09-07 21:41:01','read',4),(3763,1,'Batin Doe failed to clock in for their shift starting at 21:59:00 on 2025/09/07','2025-09-07 22:00:01','unread',4),(3764,17,'Batin Doe failed to clock in for their shift starting at 21:59:00 on 2025/09/07','2025-09-07 22:00:01','read',4),(3765,1,'Shift Replacement Failed: No standby employee available for missed Waiter shift on 2025/09/07 at 21:59:00','2025-09-07 22:00:01','unread',4),(3766,17,'Shift Replacement Failed: No standby employee available for missed Waiter shift on 2025/09/07 at 21:59:00','2025-09-07 22:00:01','read',4),(3767,1,'Batin Doe failed to clock in for their shift starting at 22:09:00 on 2025/09/07','2025-09-07 22:10:01','unread',4),(3768,17,'Batin Doe failed to clock in for their shift starting at 22:09:00 on 2025/09/07','2025-09-07 22:10:01','read',4),(3769,1,'Shift Replacement Failed: No standby employee available for missed Waiter shift on 2025/09/07 at 22:09:00','2025-09-07 22:10:01','unread',4),(3770,17,'Shift Replacement Failed: No standby employee available for missed Waiter shift on 2025/09/07 at 22:09:00','2025-09-07 22:10:01','read',4),(3771,1,'Declan Rice failed to clock in for their shift starting at 22:34:30 on 2025/09/07','2025-09-07 22:35:31','unread',4),(3772,17,'Declan Rice failed to clock in for their shift starting at 22:34:30 on 2025/09/07','2025-09-07 22:35:31','read',4),(3773,1,'Shift Replacement Failed: No standby employee available for missed Bartender shift on 2025/09/07 at 22:34:30','2025-09-07 22:35:31','unread',4),(3774,17,'Shift Replacement Failed: No standby employee available for missed Bartender shift on 2025/09/07 at 22:34:30','2025-09-07 22:35:31','read',4),(3775,1,'Declan Rice failed to clock in for their shift starting at 22:38:00 on 2025/09/07','2025-09-07 22:39:01','unread',4),(3776,17,'Declan Rice failed to clock in for their shift starting at 22:38:00 on 2025/09/07','2025-09-07 22:39:01','read',4),(3777,1,'Shift Replacement Failed: No standby employee available for missed Bartender shift on 2025/09/07 at 22:38:00','2025-09-07 22:39:01','unread',4),(3778,17,'Shift Replacement Failed: No standby employee available for missed Bartender shift on 2025/09/07 at 22:38:00','2025-09-07 22:39:01','read',4),(3779,1,'Darwin Nunez failed to clock in for their shift starting at 22:42:30 on 2025/09/07','2025-09-07 22:43:31','unread',4),(3780,17,'Darwin Nunez failed to clock in for their shift starting at 22:42:30 on 2025/09/07','2025-09-07 22:43:31','read',4),(3781,16,'You have been assigned a replacement shift for Bartender on 2025/09/07 from 22:42:30 to 22:45:00 due to a missed clock-in.','2025-09-07 22:43:31','unread',3),(3782,1,'Replacement Successful: Declan Rice assigned to Bartender shift on 2025/09/07 at 22:42:30','2025-09-07 22:43:31','unread',4),(3783,17,'Replacement Successful: Declan Rice assigned to Bartender shift on 2025/09/07 at 22:42:30','2025-09-07 22:43:31','read',4),(3784,9,'Darwin Nunez has missed a normal shift on 2025/09/07, failed to scan proof QR code','2025-09-07 22:48:01','unread',4),(3785,9,'Your clock in for today has been accepted.','2025-09-07 22:50:37','unread',4),(3786,9,'Your proof of attendance has been recorded.','2025-09-07 23:01:31','unread',4),(3787,8,'Your leave has ended. Your status has been updated to \"Not Working\".','2025-09-08 15:35:18','unread',1),(3788,8,'Your leave has ended. Your status has been updated to \"Not Working\".','2025-09-08 15:36:00','unread',1),(3789,8,'Your leave has ended. Your status has been updated to \"Not Working\".','2025-09-08 15:37:00','unread',1),(3790,8,'Your leave has ended. Your status has been updated to \"Not Working\".','2025-09-08 15:38:00','unread',1),(3791,8,'Your leave has ended. Your status has been updated to \"Not Working\".','2025-09-08 15:39:00','unread',1),(3792,8,'Your leave has ended. Your status has been updated to \"Not Working\".','2025-09-08 15:40:00','unread',1),(3793,8,'Your leave has ended. Your status has been updated to \"Not Working\".','2025-09-08 15:41:00','unread',1),(3794,8,'Your leave has ended. Your status has been updated to \"Not Working\".','2025-09-08 15:42:00','unread',1),(3795,8,'Your leave has ended. Your status has been updated to \"Not Working\".','2025-09-08 15:43:00','unread',1),(3796,8,'Your leave has ended. Your status has been updated to \"Not Working\".','2025-09-08 15:44:00','unread',1),(3797,8,'Your leave has ended. Your status has been updated to \"Not Working\".','2025-09-08 15:45:00','unread',1),(3798,8,'Your leave has ended. Your status has been updated to \"Not Working\".','2025-09-08 15:46:00','unread',1),(3799,8,'Your leave has ended. Your status has been updated to \"Not Working\".','2025-09-08 15:47:00','unread',1),(3800,8,'Your leave has ended. Your status has been updated to \"Not Working\".','2025-09-08 15:48:00','unread',1),(3801,8,'Your leave has ended. Your status has been updated to \"Not Working\".','2025-09-08 15:49:00','unread',1),(3802,8,'Your leave has ended. Your status has been updated to \"Not Working\".','2025-09-08 15:50:00','unread',1),(3803,8,'Your leave has ended. Your status has been updated to \"Not Working\".','2025-09-08 15:51:00','unread',1),(3804,8,'Your leave has ended. Your status has been updated to \"Not Working\".','2025-09-08 15:52:00','unread',1),(3805,8,'Your leave has ended. Your status has been updated to \"Not Working\".','2025-09-08 15:53:00','unread',1),(3806,8,'Your leave has ended. Your status has been updated to \"Not Working\".','2025-09-08 15:54:00','unread',1),(3807,8,'Your leave has ended. Your status has been updated to \"Not Working\".','2025-09-08 15:55:00','unread',1),(3808,8,'Your leave has ended. Your status has been updated to \"Not Working\".','2025-09-08 15:56:00','unread',1),(3809,8,'Your leave has ended. Your status has been updated to \"Not Working\".','2025-09-08 15:57:00','unread',1),(3810,1,'Darwin Nunez failed to clock in for their shift starting at 15:56:10 on 2025/09/08','2025-09-08 15:57:11','unread',4),(3811,17,'Darwin Nunez failed to clock in for their shift starting at 15:56:10 on 2025/09/08','2025-09-08 15:57:11','read',4),(3812,8,'You have been assigned a replacement shift for Bartender on 2025/09/08 from 15:56:10 to 15:59:10 due to a missed clock-in.','2025-09-08 15:57:11','unread',3),(3813,1,'Replacement Successful: Lionel Pessi assigned to Bartender shift on 2025/09/08 at 15:56:10','2025-09-08 15:57:11','unread',4),(3814,17,'Replacement Successful: Lionel Pessi assigned to Bartender shift on 2025/09/08 at 15:56:10','2025-09-08 15:57:11','read',4),(3815,8,'Your leave has ended. Your status has been updated to \"Not Working\".','2025-09-08 15:58:00','unread',1),(3816,8,'Your leave has ended. Your status has been updated to \"Not Working\".','2025-09-08 15:59:00','unread',1),(3817,8,'Your leave has ended. Your status has been updated to \"Not Working\".','2025-09-08 16:00:00','unread',1),(3818,8,'Lionel Pessi has missed a normal shift on 2025/09/08, failed to scan proof QR code','2025-09-08 16:00:11','unread',4),(3819,8,'Your leave has ended. Your status has been updated to \"Not Working\".','2025-09-08 16:01:00','unread',1),(3820,8,'Your leave has ended. Your status has been updated to \"Not Working\".','2025-09-08 16:02:00','unread',1),(3821,8,'Your leave has ended. Your status has been updated to \"Not Working\".','2025-09-08 16:03:00','unread',1),(3822,16,'You have been assigned a replacement shift for Bartender on 2025/09/05 from 00:57:00 to 01:09:00 due to a missed shift.','2025-09-08 16:03:00','unread',3),(3823,1,'Shift Replacement Successful: Declan Rice assigned to Bartender shift on Fri Sep 05 2025 00:00:00 GMT+0200 (South Africa Standard Time) at 00:57:00','2025-09-08 16:03:00','unread',4),(3824,17,'Shift Replacement Successful: Declan Rice assigned to Bartender shift on Fri Sep 05 2025 00:00:00 GMT+0200 (South Africa Standard Time) at 00:57:00','2025-09-08 16:03:00','read',4),(3825,8,'Your leave has ended. Your status has been updated to \"Not Working\".','2025-09-08 16:04:00','unread',1),(3826,8,'Your leave has ended. Your status has been updated to \"Not Working\".','2025-09-08 16:05:00','unread',1),(3827,8,'Your leave has ended. Your status has been updated to \"Not Working\".','2025-09-08 16:06:00','unread',1),(3828,8,'Your leave has ended. Your status has been updated to \"Not Working\".','2025-09-08 16:07:00','unread',1),(3829,8,'Your leave has ended. Your status has been updated to \"Not Working\".','2025-09-08 16:08:00','unread',1),(3830,8,'Your leave has ended. Your status has been updated to \"Not Working\".','2025-09-08 16:09:00','unread',1),(3831,8,'Your leave has ended. Your status has been updated to \"Not Working\".','2025-09-08 16:10:00','unread',1),(3832,8,'Your leave has ended. Your status has been updated to \"Not Working\".','2025-09-08 16:11:00','unread',1),(3833,8,'Your leave has ended. Your status has been updated to \"Not Working\".','2025-09-08 16:12:00','unread',1),(3834,8,'Your leave has ended. Your status has been updated to \"Not Working\".','2025-09-08 16:13:00','unread',1),(3835,8,'Your leave has ended. Your status has been updated to \"Not Working\".','2025-09-08 16:14:00','unread',1),(3836,8,'Your leave has ended. Your status has been updated to \"Not Working\".','2025-09-08 16:15:00','unread',1),(3837,8,'Your leave has ended. Your status has been updated to \"Not Working\".','2025-09-08 21:55:42','unread',1),(3838,8,'Your leave has ended. Your status has been updated to \"Not Working\".','2025-09-08 21:56:00','unread',1),(3839,8,'Your leave has ended. Your status has been updated to \"Not Working\".','2025-09-08 21:57:00','unread',1),(3840,8,'Your leave has ended. Your status has been updated to \"Not Working\".','2025-09-08 21:58:00','unread',1),(3841,8,'Your leave has ended. Your status has been updated to \"Not Working\".','2025-09-08 21:59:00','unread',1),(3842,8,'Your leave has ended. Your status has been updated to \"Not Working\".','2025-09-08 22:00:00','unread',1),(3843,8,'Your leave has ended. Your status has been updated to \"Not Working\".','2025-09-08 22:01:00','unread',1),(3844,8,'Your leave has ended. Your status has been updated to \"Not Working\".','2025-09-08 22:02:00','unread',1),(3845,8,'Your leave has ended. Your status has been updated to \"Not Working\".','2025-09-08 22:03:00','unread',1),(3846,8,'Your leave has ended. Your status has been updated to \"Not Working\".','2025-09-08 22:04:00','unread',1),(3847,8,'Your leave has ended. Your status has been updated to \"Not Working\".','2025-09-08 22:05:00','unread',1),(3848,8,'Your leave has ended. Your status has been updated to \"Not Working\".','2025-09-08 22:06:00','unread',1),(3849,8,'Your leave has ended. Your status has been updated to \"Not Working\".','2025-09-08 22:06:29','unread',1),(3850,8,'Your leave has ended. Your status has been updated to \"Not Working\".','2025-09-08 22:06:46','unread',1),(3851,8,'Your leave has ended. Your status has been updated to \"Not Working\".','2025-09-08 22:07:00','unread',1),(3852,8,'Your leave has ended. Your status has been updated to \"Not Working\".','2025-09-08 22:08:00','unread',1),(3853,8,'Your leave has ended. Your status has been updated to \"Not Working\".','2025-09-08 22:09:00','unread',1),(3854,8,'Your leave has ended. Your status has been updated to \"Not Working\".','2025-09-08 22:10:00','unread',1),(3855,8,'Your leave has ended. Your status has been updated to \"Not Working\".','2025-09-08 22:11:00','unread',1),(3856,8,'Your leave has ended. Your status has been updated to \"Not Working\".','2025-09-08 22:12:00','unread',1),(3857,8,'Your leave has ended. Your status has been updated to \"Not Working\".','2025-09-08 22:13:00','unread',1),(3858,8,'Your leave has ended. Your status has been updated to \"Not Working\".','2025-09-08 22:14:00','unread',1),(3859,8,'Your leave has ended. Your status has been updated to \"Not Working\".','2025-09-08 22:15:00','unread',1),(3860,8,'Your leave has ended. Your status has been updated to \"Not Working\".','2025-09-08 22:16:00','unread',1),(3861,8,'Your leave has ended. Your status has been updated to \"Not Working\".','2025-09-08 22:17:00','unread',1),(3862,8,'Your leave has ended. Your status has been updated to \"Not Working\".','2025-09-08 22:18:00','unread',1),(3863,8,'Your leave has ended. Your status has been updated to \"Not Working\".','2025-09-08 22:19:00','unread',1),(3864,8,'Your leave has ended. Your status has been updated to \"Not Working\".','2025-09-08 22:20:00','unread',1),(3865,8,'Your leave has ended. Your status has been updated to \"Not Working\".','2025-09-08 22:21:00','unread',1),(3866,8,'Your leave has ended. Your status has been updated to \"Not Working\".','2025-09-08 22:22:00','unread',1),(3867,8,'Your leave has ended. Your status has been updated to \"Not Working\".','2025-09-08 22:23:00','unread',1),(3868,8,'Your leave has ended. Your status has been updated to \"Not Working\".','2025-09-08 22:24:00','unread',1),(3869,8,'Your leave has ended. Your status has been updated to \"Not Working\".','2025-09-08 22:25:00','unread',1),(3870,8,'Your leave has ended. Your status has been updated to \"Not Working\".','2025-09-08 22:26:00','unread',1),(3871,8,'Your leave has ended. Your status has been updated to \"Not Working\".','2025-09-08 22:27:00','unread',1),(3872,8,'Your leave has ended. Your status has been updated to \"Not Working\".','2025-09-08 22:28:01','unread',1),(3873,8,'Your leave has ended. Your status has been updated to \"Not Working\".','2025-09-08 22:30:00','unread',1),(3874,8,'Your leave has ended. Your status has been updated to \"Not Working\".','2025-09-08 22:31:00','unread',1),(3875,8,'Your leave has ended. Your status has been updated to \"Not Working\".','2025-09-08 22:32:00','unread',1),(3876,8,'Your leave has ended. Your status has been updated to \"Not Working\".','2025-09-08 22:33:00','unread',1),(3877,8,'Your leave has ended. Your status has been updated to \"Not Working\".','2025-09-08 22:34:00','unread',1),(3878,8,'Your leave has ended. Your status has been updated to \"Not Working\".','2025-09-08 22:35:00','unread',1),(3879,8,'Your leave has ended. Your status has been updated to \"Not Working\".','2025-09-08 22:36:00','unread',1),(3880,8,'Your leave has ended. Your status has been updated to \"Not Working\".','2025-09-08 22:37:00','unread',1),(3881,8,'Your leave has ended. Your status has been updated to \"Not Working\".','2025-09-08 22:38:00','unread',1),(3882,8,'Your leave has ended. Your status has been updated to \"Not Working\".','2025-09-08 22:39:00','unread',1),(3883,8,'Your leave has ended. Your status has been updated to \"Not Working\".','2025-09-08 22:39:43','unread',1),(3884,8,'Your leave has ended. Your status has been updated to \"Not Working\".','2025-09-08 22:40:00','unread',1),(3885,8,'Your leave has ended. Your status has been updated to \"Not Working\".','2025-09-08 22:41:00','unread',1),(3886,8,'Your leave has ended. Your status has been updated to \"Not Working\".','2025-09-08 22:42:00','unread',1),(3887,8,'Your leave has ended. Your status has been updated to \"Not Working\".','2025-09-08 22:42:36','unread',1),(3888,8,'Your leave has ended. Your status has been updated to \"Not Working\".','2025-09-08 22:42:43','unread',1),(3889,8,'Your leave has ended. Your status has been updated to \"Not Working\".','2025-09-08 22:43:00','unread',1),(3890,8,'Your leave has ended. Your status has been updated to \"Not Working\".','2025-09-08 22:44:00','unread',1),(3891,8,'Your leave has ended. Your status has been updated to \"Not Working\".','2025-09-08 22:45:00','unread',1),(3892,8,'Your leave has ended. Your status has been updated to \"Not Working\".','2025-09-08 22:46:00','unread',1),(3893,8,'Your leave has ended. Your status has been updated to \"Not Working\".','2025-09-08 22:47:00','unread',1),(3894,8,'Your leave has ended. Your status has been updated to \"Not Working\".','2025-09-08 22:48:00','unread',1),(3895,8,'Your leave has ended. Your status has been updated to \"Not Working\".','2025-09-08 22:49:00','unread',1),(3896,8,'Your leave has ended. Your status has been updated to \"Not Working\".','2025-09-08 22:50:00','unread',1),(3897,8,'Your leave has ended. Your status has been updated to \"Not Working\".','2025-09-08 22:51:00','unread',1),(3898,8,'Your leave has ended. Your status has been updated to \"Not Working\".','2025-09-08 22:51:41','unread',1),(3899,8,'Your leave has ended. Your status has been updated to \"Not Working\".','2025-09-08 22:52:00','unread',1),(3900,8,'Your leave has ended. Your status has been updated to \"Not Working\".','2025-09-08 22:53:00','unread',1),(3901,8,'Your leave has ended. Your status has been updated to \"Not Working\".','2025-09-08 22:54:00','unread',1),(3902,8,'Your leave has ended. Your status has been updated to \"Not Working\".','2025-09-08 22:55:00','unread',1),(3903,8,'Your leave has ended. Your status has been updated to \"Not Working\".','2025-09-08 22:56:00','unread',1),(3904,8,'Your leave has ended. Your status has been updated to \"Not Working\".','2025-09-08 22:57:00','unread',1),(3905,8,'Your leave has ended. Your status has been updated to \"Not Working\".','2025-09-08 22:58:00','unread',1),(3906,8,'Your leave has ended. Your status has been updated to \"Not Working\".','2025-09-08 22:59:00','unread',1),(3907,8,'Your leave has ended. Your status has been updated to \"Not Working\".','2025-09-08 23:00:00','unread',1),(3908,8,'Your leave has ended. Your status has been updated to \"Not Working\".','2025-09-08 23:01:00','unread',1),(3909,8,'Your leave has ended. Your status has been updated to \"Not Working\".','2025-09-08 23:02:00','unread',1),(3910,8,'Your leave has ended. Your status has been updated to \"Not Working\".','2025-09-08 23:03:00','unread',1),(3911,8,'Your leave has ended. Your status has been updated to \"Not Working\".','2025-09-08 23:04:00','unread',1),(3912,8,'Your leave has ended. Your status has been updated to \"Not Working\".','2025-09-08 23:05:00','unread',1),(3913,8,'Your leave has ended. Your status has been updated to \"Not Working\".','2025-09-08 23:06:00','unread',1),(3914,8,'Your leave has ended. Your status has been updated to \"Not Working\".','2025-09-08 23:07:00','unread',1),(3915,8,'Your leave has ended. Your status has been updated to \"Not Working\".','2025-09-08 23:08:00','unread',1),(3916,8,'Your leave has ended. Your status has been updated to \"Not Working\".','2025-09-08 23:08:44','unread',1),(3917,8,'Your leave has ended. Your status has been updated to \"Not Working\".','2025-09-08 23:08:57','unread',1),(3918,8,'Your leave has ended. Your status has been updated to \"Not Working\".','2025-09-08 23:09:00','unread',1),(3919,8,'Your leave has ended. Your status has been updated to \"Not Working\".','2025-09-08 23:09:18','unread',1),(3920,8,'Your leave has ended. Your status has been updated to \"Not Working\".','2025-09-08 23:10:00','unread',1),(3921,8,'Your leave has ended. Your status has been updated to \"Not Working\".','2025-09-08 23:11:00','unread',1),(3922,8,'Your leave has ended. Your status has been updated to \"Not Working\".','2025-09-08 23:12:00','unread',1),(3923,8,'Your leave has ended. Your status has been updated to \"Not Working\".','2025-09-08 23:13:00','unread',1),(3924,8,'Your leave has ended. Your status has been updated to \"Not Working\".','2025-09-08 23:14:00','unread',1),(3925,8,'Your leave has ended. Your status has been updated to \"Not Working\".','2025-09-08 23:15:00','unread',1),(3926,8,'Your leave has ended. Your status has been updated to \"Not Working\".','2025-09-08 23:16:00','unread',1),(3927,8,'Your leave has ended. Your status has been updated to \"Not Working\".','2025-09-08 23:16:12','unread',1),(3928,8,'Your leave has ended. Your status has been updated to \"Not Working\".','2025-09-08 23:16:19','unread',1),(3929,8,'Your leave has ended. Your status has been updated to \"Not Working\".','2025-09-08 23:16:54','unread',1),(3930,8,'Your leave has ended. Your status has been updated to \"Not Working\".','2025-09-08 23:17:00','unread',1),(3931,8,'Your leave has ended. Your status has been updated to \"Not Working\".','2025-09-08 23:17:05','unread',1),(3932,8,'Your leave has ended. Your status has been updated to \"Not Working\".','2025-09-08 23:17:14','unread',1),(3933,8,'Your leave has ended. Your status has been updated to \"Not Working\".','2025-09-08 23:18:00','unread',1),(3934,8,'Your leave has ended. Your status has been updated to \"Not Working\".','2025-09-08 23:19:00','unread',1),(3935,8,'Your leave has ended. Your status has been updated to \"Not Working\".','2025-09-08 23:20:00','unread',1),(3936,8,'Your leave has ended. Your status has been updated to \"Not Working\".','2025-09-08 23:21:00','unread',1),(3937,8,'Your leave has ended. Your status has been updated to \"Not Working\".','2025-09-08 23:21:02','unread',1),(3938,8,'Your leave has ended. Your status has been updated to \"Not Working\".','2025-09-08 23:21:12','unread',1),(3939,8,'Your leave has ended. Your status has been updated to \"Not Working\".','2025-09-08 23:21:17','unread',1),(3940,8,'Your leave has ended. Your status has been updated to \"Not Working\".','2025-09-08 23:21:21','unread',1),(3941,8,'Your leave has ended. Your status has been updated to \"Not Working\".','2025-09-08 23:22:00','unread',1),(3942,8,'Your leave has ended. Your status has been updated to \"Not Working\".','2025-09-08 23:23:00','unread',1),(3943,8,'Your leave has ended. Your status has been updated to \"Not Working\".','2025-09-08 23:24:00','unread',1),(3944,8,'Your leave has ended. Your status has been updated to \"Not Working\".','2025-09-08 23:25:00','unread',1),(3945,8,'Your leave has ended. Your status has been updated to \"Not Working\".','2025-09-08 23:26:00','unread',1),(3946,8,'Your leave has ended. Your status has been updated to \"Not Working\".','2025-09-08 23:27:00','unread',1),(3947,8,'Your leave has ended. Your status has been updated to \"Not Working\".','2025-09-08 23:27:37','unread',1),(3948,8,'Your leave has ended. Your status has been updated to \"Not Working\".','2025-09-08 23:27:43','unread',1),(3949,8,'Your leave has ended. Your status has been updated to \"Not Working\".','2025-09-08 23:28:00','unread',1),(3950,8,'Your leave has ended. Your status has been updated to \"Not Working\".','2025-09-08 23:29:00','unread',1),(3951,8,'Your leave has ended. Your status has been updated to \"Not Working\".','2025-09-08 23:30:00','unread',1),(3952,8,'Your leave has ended. Your status has been updated to \"Not Working\".','2025-09-08 23:31:00','unread',1),(3953,8,'Your leave has ended. Your status has been updated to \"Not Working\".','2025-09-08 23:31:57','unread',1),(3954,8,'Your leave has ended. Your status has been updated to \"Not Working\".','2025-09-08 23:32:00','unread',1),(3955,8,'Your leave has ended. Your status has been updated to \"Not Working\".','2025-09-08 23:32:02','unread',1),(3956,8,'Your leave has ended. Your status has been updated to \"Not Working\".','2025-09-08 23:32:13','unread',1),(3957,8,'Your leave has ended. Your status has been updated to \"Not Working\".','2025-09-08 23:32:16','unread',1),(3958,8,'Your leave has ended. Your status has been updated to \"Not Working\".','2025-09-08 23:32:18','unread',1),(3959,8,'Your leave has ended. Your status has been updated to \"Not Working\".','2025-09-08 23:32:19','unread',1),(3960,8,'Your leave has ended. Your status has been updated to \"Not Working\".','2025-09-08 23:32:20','unread',1),(3961,8,'Your leave has ended. Your status has been updated to \"Not Working\".','2025-09-08 23:32:22','unread',1),(3962,8,'Your leave has ended. Your status has been updated to \"Not Working\".','2025-09-08 23:32:23','unread',1),(3963,8,'Your leave has ended. Your status has been updated to \"Not Working\".','2025-09-08 23:32:26','unread',1),(3964,8,'Your leave has ended. Your status has been updated to \"Not Working\".','2025-09-08 23:32:28','unread',1),(3965,8,'Your leave has ended. Your status has been updated to \"Not Working\".','2025-09-08 23:32:29','unread',1),(3966,8,'Your leave has ended. Your status has been updated to \"Not Working\".','2025-09-08 23:32:31','unread',1),(3967,8,'Your leave has ended. Your status has been updated to \"Not Working\".','2025-09-08 23:32:35','unread',1),(3968,8,'Your leave has ended. Your status has been updated to \"Not Working\".','2025-09-08 23:32:37','unread',1),(3969,8,'Your leave has ended. Your status has been updated to \"Not Working\".','2025-09-08 23:32:40','unread',1),(3970,8,'Your leave has ended. Your status has been updated to \"Not Working\".','2025-09-08 23:32:42','unread',1),(3971,8,'Your leave has ended. Your status has been updated to \"Not Working\".','2025-09-08 23:32:47','unread',1),(3972,8,'Your leave has ended. Your status has been updated to \"Not Working\".','2025-09-08 23:32:51','unread',1),(3973,8,'Your leave has ended. Your status has been updated to \"Not Working\".','2025-09-08 23:32:54','unread',1),(3974,8,'Your leave has ended. Your status has been updated to \"Not Working\".','2025-09-08 23:32:56','unread',1),(3975,8,'Your leave has ended. Your status has been updated to \"Not Working\".','2025-09-08 23:33:00','unread',1),(3976,8,'Your leave has ended. Your status has been updated to \"Not Working\".','2025-09-08 23:33:01','unread',1),(3977,8,'Your leave has ended. Your status has been updated to \"Not Working\".','2025-09-08 23:33:03','unread',1),(3978,8,'Your leave has ended. Your status has been updated to \"Not Working\".','2025-09-08 23:33:08','unread',1),(3979,8,'Your leave has ended. Your status has been updated to \"Not Working\".','2025-09-08 23:33:09','unread',1),(3980,8,'Your leave has ended. Your status has been updated to \"Not Working\".','2025-09-08 23:33:10','unread',1),(3981,8,'Your leave has ended. Your status has been updated to \"Not Working\".','2025-09-08 23:33:13','unread',1),(3982,8,'Your leave has ended. Your status has been updated to \"Not Working\".','2025-09-08 23:33:15','unread',1),(3983,8,'Your leave has ended. Your status has been updated to \"Not Working\".','2025-09-08 23:33:17','unread',1),(3984,8,'Your leave has ended. Your status has been updated to \"Not Working\".','2025-09-08 23:33:19','unread',1),(3985,8,'Your leave has ended. Your status has been updated to \"Not Working\".','2025-09-08 23:33:24','unread',1),(3986,8,'Your leave has ended. Your status has been updated to \"Not Working\".','2025-09-08 23:33:26','unread',1),(3987,8,'Your leave has ended. Your status has been updated to \"Not Working\".','2025-09-08 23:33:31','unread',1),(3988,8,'Your leave has ended. Your status has been updated to \"Not Working\".','2025-09-08 23:33:34','unread',1),(3989,8,'Your leave has ended. Your status has been updated to \"Not Working\".','2025-09-08 23:33:37','unread',1),(3990,8,'Your leave has ended. Your status has been updated to \"Not Working\".','2025-09-08 23:33:41','unread',1),(3991,8,'Your leave has ended. Your status has been updated to \"Not Working\".','2025-09-08 23:33:42','unread',1),(3992,8,'Your leave has ended. Your status has been updated to \"Not Working\".','2025-09-08 23:33:45','unread',1),(3993,8,'Your leave has ended. Your status has been updated to \"Not Working\".','2025-09-08 23:33:47','unread',1),(3994,8,'Your leave has ended. Your status has been updated to \"Not Working\".','2025-09-08 23:33:51','unread',1),(3995,8,'Your leave has ended. Your status has been updated to \"Not Working\".','2025-09-08 23:33:58','unread',1),(3996,8,'Your leave has ended. Your status has been updated to \"Not Working\".','2025-09-08 23:34:00','unread',1),(3997,8,'Your leave has ended. Your status has been updated to \"Not Working\".','2025-09-08 23:34:04','unread',1),(3998,8,'Your leave has ended. Your status has been updated to \"Not Working\".','2025-09-08 23:35:00','unread',1),(3999,8,'Your leave has ended. Your status has been updated to \"Not Working\".','2025-09-08 23:36:00','unread',1),(4000,8,'Your leave has ended. Your status has been updated to \"Not Working\".','2025-09-08 23:37:00','unread',1),(4001,8,'Your leave has ended. Your status has been updated to \"Not Working\".','2025-09-08 23:38:00','unread',1),(4002,8,'Your leave has ended. Your status has been updated to \"Not Working\".','2025-09-08 23:39:00','unread',1),(4003,8,'Your leave has ended. Your status has been updated to \"Not Working\".','2025-09-08 23:40:00','unread',1),(4004,8,'Your leave has ended. Your status has been updated to \"Not Working\".','2025-09-08 23:41:00','unread',1),(4005,8,'Your leave has ended. Your status has been updated to \"Not Working\".','2025-09-08 23:42:00','unread',1),(4006,8,'Your leave has ended. Your status has been updated to \"Not Working\".','2025-09-08 23:43:00','unread',1),(4007,8,'Your leave has ended. Your status has been updated to \"Not Working\".','2025-09-08 23:44:00','unread',1),(4008,8,'Your leave has ended. Your status has been updated to \"Not Working\".','2025-09-08 23:45:00','unread',1),(4009,8,'Your leave has ended. Your status has been updated to \"Not Working\".','2025-09-08 23:46:00','unread',1),(4010,8,'Your leave has ended. Your status has been updated to \"Not Working\".','2025-09-08 23:47:00','unread',1),(4011,8,'Your leave has ended. Your status has been updated to \"Not Working\".','2025-09-08 23:48:00','unread',1),(4012,8,'Your leave has ended. Your status has been updated to \"Not Working\".','2025-09-08 23:49:00','unread',1),(4013,8,'Your leave has ended. Your status has been updated to \"Not Working\".','2025-09-08 23:50:00','unread',1),(4014,8,'Your leave has ended. Your status has been updated to \"Not Working\".','2025-09-08 23:51:00','unread',1),(4015,8,'Your leave has ended. Your status has been updated to \"Not Working\".','2025-09-08 23:52:00','unread',1),(4016,8,'Your leave has ended. Your status has been updated to \"Not Working\".','2025-09-08 23:53:00','unread',1),(4017,8,'Your leave has ended. Your status has been updated to \"Not Working\".','2025-09-08 23:54:00','unread',1),(4018,1,'John Doe has missed an overtime shift on 2025/07/08','2025-09-08 23:54:19','unread',4),(4019,17,'John Doe has missed an overtime shift on 2025/07/08','2025-09-08 23:54:19','read',4),(4021,1,'John Doe has missed an overtime shift on 2025/09/08','2025-09-08 23:54:19','unread',4),(4022,17,'John Doe has missed an overtime shift on 2025/09/08','2025-09-08 23:54:19','read',4),(4024,1,'Lionel Pessi has missed an overtime shift on 2025/09/08','2025-09-08 23:54:19','unread',4),(4025,17,'Lionel Pessi has missed an overtime shift on 2025/09/08','2025-09-08 23:54:19','read',4),(4027,1,'Darwin Nunez has missed an overtime shift on 2025/09/08','2025-09-08 23:54:19','unread',4),(4028,17,'Darwin Nunez has missed an overtime shift on 2025/09/08','2025-09-08 23:54:19','read',4),(4030,1,'Declan Rice has missed an overtime shift on 2025/09/08','2025-09-08 23:54:19','unread',4),(4031,17,'Declan Rice has missed an overtime shift on 2025/09/08','2025-09-08 23:54:19','read',4),(4033,1,'John Doe has missed an overtime shift on 2025/09/08','2025-09-08 23:54:19','unread',4),(4034,17,'John Doe has missed an overtime shift on 2025/09/08','2025-09-08 23:54:19','read',4),(4036,1,'Lionel Pessi has missed an overtime shift on 2025/09/08','2025-09-08 23:54:19','unread',4),(4037,17,'Lionel Pessi has missed an overtime shift on 2025/09/08','2025-09-08 23:54:19','read',4),(4039,1,'Darwin Nunez has missed an overtime shift on 2025/09/08','2025-09-08 23:54:19','unread',4),(4040,17,'Darwin Nunez has missed an overtime shift on 2025/09/08','2025-09-08 23:54:19','read',4),(4042,1,'Declan Rice has missed an overtime shift on 2025/09/08','2025-09-08 23:54:19','unread',4),(4043,17,'Declan Rice has missed an overtime shift on 2025/09/08','2025-09-08 23:54:19','read',4),(4045,1,'John Doe has missed an overtime shift on 2025/09/08','2025-09-08 23:54:19','unread',4),(4046,17,'John Doe has missed an overtime shift on 2025/09/08','2025-09-08 23:54:19','read',4),(4048,1,'Lionel Pessi has missed an overtime shift on 2025/09/08','2025-09-08 23:54:19','unread',4),(4049,17,'Lionel Pessi has missed an overtime shift on 2025/09/08','2025-09-08 23:54:19','read',4),(4051,1,'Darwin Nunez has missed an overtime shift on 2025/09/08','2025-09-08 23:54:19','unread',4),(4052,17,'Darwin Nunez has missed an overtime shift on 2025/09/08','2025-09-08 23:54:19','read',4),(4054,1,'Declan Rice has missed an overtime shift on 2025/09/08','2025-09-08 23:54:19','unread',4),(4055,17,'Declan Rice has missed an overtime shift on 2025/09/08','2025-09-08 23:54:19','read',4),(4057,8,'Your leave has ended. Your status has been updated to \"Not Working\".','2025-09-08 23:55:00','unread',1),(4058,1,'Yatin Fakir has missed an overtime shift on 2025/09/08','2025-09-08 23:55:17','unread',4),(4059,17,'Yatin Fakir has missed an overtime shift on 2025/09/08','2025-09-08 23:55:17','read',4),(4061,1,'Alexa Grasso has missed an overtime shift on 2025/09/08','2025-09-08 23:55:17','unread',4),(4062,17,'Alexa Grasso has missed an overtime shift on 2025/09/08','2025-09-08 23:55:17','read',4),(4064,1,'Amanda Nunez has missed an overtime shift on 2025/09/08','2025-09-08 23:55:17','unread',4),(4065,17,'Amanda Nunez has missed an overtime shift on 2025/09/08','2025-09-08 23:55:17','read',4),(4067,1,'Valentina Shevchenko has missed an overtime shift on 2025/09/08','2025-09-08 23:55:17','unread',4),(4068,17,'Valentina Shevchenko has missed an overtime shift on 2025/09/08','2025-09-08 23:55:17','read',4),(4070,8,'Your leave has ended. Your status has been updated to \"Not Working\".','2025-09-08 23:56:00','unread',1),(4071,8,'Your leave has ended. Your status has been updated to \"Not Working\".','2025-09-08 23:57:00','unread',1),(4072,8,'Your leave has ended. Your status has been updated to \"Not Working\".','2025-09-08 23:58:00','unread',1),(4073,1,'David Jones has missed an overtime shift on 2025/09/08','2025-09-08 23:58:25','unread',4),(4074,17,'David Jones has missed an overtime shift on 2025/09/08','2025-09-08 23:58:25','read',4),(4076,1,'Batin Doe has missed an overtime shift on 2025/09/08','2025-09-08 23:58:25','unread',4),(4077,17,'Batin Doe has missed an overtime shift on 2025/09/08','2025-09-08 23:58:25','read',4),(4079,1,'Yatin Fakir has missed an overtime shift on 2025/09/08','2025-09-08 23:58:25','unread',4),(4080,17,'Yatin Fakir has missed an overtime shift on 2025/09/08','2025-09-08 23:58:25','read',4),(4082,1,'Cristiano Penaldo has missed an overtime shift on 2025/09/08','2025-09-08 23:58:25','unread',4),(4083,17,'Cristiano Penaldo has missed an overtime shift on 2025/09/08','2025-09-08 23:58:25','read',4),(4085,1,'Busi Lusi has missed an overtime shift on 2025/09/08','2025-09-08 23:58:25','unread',4),(4086,17,'Busi Lusi has missed an overtime shift on 2025/09/08','2025-09-08 23:58:25','read',4),(4088,1,'Alexa Grasso has missed an overtime shift on 2025/09/08','2025-09-08 23:58:25','unread',4),(4089,17,'Alexa Grasso has missed an overtime shift on 2025/09/08','2025-09-08 23:58:25','read',4),(4091,1,'Amanda Nunez has missed an overtime shift on 2025/09/08','2025-09-08 23:58:25','unread',4),(4092,17,'Amanda Nunez has missed an overtime shift on 2025/09/08','2025-09-08 23:58:25','read',4),(4094,1,'Valentina Shevchenko has missed an overtime shift on 2025/09/08','2025-09-08 23:58:25','unread',4),(4095,17,'Valentina Shevchenko has missed an overtime shift on 2025/09/08','2025-09-08 23:58:25','read',4),(4097,1,'Francis Ngannou has missed an overtime shift on 2025/09/08','2025-09-08 23:58:25','unread',4),(4098,17,'Francis Ngannou has missed an overtime shift on 2025/09/08','2025-09-08 23:58:25','read',4),(4100,1,'Stipe Miocic has missed an overtime shift on 2025/09/08','2025-09-08 23:58:25','unread',4),(4101,17,'Stipe Miocic has missed an overtime shift on 2025/09/08','2025-09-08 23:58:25','read',4),(4103,1,'David Jones has missed an overtime shift on 2025/09/08','2025-09-08 23:58:25','unread',4),(4104,17,'David Jones has missed an overtime shift on 2025/09/08','2025-09-08 23:58:25','read',4),(4106,1,'Batin Doe has missed an overtime shift on 2025/09/08','2025-09-08 23:58:25','unread',4),(4107,17,'Batin Doe has missed an overtime shift on 2025/09/08','2025-09-08 23:58:25','read',4),(4109,1,'Yatin Fakir has missed an overtime shift on 2025/09/08','2025-09-08 23:58:25','unread',4),(4110,17,'Yatin Fakir has missed an overtime shift on 2025/09/08','2025-09-08 23:58:25','read',4),(4112,1,'Cristiano Penaldo has missed an overtime shift on 2025/09/08','2025-09-08 23:58:25','unread',4),(4113,17,'Cristiano Penaldo has missed an overtime shift on 2025/09/08','2025-09-08 23:58:25','read',4),(4115,1,'Busi Lusi has missed an overtime shift on 2025/09/08','2025-09-08 23:58:25','unread',4),(4116,17,'Busi Lusi has missed an overtime shift on 2025/09/08','2025-09-08 23:58:25','read',4),(4118,1,'Alexa Grasso has missed an overtime shift on 2025/09/08','2025-09-08 23:58:25','unread',4),(4119,17,'Alexa Grasso has missed an overtime shift on 2025/09/08','2025-09-08 23:58:25','read',4),(4121,1,'Amanda Nunez has missed an overtime shift on 2025/09/08','2025-09-08 23:58:25','unread',4),(4122,17,'Amanda Nunez has missed an overtime shift on 2025/09/08','2025-09-08 23:58:25','read',4),(4124,1,'Valentina Shevchenko has missed an overtime shift on 2025/09/08','2025-09-08 23:58:25','unread',4),(4125,17,'Valentina Shevchenko has missed an overtime shift on 2025/09/08','2025-09-08 23:58:25','read',4),(4127,1,'Francis Ngannou has missed an overtime shift on 2025/09/08','2025-09-08 23:58:25','unread',4),(4128,17,'Francis Ngannou has missed an overtime shift on 2025/09/08','2025-09-08 23:58:25','read',4),(4130,1,'Stipe Miocic has missed an overtime shift on 2025/09/08','2025-09-08 23:58:25','unread',4),(4131,17,'Stipe Miocic has missed an overtime shift on 2025/09/08','2025-09-08 23:58:25','read',4),(4133,1,'David Jones has missed an overtime shift on 2025/09/08','2025-09-08 23:58:25','unread',4),(4134,17,'David Jones has missed an overtime shift on 2025/09/08','2025-09-08 23:58:25','read',4),(4136,1,'Batin Doe has missed an overtime shift on 2025/09/08','2025-09-08 23:58:25','unread',4),(4137,17,'Batin Doe has missed an overtime shift on 2025/09/08','2025-09-08 23:58:25','read',4),(4139,1,'Yatin Fakir has missed an overtime shift on 2025/09/08','2025-09-08 23:58:25','unread',4),(4140,17,'Yatin Fakir has missed an overtime shift on 2025/09/08','2025-09-08 23:58:25','read',4),(4142,1,'Cristiano Penaldo has missed an overtime shift on 2025/09/08','2025-09-08 23:58:25','unread',4),(4143,17,'Cristiano Penaldo has missed an overtime shift on 2025/09/08','2025-09-08 23:58:25','read',4),(4145,1,'Busi Lusi has missed an overtime shift on 2025/09/08','2025-09-08 23:58:25','unread',4),(4146,17,'Busi Lusi has missed an overtime shift on 2025/09/08','2025-09-08 23:58:25','read',4),(4148,1,'Alexa Grasso has missed an overtime shift on 2025/09/08','2025-09-08 23:58:25','unread',4),(4149,17,'Alexa Grasso has missed an overtime shift on 2025/09/08','2025-09-08 23:58:25','read',4),(4151,1,'Amanda Nunez has missed an overtime shift on 2025/09/08','2025-09-08 23:58:25','unread',4),(4152,17,'Amanda Nunez has missed an overtime shift on 2025/09/08','2025-09-08 23:58:25','read',4),(4154,1,'Valentina Shevchenko has missed an overtime shift on 2025/09/08','2025-09-08 23:58:25','unread',4),(4155,17,'Valentina Shevchenko has missed an overtime shift on 2025/09/08','2025-09-08 23:58:25','read',4),(4157,1,'Francis Ngannou has missed an overtime shift on 2025/09/08','2025-09-08 23:58:25','unread',4),(4158,17,'Francis Ngannou has missed an overtime shift on 2025/09/08','2025-09-08 23:58:25','read',4),(4160,1,'Stipe Miocic has missed an overtime shift on 2025/09/08','2025-09-08 23:58:25','unread',4),(4161,17,'Stipe Miocic has missed an overtime shift on 2025/09/08','2025-09-08 23:58:25','read',4),(4163,8,'Your leave has ended. Your status has been updated to \"Not Working\".','2025-09-08 23:58:37','unread',1),(4164,8,'Your leave has ended. Your status has been updated to \"Not Working\".','2025-09-08 23:59:00','unread',1),(4165,1,'Batin Doe has missed an overtime shift on 2025/09/08','2025-09-08 23:59:13','unread',4),(4166,17,'Batin Doe has missed an overtime shift on 2025/09/08','2025-09-08 23:59:13','read',4),(4168,1,'Cristiano Penaldo has missed an overtime shift on 2025/09/08','2025-09-08 23:59:13','unread',4),(4169,17,'Cristiano Penaldo has missed an overtime shift on 2025/09/08','2025-09-08 23:59:13','read',4),(4171,1,'Busi Lusi has missed an overtime shift on 2025/09/08','2025-09-08 23:59:13','unread',4),(4172,17,'Busi Lusi has missed an overtime shift on 2025/09/08','2025-09-08 23:59:13','read',4),(4174,1,'Emily Brown has missed an overtime shift on 2025/09/08','2025-09-08 23:59:13','unread',4),(4175,17,'Emily Brown has missed an overtime shift on 2025/09/08','2025-09-08 23:59:13','read',4),(4177,1,'Khabib Nurmagomedov has missed an overtime shift on 2025/09/08','2025-09-08 23:59:13','unread',4),(4178,17,'Khabib Nurmagomedov has missed an overtime shift on 2025/09/08','2025-09-08 23:59:13','read',4),(4180,1,'Jon Jones has missed an overtime shift on 2025/09/08','2025-09-08 23:59:13','unread',4),(4181,17,'Jon Jones has missed an overtime shift on 2025/09/08','2025-09-08 23:59:13','read',4),(4183,1,'Carlos Prates has missed an overtime shift on 2025/09/08','2025-09-08 23:59:13','unread',4),(4184,17,'Carlos Prates has missed an overtime shift on 2025/09/08','2025-09-08 23:59:13','read',4),(4186,8,'Your leave has ended. Your status has been updated to \"Not Working\".','2025-09-08 23:59:18','unread',1),(4187,8,'Your leave has ended. Your status has been updated to \"Not Working\".','2025-09-08 23:59:44','unread',1),(4188,1,'John Doe has missed an overtime shift on 2025/09/08','2025-09-08 23:59:45','unread',4),(4189,17,'John Doe has missed an overtime shift on 2025/09/08','2025-09-08 23:59:45','read',4),(4191,1,'Lionel Pessi has missed an overtime shift on 2025/09/08','2025-09-08 23:59:45','unread',4),(4192,17,'Lionel Pessi has missed an overtime shift on 2025/09/08','2025-09-08 23:59:45','read',4),(4194,1,'Darwin Nunez has missed an overtime shift on 2025/09/08','2025-09-08 23:59:45','unread',4),(4195,17,'Darwin Nunez has missed an overtime shift on 2025/09/08','2025-09-08 23:59:45','read',4),(4197,1,'Declan Rice has missed an overtime shift on 2025/09/08','2025-09-08 23:59:45','unread',4),(4198,17,'Declan Rice has missed an overtime shift on 2025/09/08','2025-09-08 23:59:45','read',4),(4200,1,'Yatin Fakir has missed an overtime shift on 2025/09/08','2025-09-08 23:59:45','unread',4),(4201,17,'Yatin Fakir has missed an overtime shift on 2025/09/08','2025-09-08 23:59:45','read',4),(4203,1,'Alexa Grasso has missed an overtime shift on 2025/09/08','2025-09-08 23:59:45','unread',4),(4204,17,'Alexa Grasso has missed an overtime shift on 2025/09/08','2025-09-08 23:59:45','read',4),(4206,1,'Amanda Nunez has missed an overtime shift on 2025/09/08','2025-09-08 23:59:45','unread',4),(4207,17,'Amanda Nunez has missed an overtime shift on 2025/09/08','2025-09-08 23:59:45','read',4),(4209,1,'Valentina Shevchenko has missed an overtime shift on 2025/09/08','2025-09-08 23:59:45','unread',4),(4210,17,'Valentina Shevchenko has missed an overtime shift on 2025/09/08','2025-09-08 23:59:45','read',4),(4212,8,'Your leave has ended. Your status has been updated to \"Not Working\".','2025-09-08 23:59:51','unread',1),(4213,1,'Sarah Johnson has missed an overtime shift on 2025/09/08','2025-09-09 00:01:04','unread',4),(4214,17,'Sarah Johnson has missed an overtime shift on 2025/09/08','2025-09-09 00:01:04','read',4),(4216,1,'Max Holloway has missed an overtime shift on 2025/09/08','2025-09-09 00:01:04','unread',4),(4217,17,'Max Holloway has missed an overtime shift on 2025/09/08','2025-09-09 00:01:04','read',4),(4219,1,'Dustin Poirier has missed an overtime shift on 2025/09/08','2025-09-09 00:01:04','unread',4),(4220,17,'Dustin Poirier has missed an overtime shift on 2025/09/08','2025-09-09 00:01:04','read',4),(4222,1,'Ilia Topuria has missed an overtime shift on 2025/09/08','2025-09-09 00:01:04','unread',4),(4223,17,'Ilia Topuria has missed an overtime shift on 2025/09/08','2025-09-09 00:01:04','read',4),(4225,1,'Batin Doe has missed an overtime shift on 2025/09/08','2025-09-09 00:09:00','unread',4),(4226,17,'Batin Doe has missed an overtime shift on 2025/09/08','2025-09-09 00:09:00','read',4),(4228,1,'Cristiano Penaldo has missed an overtime shift on 2025/09/08','2025-09-09 00:09:00','unread',4),(4229,17,'Cristiano Penaldo has missed an overtime shift on 2025/09/08','2025-09-09 00:09:00','read',4),(4231,1,'Busi Lusi has missed an overtime shift on 2025/09/08','2025-09-09 00:09:00','unread',4),(4232,17,'Busi Lusi has missed an overtime shift on 2025/09/08','2025-09-09 00:09:00','read',4),(4234,1,'Sarah Johnson has missed an overtime shift on 2025/09/08','2025-09-09 00:09:00','unread',4),(4235,17,'Sarah Johnson has missed an overtime shift on 2025/09/08','2025-09-09 00:09:00','read',4),(4237,1,'Max Holloway has missed an overtime shift on 2025/09/08','2025-09-09 00:09:00','unread',4),(4238,17,'Max Holloway has missed an overtime shift on 2025/09/08','2025-09-09 00:09:00','read',4),(4240,1,'Dustin Poirier has missed an overtime shift on 2025/09/08','2025-09-09 00:09:00','unread',4),(4241,17,'Dustin Poirier has missed an overtime shift on 2025/09/08','2025-09-09 00:09:00','read',4),(4243,1,'Ilia Topuria has missed an overtime shift on 2025/09/08','2025-09-09 00:09:00','unread',4),(4244,17,'Ilia Topuria has missed an overtime shift on 2025/09/08','2025-09-09 00:09:00','read',4),(4246,1,'Emily Brown has missed an overtime shift on 2025/09/08','2025-09-09 00:31:09','unread',4),(4247,17,'Emily Brown has missed an overtime shift on 2025/09/08','2025-09-09 00:31:09','read',4),(4249,1,'Carlos Prates has missed an overtime shift on 2025/09/08','2025-09-09 00:31:09','unread',4),(4250,17,'Carlos Prates has missed an overtime shift on 2025/09/08','2025-09-09 00:31:09','read',4),(4252,1,'Batin Doe has missed an overtime shift on 2025/09/08','2025-09-09 00:32:39','unread',4),(4253,17,'Batin Doe has missed an overtime shift on 2025/09/08','2025-09-09 00:32:39','read',4),(4255,1,'Busi Lusi has missed an overtime shift on 2025/09/08','2025-09-09 00:32:39','unread',4),(4256,17,'Busi Lusi has missed an overtime shift on 2025/09/08','2025-09-09 00:32:39','read',4),(4258,1,'Emily Brown has missed an overtime shift on 2025/09/08','2025-09-09 00:32:39','unread',4),(4259,17,'Emily Brown has missed an overtime shift on 2025/09/08','2025-09-09 00:32:39','read',4),(4261,1,'Carlos Prates has missed an overtime shift on 2025/09/08','2025-09-09 00:32:39','unread',4),(4262,17,'Carlos Prates has missed an overtime shift on 2025/09/08','2025-09-09 00:32:39','read',4),(4264,1,'John Doe has missed an overtime shift on 2025/09/08','2025-09-09 00:32:39','unread',4),(4265,17,'John Doe has missed an overtime shift on 2025/09/08','2025-09-09 00:32:39','read',4),(4267,1,'Declan Rice has missed an overtime shift on 2025/09/08','2025-09-09 00:32:39','unread',4),(4268,17,'Declan Rice has missed an overtime shift on 2025/09/08','2025-09-09 00:32:39','read',4),(4270,1,'Batin Doe has missed an overtime shift on 2025/09/08','2025-09-09 00:41:55','unread',4),(4271,17,'Batin Doe has missed an overtime shift on 2025/09/08','2025-09-09 00:41:55','read',4),(4273,1,'Busi Lusi has missed an overtime shift on 2025/09/08','2025-09-09 00:41:55','unread',4),(4274,17,'Busi Lusi has missed an overtime shift on 2025/09/08','2025-09-09 00:41:55','read',4),(4276,1,'Emily Brown has missed an overtime shift on 2025/09/08','2025-09-09 00:41:55','unread',4),(4277,17,'Emily Brown has missed an overtime shift on 2025/09/08','2025-09-09 00:41:55','read',4),(4279,1,'Carlos Prates has missed an overtime shift on 2025/09/08','2025-09-09 00:41:55','unread',4),(4280,17,'Carlos Prates has missed an overtime shift on 2025/09/08','2025-09-09 00:41:55','read',4),(4282,1,'Batin Doe has missed an overtime shift on 2025/09/08','2025-09-09 00:41:55','unread',4),(4283,17,'Batin Doe has missed an overtime shift on 2025/09/08','2025-09-09 00:41:55','read',4),(4285,1,'Busi Lusi has missed an overtime shift on 2025/09/08','2025-09-09 00:41:55','unread',4),(4286,17,'Busi Lusi has missed an overtime shift on 2025/09/08','2025-09-09 00:41:55','read',4),(4288,1,'Emily Brown has missed an overtime shift on 2025/09/08','2025-09-09 00:41:55','unread',4),(4289,17,'Emily Brown has missed an overtime shift on 2025/09/08','2025-09-09 00:41:55','read',4),(4291,1,'Carlos Prates has missed an overtime shift on 2025/09/08','2025-09-09 00:41:55','unread',4),(4292,17,'Carlos Prates has missed an overtime shift on 2025/09/08','2025-09-09 00:41:55','read',4),(4294,1,'David Jones has missed an overtime shift on 2025/09/08','2025-09-09 00:43:17','unread',4),(4295,17,'David Jones has missed an overtime shift on 2025/09/08','2025-09-09 00:43:17','read',4),(4297,1,'Stipe Miocic has missed an overtime shift on 2025/09/08','2025-09-09 00:43:17','unread',4),(4298,17,'Stipe Miocic has missed an overtime shift on 2025/09/08','2025-09-09 00:43:17','read',4),(4300,1,'David Jones has missed an overtime shift on 2025/09/08','2025-09-09 00:43:17','unread',4),(4301,17,'David Jones has missed an overtime shift on 2025/09/08','2025-09-09 00:43:17','read',4),(4303,1,'Stipe Miocic has missed an overtime shift on 2025/09/08','2025-09-09 00:43:17','unread',4),(4304,17,'Stipe Miocic has missed an overtime shift on 2025/09/08','2025-09-09 00:43:17','read',4),(4306,1,'Batin Doe has missed an overtime shift on 2025/09/08','2025-09-09 00:44:39','unread',4),(4307,17,'Batin Doe has missed an overtime shift on 2025/09/08','2025-09-09 00:44:39','read',4),(4309,1,'Busi Lusi has missed an overtime shift on 2025/09/08','2025-09-09 00:44:39','unread',4),(4310,17,'Busi Lusi has missed an overtime shift on 2025/09/08','2025-09-09 00:44:39','read',4),(4312,1,'Batin Doe has missed an overtime shift on 2025/09/08','2025-09-09 00:44:39','unread',4),(4313,17,'Batin Doe has missed an overtime shift on 2025/09/08','2025-09-09 00:44:39','read',4),(4315,1,'Busi Lusi has missed an overtime shift on 2025/09/08','2025-09-09 00:44:39','unread',4),(4316,17,'Busi Lusi has missed an overtime shift on 2025/09/08','2025-09-09 00:44:39','read',4),(4318,1,'Batin Doe has missed an overtime shift on 2025/09/08','2025-09-09 00:44:39','unread',4),(4319,17,'Batin Doe has missed an overtime shift on 2025/09/08','2025-09-09 00:44:39','read',4),(4321,1,'Busi Lusi has missed an overtime shift on 2025/09/08','2025-09-09 00:44:39','unread',4),(4322,17,'Busi Lusi has missed an overtime shift on 2025/09/08','2025-09-09 00:44:39','read',4),(4324,1,'Yatin Fakir has missed an overtime shift on 2025/09/08','2025-09-09 00:46:34','unread',4),(4325,17,'Yatin Fakir has missed an overtime shift on 2025/09/08','2025-09-09 00:46:34','read',4),(4327,1,'Valentina Shevchenko has missed an overtime shift on 2025/09/08','2025-09-09 00:46:34','unread',4),(4328,17,'Valentina Shevchenko has missed an overtime shift on 2025/09/08','2025-09-09 00:46:34','read',4),(4330,1,'Yatin Fakir has missed an overtime shift on 2025/09/08','2025-09-09 00:46:34','unread',4),(4331,17,'Yatin Fakir has missed an overtime shift on 2025/09/08','2025-09-09 00:46:34','read',4),(4333,1,'Valentina Shevchenko has missed an overtime shift on 2025/09/08','2025-09-09 00:46:34','unread',4),(4334,17,'Valentina Shevchenko has missed an overtime shift on 2025/09/08','2025-09-09 00:46:34','read',4),(4336,1,'Emily Brown has missed an overtime shift on 2025/09/08','2025-09-09 00:48:34','unread',4),(4337,17,'Emily Brown has missed an overtime shift on 2025/09/08','2025-09-09 00:48:34','read',4),(4339,1,'Carlos Prates has missed an overtime shift on 2025/09/08','2025-09-09 00:48:34','unread',4),(4340,17,'Carlos Prates has missed an overtime shift on 2025/09/08','2025-09-09 00:48:34','read',4),(4342,1,'John Doe has missed an overtime shift on 2025/09/08','2025-09-09 00:48:34','unread',4),(4343,17,'John Doe has missed an overtime shift on 2025/09/08','2025-09-09 00:48:34','read',4),(4345,1,'Declan Rice has missed an overtime shift on 2025/09/08','2025-09-09 00:48:34','unread',4),(4346,17,'Declan Rice has missed an overtime shift on 2025/09/08','2025-09-09 00:48:34','read',4),(4348,1,'Emily Brown has missed an overtime shift on 2025/09/08','2025-09-09 00:48:34','unread',4),(4349,17,'Emily Brown has missed an overtime shift on 2025/09/08','2025-09-09 00:48:34','read',4),(4351,1,'Carlos Prates has missed an overtime shift on 2025/09/08','2025-09-09 00:48:34','unread',4),(4352,17,'Carlos Prates has missed an overtime shift on 2025/09/08','2025-09-09 00:48:34','read',4),(4354,1,'David Jones has missed an overtime shift on 2025/09/08','2025-09-09 01:05:38','unread',4),(4355,17,'David Jones has missed an overtime shift on 2025/09/08','2025-09-09 01:05:38','read',4),(4357,1,'Stipe Miocic has missed an overtime shift on 2025/09/08','2025-09-09 01:05:38','unread',4),(4358,17,'Stipe Miocic has missed an overtime shift on 2025/09/08','2025-09-09 01:05:38','read',4),(4360,1,'John Doe has missed an overtime shift on 2025/09/09','2025-09-09 13:46:22','unread',4),(4361,17,'John Doe has missed an overtime shift on 2025/09/09','2025-09-09 13:46:22','read',4),(4363,1,'Declan Rice has missed an overtime shift on 2025/09/09','2025-09-09 13:46:22','unread',4),(4364,17,'Declan Rice has missed an overtime shift on 2025/09/09','2025-09-09 13:46:22','read',4),(4366,1,'John Doe failed to clock in for their overtime shift starting at 21:47:24 on 2025/09/09. Consider taking disciplinary action','2025-09-09 21:47:44','unread',4),(4367,17,'John Doe failed to clock in for their overtime shift starting at 21:47:24 on 2025/09/09. Consider taking disciplinary action','2025-09-09 21:47:44','read',4),(4368,1,'Declan Rice failed to clock in for their overtime shift starting at 21:47:24 on 2025/09/09. Consider taking disciplinary action','2025-09-09 21:47:44','unread',4),(4369,17,'Declan Rice failed to clock in for their overtime shift starting at 21:47:24 on 2025/09/09. Consider taking disciplinary action','2025-09-09 21:47:44','read',4),(4370,1,'John Doe has missed an overtime shift on 2025/09/09, failed to scan proof QR code. Consider taking disciplinary action','2025-09-09 22:22:00','unread',4),(4371,17,'John Doe has missed an overtime shift on 2025/09/09, failed to scan proof QR code. Consider taking disciplinary action','2025-09-09 22:22:00','read',4),(4372,1,'Declan Rice has missed an overtime shift on 2025/09/09, failed to scan proof QR code. Consider taking disciplinary action','2025-09-09 22:22:00','unread',4),(4373,17,'Declan Rice has missed an overtime shift on 2025/09/09, failed to scan proof QR code. Consider taking disciplinary action','2025-09-09 22:22:00','read',4),(4374,1,'Darwin Nunez failed to clock in for their overtime shift starting at 22:29:55 on 2025/09/09. Consider taking disciplinary action','2025-09-09 22:30:14','unread',4),(4375,17,'Darwin Nunez failed to clock in for their overtime shift starting at 22:29:55 on 2025/09/09. Consider taking disciplinary action','2025-09-09 22:30:14','read',4),(4376,1,'Darwin Nunez failed to clock in for their shift starting at 21:36:30 on 2025/09/13 with no reason. Consider taking disciplinary action','2025-09-13 21:40:27','unread',4),(4377,17,'Darwin Nunez failed to clock in for their shift starting at 21:36:30 on 2025/09/13 with no reason. Consider taking disciplinary action','2025-09-13 21:40:27','read',4),(4378,16,'You have been assigned a replacement shift for Bartender on 2025/09/13 from 21:36:30 to 21:40:00 due to a missed clock-in. See you soon!','2025-09-13 21:40:27','unread',3),(4379,1,'Declan Rice: Is filling in for a missed shift by Darwin Nunez (Bartender) on 2025/09/13 at 21:36:30','2025-09-13 21:40:27','unread',4),(4380,17,'Declan Rice: Is filling in for a missed shift by Darwin Nunez (Bartender) on 2025/09/13 at 21:36:30','2025-09-13 21:40:27','read',4),(4381,6,'John Doe has missed a normal shift on 2025/09/13, failed to scan proof QR code. Consider taking disciplinary action','2025-09-13 21:41:01','unread',4),(4382,8,'Lionel Pessi has missed a normal shift on 2025/09/13, failed to scan proof QR code. Consider taking disciplinary action','2025-09-13 21:41:01','unread',4),(4383,13,'Yatin Fakir has missed a normal shift on 2025/09/13, failed to scan proof QR code. Consider taking disciplinary action','2025-09-13 21:41:01','unread',4),(4384,20,'Alexa Grasso has missed a normal shift on 2025/09/13, failed to scan proof QR code. Consider taking disciplinary action','2025-09-13 21:41:01','unread',4),(4385,7,'Batin Doe has missed a normal shift on 2025/09/13, failed to scan proof QR code. Consider taking disciplinary action','2025-09-13 21:41:01','unread',4),(4386,14,'Cristiano Penaldo has missed a normal shift on 2025/09/13, failed to scan proof QR code. Consider taking disciplinary action','2025-09-13 21:41:01','unread',4),(4387,4,'Emily Brown has missed a normal shift on 2025/09/13, failed to scan proof QR code. Consider taking disciplinary action','2025-09-13 21:41:01','unread',4),(4388,23,'Khabib Nurmagomedov has missed a normal shift on 2025/09/13, failed to scan proof QR code. Consider taking disciplinary action','2025-09-13 21:41:01','unread',4),(4389,5,'David Jones has missed a normal shift on 2025/09/13, failed to scan proof QR code. Consider taking disciplinary action','2025-09-13 21:41:01','unread',4),(4390,26,'Francis Ngannou has missed a normal shift on 2025/09/13, failed to scan proof QR code. Consider taking disciplinary action','2025-09-13 21:41:01','unread',4),(4391,2,'Sarah Johnson has missed a normal shift on 2025/09/13, failed to scan proof QR code. Consider taking disciplinary action','2025-09-13 21:41:01','unread',4),(4392,28,'Max Holloway has missed a normal shift on 2025/09/13, failed to scan proof QR code. Consider taking disciplinary action','2025-09-13 21:41:01','unread',4),(4393,16,'Declan Rice has missed a normal shift on 2025/09/13, failed to scan proof QR code. Consider taking disciplinary action','2025-09-13 21:41:01','unread',4),(4394,1,'Darwin Nunez failed to clock in for their shift starting at 21:42:00 on 2025/09/13 with no reason. Consider taking disciplinary action','2025-09-13 21:43:01','unread',4),(4395,17,'Darwin Nunez failed to clock in for their shift starting at 21:42:00 on 2025/09/13 with no reason. Consider taking disciplinary action','2025-09-13 21:43:01','read',4),(4396,16,'You have been assigned a replacement shift for Bartender on 2025/09/13 from 21:42:00 to 21:45:00 due to a missed clock-in. See you soon!','2025-09-13 21:43:01','unread',3),(4397,1,'Declan Rice: Is filling in for a missed shift by Darwin Nunez (Bartender) on 2025/09/13 at 21:42:00','2025-09-13 21:43:01','unread',4),(4398,17,'Declan Rice: Is filling in for a missed shift by Darwin Nunez (Bartender) on 2025/09/13 at 21:42:00','2025-09-13 21:43:01','read',4),(4399,16,'Declan Rice has missed a normal shift on 2025/09/13, failed to scan proof QR code. Consider taking disciplinary action','2025-09-13 21:46:01','unread',4),(4400,1,'Darwin Nunez failed to clock in for their shift starting at 21:48:00 on 2025/09/13 with no reason. Consider taking disciplinary action','2025-09-13 21:49:01','unread',4),(4401,17,'Darwin Nunez failed to clock in for their shift starting at 21:48:00 on 2025/09/13 with no reason. Consider taking disciplinary action','2025-09-13 21:49:01','read',4),(4402,16,'You have been assigned a replacement shift for Bartender on 2025/09/13 from 21:48:00 to 21:50:00 due to a missed clock-in. See you soon!','2025-09-13 21:49:01','unread',3),(4403,1,'Declan Rice: Is filling in for a missed shift by Darwin Nunez (Bartender) on 2025/09/13 at 21:48:00','2025-09-13 21:49:01','unread',4),(4404,17,'Declan Rice: Is filling in for a missed shift by Darwin Nunez (Bartender) on 2025/09/13 at 21:48:00','2025-09-13 21:49:01','read',4),(4405,16,'Declan Rice has missed a normal shift on 2025/09/13, failed to scan proof QR code. Consider taking disciplinary action','2025-09-13 21:51:01','unread',4),(4406,6,'John Doe has missed a normal shift on 2025/09/14, failed to scan proof QR code. Consider taking disciplinary action','2025-09-14 02:01:01','unread',4),(4407,8,'Lionel Pessi has missed a normal shift on 2025/09/14, failed to scan proof QR code. Consider taking disciplinary action','2025-09-14 02:01:01','unread',4),(4408,13,'Yatin Fakir has missed a normal shift on 2025/09/14, failed to scan proof QR code. Consider taking disciplinary action','2025-09-14 02:01:01','unread',4),(4409,20,'Alexa Grasso has missed a normal shift on 2025/09/14, failed to scan proof QR code. Consider taking disciplinary action','2025-09-14 02:01:01','unread',4),(4410,7,'Batin Doe has missed a normal shift on 2025/09/14, failed to scan proof QR code. Consider taking disciplinary action','2025-09-14 02:01:01','unread',4),(4411,14,'Cristiano Penaldo has missed a normal shift on 2025/09/14, failed to scan proof QR code. Consider taking disciplinary action','2025-09-14 02:01:01','unread',4),(4412,4,'Emily Brown has missed a normal shift on 2025/09/14, failed to scan proof QR code. Consider taking disciplinary action','2025-09-14 02:01:01','unread',4),(4413,23,'Khabib Nurmagomedov has missed a normal shift on 2025/09/14, failed to scan proof QR code. Consider taking disciplinary action','2025-09-14 02:01:01','unread',4),(4414,5,'David Jones has missed a normal shift on 2025/09/14, failed to scan proof QR code. Consider taking disciplinary action','2025-09-14 02:01:01','unread',4),(4415,26,'Francis Ngannou has missed a normal shift on 2025/09/14, failed to scan proof QR code. Consider taking disciplinary action','2025-09-14 02:01:01','unread',4),(4416,2,'Sarah Johnson has missed a normal shift on 2025/09/14, failed to scan proof QR code. Consider taking disciplinary action','2025-09-14 02:01:01','unread',4),(4417,28,'Max Holloway has missed a normal shift on 2025/09/14, failed to scan proof QR code. Consider taking disciplinary action','2025-09-14 02:01:01','unread',4),(4418,1,'John Doe failed to clock in for their shift starting at 17:00:00 on 2025/09/14 with no reason. Consider taking disciplinary action','2025-09-14 17:01:01','unread',4),(4419,17,'John Doe failed to clock in for their shift starting at 17:00:00 on 2025/09/14 with no reason. Consider taking disciplinary action','2025-09-14 17:01:01','unread',4),(4420,9,'You have been assigned a replacement shift for Bartender on 2025/09/14 from 17:00:00 to 02:00:00 due to a missed clock-in. See you soon!','2025-09-14 17:01:01','unread',3),(4421,1,'Darwin Nunez: Is filling in for a missed shift by John Doe (Bartender) on 2025/09/14 at 17:00:00','2025-09-14 17:01:01','unread',4),(4422,17,'Darwin Nunez: Is filling in for a missed shift by John Doe (Bartender) on 2025/09/14 at 17:00:00','2025-09-14 17:01:01','unread',4),(4423,1,'Lionel Pessi failed to clock in for their shift starting at 17:00:00 on 2025/09/14 with no reason. Consider taking disciplinary action','2025-09-14 17:01:01','unread',4),(4424,17,'Lionel Pessi failed to clock in for their shift starting at 17:00:00 on 2025/09/14 with no reason. Consider taking disciplinary action','2025-09-14 17:01:01','unread',4),(4425,16,'You have been assigned a replacement shift for Bartender on 2025/09/14 from 17:00:00 to 02:00:00 due to a missed clock-in. See you soon!','2025-09-14 17:01:01','unread',3),(4426,1,'Declan Rice: Is filling in for a missed shift by Lionel Pessi (Bartender) on 2025/09/14 at 17:00:00','2025-09-14 17:01:01','unread',4),(4427,17,'Declan Rice: Is filling in for a missed shift by Lionel Pessi (Bartender) on 2025/09/14 at 17:00:00','2025-09-14 17:01:01','unread',4),(4428,1,'Yatin Fakir failed to clock in for their shift starting at 17:00:00 on 2025/09/14 with no reason. Consider taking disciplinary action','2025-09-14 17:01:01','unread',4),(4429,17,'Yatin Fakir failed to clock in for their shift starting at 17:00:00 on 2025/09/14 with no reason. Consider taking disciplinary action','2025-09-14 17:01:01','unread',4),(4430,21,'You have been assigned a replacement shift for Sparkler Girl on 2025/09/14 from 17:00:00 to 02:00:00 due to a missed clock-in. See you soon!','2025-09-14 17:01:01','unread',3),(4431,1,'Amanda Nunez: Is filling in for a missed shift by Yatin Fakir (Sparkler Girl) on 2025/09/14 at 17:00:00','2025-09-14 17:01:01','unread',4),(4432,17,'Amanda Nunez: Is filling in for a missed shift by Yatin Fakir (Sparkler Girl) on 2025/09/14 at 17:00:00','2025-09-14 17:01:01','unread',4),(4433,1,'Alexa Grasso failed to clock in for their shift starting at 17:00:00 on 2025/09/14 with no reason. Consider taking disciplinary action','2025-09-14 17:01:01','unread',4),(4434,17,'Alexa Grasso failed to clock in for their shift starting at 17:00:00 on 2025/09/14 with no reason. Consider taking disciplinary action','2025-09-14 17:01:01','unread',4),(4435,22,'You have been assigned a replacement shift for Sparkler Girl on 2025/09/14 from 17:00:00 to 02:00:00 due to a missed clock-in. See you soon!','2025-09-14 17:01:01','unread',3),(4436,1,'Valentina Shevchenko: Is filling in for a missed shift by Alexa Grasso (Sparkler Girl) on 2025/09/14 at 17:00:00','2025-09-14 17:01:01','unread',4),(4437,17,'Valentina Shevchenko: Is filling in for a missed shift by Alexa Grasso (Sparkler Girl) on 2025/09/14 at 17:00:00','2025-09-14 17:01:01','unread',4),(4438,1,'Batin Doe failed to clock in for their shift starting at 17:00:00 on 2025/09/14 with no reason. Consider taking disciplinary action','2025-09-14 17:01:01','unread',4),(4439,17,'Batin Doe failed to clock in for their shift starting at 17:00:00 on 2025/09/14 with no reason. Consider taking disciplinary action','2025-09-14 17:01:01','unread',4),(4440,18,'You have been assigned a replacement shift for Waiter on 2025/09/14 from 17:00:00 to 02:00:00 due to a missed clock-in. See you soon!','2025-09-14 17:01:01','unread',3),(4441,1,'Busi Lusi: Is filling in for a missed shift by Batin Doe (Waiter) on 2025/09/14 at 17:00:00','2025-09-14 17:01:01','unread',4),(4442,17,'Busi Lusi: Is filling in for a missed shift by Batin Doe (Waiter) on 2025/09/14 at 17:00:00','2025-09-14 17:01:01','unread',4),(4443,1,'Cristiano Penaldo failed to clock in for their shift starting at 17:00:00 on 2025/09/14 with no reason. Consider taking disciplinary action','2025-09-14 17:01:01','unread',4),(4444,17,'Cristiano Penaldo failed to clock in for their shift starting at 17:00:00 on 2025/09/14 with no reason. Consider taking disciplinary action','2025-09-14 17:01:01','unread',4),(4445,1,'Shift Replacement Failed: All standby Waiter employees have conflicting shifts for missed shift on 2025/09/14 at 17:00:00. Contingency plan required','2025-09-14 17:01:01','unread',4),(4446,17,'Shift Replacement Failed: All standby Waiter employees have conflicting shifts for missed shift on 2025/09/14 at 17:00:00. Contingency plan required','2025-09-14 17:01:01','unread',4),(4447,1,'Emily Brown failed to clock in for their shift starting at 17:00:00 on 2025/09/14 with no reason. Consider taking disciplinary action','2025-09-14 17:01:01','unread',4),(4448,17,'Emily Brown failed to clock in for their shift starting at 17:00:00 on 2025/09/14 with no reason. Consider taking disciplinary action','2025-09-14 17:01:01','unread',4),(4449,24,'You have been assigned a replacement shift for Cleaner on 2025/09/14 from 17:00:00 to 02:00:00 due to a missed clock-in. See you soon!','2025-09-14 17:01:01','unread',3),(4450,1,'Jon Jones: Is filling in for a missed shift by Emily Brown (Cleaner) on 2025/09/14 at 17:00:00','2025-09-14 17:01:01','unread',4),(4451,17,'Jon Jones: Is filling in for a missed shift by Emily Brown (Cleaner) on 2025/09/14 at 17:00:00','2025-09-14 17:01:01','unread',4),(4452,1,'Khabib Nurmagomedov failed to clock in for their shift starting at 17:00:00 on 2025/09/14 with no reason. Consider taking disciplinary action','2025-09-14 17:01:01','unread',4),(4453,17,'Khabib Nurmagomedov failed to clock in for their shift starting at 17:00:00 on 2025/09/14 with no reason. Consider taking disciplinary action','2025-09-14 17:01:01','unread',4),(4454,25,'You have been assigned a replacement shift for Cleaner on 2025/09/14 from 17:00:00 to 02:00:00 due to a missed clock-in. See you soon!','2025-09-14 17:01:01','unread',3),(4455,1,'Carlos Prates: Is filling in for a missed shift by Khabib Nurmagomedov (Cleaner) on 2025/09/14 at 17:00:00','2025-09-14 17:01:01','unread',4),(4456,17,'Carlos Prates: Is filling in for a missed shift by Khabib Nurmagomedov (Cleaner) on 2025/09/14 at 17:00:00','2025-09-14 17:01:01','unread',4),(4457,1,'David Jones failed to clock in for their shift starting at 17:00:00 on 2025/09/14 with no reason. Consider taking disciplinary action','2025-09-14 17:01:01','unread',4),(4458,17,'David Jones failed to clock in for their shift starting at 17:00:00 on 2025/09/14 with no reason. Consider taking disciplinary action','2025-09-14 17:01:01','unread',4),(4459,27,'You have been assigned a replacement shift for Bouncer on 2025/09/14 from 17:00:00 to 02:00:00 due to a missed clock-in. See you soon!','2025-09-14 17:01:01','unread',3),(4460,1,'Stipe Miocic: Is filling in for a missed shift by David Jones (Bouncer) on 2025/09/14 at 17:00:00','2025-09-14 17:01:01','unread',4),(4461,17,'Stipe Miocic: Is filling in for a missed shift by David Jones (Bouncer) on 2025/09/14 at 17:00:00','2025-09-14 17:01:01','unread',4),(4462,1,'Francis Ngannou failed to clock in for their shift starting at 17:00:00 on 2025/09/14 with no reason. Consider taking disciplinary action','2025-09-14 17:01:01','unread',4),(4463,17,'Francis Ngannou failed to clock in for their shift starting at 17:00:00 on 2025/09/14 with no reason. Consider taking disciplinary action','2025-09-14 17:01:01','unread',4),(4464,1,'Shift Replacement Failed: All standby Bouncer employees have conflicting shifts for missed shift on 2025/09/14 at 17:00:00. Contingency plan required','2025-09-14 17:01:01','unread',4),(4465,17,'Shift Replacement Failed: All standby Bouncer employees have conflicting shifts for missed shift on 2025/09/14 at 17:00:00. Contingency plan required','2025-09-14 17:01:01','unread',4),(4466,1,'Sarah Johnson failed to clock in for their shift starting at 17:00:00 on 2025/09/14 with no reason. Consider taking disciplinary action','2025-09-14 17:01:01','unread',4),(4467,17,'Sarah Johnson failed to clock in for their shift starting at 17:00:00 on 2025/09/14 with no reason. Consider taking disciplinary action','2025-09-14 17:01:01','unread',4),(4468,29,'You have been assigned a replacement shift for Runners on 2025/09/14 from 17:00:00 to 02:00:00 due to a missed clock-in. See you soon!','2025-09-14 17:01:01','unread',3),(4469,1,'Dustin Poirier: Is filling in for a missed shift by Sarah Johnson (Runners) on 2025/09/14 at 17:00:00','2025-09-14 17:01:01','unread',4),(4470,17,'Dustin Poirier: Is filling in for a missed shift by Sarah Johnson (Runners) on 2025/09/14 at 17:00:00','2025-09-14 17:01:01','unread',4),(4471,1,'Max Holloway failed to clock in for their shift starting at 17:00:00 on 2025/09/14 with no reason. Consider taking disciplinary action','2025-09-14 17:01:01','unread',4),(4472,17,'Max Holloway failed to clock in for their shift starting at 17:00:00 on 2025/09/14 with no reason. Consider taking disciplinary action','2025-09-14 17:01:01','unread',4),(4473,30,'You have been assigned a replacement shift for Runners on 2025/09/14 from 17:00:00 to 02:00:00 due to a missed clock-in. See you soon!','2025-09-14 17:01:01','unread',3),(4474,1,'Ilia Topuria: Is filling in for a missed shift by Max Holloway (Runners) on 2025/09/14 at 17:00:00','2025-09-14 17:01:01','unread',4),(4475,17,'Ilia Topuria: Is filling in for a missed shift by Max Holloway (Runners) on 2025/09/14 at 17:00:00','2025-09-14 17:01:01','unread',4);
/*!40000 ALTER TABLE `t_notification` ENABLE KEYS */;
UNLOCK TABLES;

--
-- Table structure for table `t_notification_type`
--

DROP TABLE IF EXISTS `t_notification_type`;
/*!40101 SET @saved_cs_client     = @@character_set_client */;
/*!50503 SET character_set_client = utf8mb4 */;
CREATE TABLE `t_notification_type` (
  `notification_type_id` int NOT NULL AUTO_INCREMENT,
  `_name` enum('leave_request','shift_swap','schedule','attendance','payroll','manager') DEFAULT NULL,
  PRIMARY KEY (`notification_type_id`)
) ENGINE=InnoDB AUTO_INCREMENT=7 DEFAULT CHARSET=utf8mb4 COLLATE=utf8mb4_0900_ai_ci;
/*!40101 SET character_set_client = @saved_cs_client */;

--
-- Dumping data for table `t_notification_type`
--

LOCK TABLES `t_notification_type` WRITE;
/*!40000 ALTER TABLE `t_notification_type` DISABLE KEYS */;
INSERT INTO `t_notification_type` VALUES (1,'leave_request'),(2,'payroll'),(3,'schedule'),(4,'attendance'),(5,'shift_swap'),(6,'manager');
/*!40000 ALTER TABLE `t_notification_type` ENABLE KEYS */;
UNLOCK TABLES;

--
-- Table structure for table `t_overtime`
--

DROP TABLE IF EXISTS `t_overtime`;
/*!40101 SET @saved_cs_client     = @@character_set_client */;
/*!50503 SET character_set_client = utf8mb4 */;
CREATE TABLE `t_overtime` (
  `overtime_id` int NOT NULL AUTO_INCREMENT,
  `_date` datetime NOT NULL,
  `start_time` time NOT NULL,
  `end_time` time NOT NULL,
  `duration` time GENERATED ALWAYS AS (timediff(`end_time`,`start_time`)) STORED,
  `_status` enum('on-going','completed') NOT NULL DEFAULT 'on-going',
  `employee_id` int DEFAULT NULL,
  `qr_code_id` int NOT NULL,
  PRIMARY KEY (`overtime_id`),
  KEY `employee_id` (`employee_id`),
  KEY `qr_code_id` (`qr_code_id`),
  CONSTRAINT `t_overtime_ibfk_1` FOREIGN KEY (`employee_id`) REFERENCES `t_employee` (`employee_id`),
  CONSTRAINT `t_overtime_ibfk_3` FOREIGN KEY (`qr_code_id`) REFERENCES `t_qr_code` (`qr_id`)
) ENGINE=InnoDB AUTO_INCREMENT=290 DEFAULT CHARSET=utf8mb4 COLLATE=utf8mb4_0900_ai_ci;
/*!40101 SET character_set_client = @saved_cs_client */;

--
-- Dumping data for table `t_overtime`
--

LOCK TABLES `t_overtime` WRITE;
/*!40000 ALTER TABLE `t_overtime` DISABLE KEYS */;
INSERT INTO `t_overtime` (`overtime_id`, `_date`, `start_time`, `end_time`, `_status`, `employee_id`, `qr_code_id`) VALUES (1,'2023-11-15 18:00:00','01:00:00','03:00:00','completed',2,1),(2,'2023-11-16 17:00:00','01:00:00','03:00:00','completed',3,2),(3,'2023-11-17 16:30:00','01:30:00','03:30:00','completed',4,3),(4,'2023-11-18 19:00:00','01:00:00','03:00:00','completed',6,4),(5,'2023-11-19 20:00:00','01:00:00','03:00:00','completed',7,1),(6,'2025-06-21 00:00:00','22:07:16','23:07:17','completed',NULL,10),(7,'2025-06-21 00:00:00','22:08:48','23:19:48','completed',NULL,11),(8,'2025-06-22 00:00:00','00:41:08','00:42:08','completed',NULL,12),(9,'2025-06-22 00:00:00','14:41:26','14:43:26','completed',NULL,13),(10,'2025-06-22 00:00:00','21:42:14','22:42:15','completed',NULL,14),(11,'2025-06-22 00:00:00','21:42:39','22:42:40','completed',NULL,15),(12,'2025-06-22 00:00:00','21:42:58','22:42:59','completed',NULL,16),(13,'2025-06-22 00:00:00','21:43:22','22:43:22','completed',NULL,17),(14,'2025-06-22 00:00:00','23:22:49','23:42:49','completed',NULL,18),(15,'2025-06-22 00:00:00','23:24:19','23:44:20','completed',NULL,19),(16,'2025-06-22 00:00:00','23:24:40','23:44:40','completed',NULL,20),(17,'2025-06-22 00:00:00','23:27:56','23:47:56','completed',NULL,21),(23,'2025-06-22 00:00:00','23:35:30','23:55:31','completed',NULL,27),(24,'2025-06-22 00:00:00','23:37:32','00:37:32','completed',NULL,28),(25,'2025-06-22 00:00:00','23:38:06','23:40:06','completed',NULL,29),(26,'2025-06-22 00:00:00','23:39:43','23:41:44','completed',NULL,30),(27,'2025-06-23 00:00:00','00:42:14','00:43:14','completed',NULL,31),(28,'2025-06-23 00:00:00','00:53:33','00:54:33','completed',NULL,33),(29,'2025-06-23 00:00:00','01:03:00','01:04:00','completed',NULL,35),(30,'2025-06-23 00:00:00','01:33:18','01:34:19','completed',NULL,37),(31,'2025-06-23 00:00:00','02:09:05','02:10:05','completed',NULL,39),(32,'2025-06-23 00:00:00','02:09:54','02:10:55','completed',NULL,40),(33,'2025-06-23 00:00:00','02:12:49','02:13:50','completed',NULL,43),(34,'2025-06-23 00:00:00','02:25:34','02:26:34','completed',NULL,45),(36,'2025-06-23 00:00:00','13:13:55','13:14:55','completed',NULL,48),(37,'2025-06-23 00:00:00','13:39:38','13:46:39','completed',NULL,50),(38,'2025-06-23 00:00:00','13:40:19','13:41:19','completed',NULL,52),(39,'2025-06-23 00:00:00','13:40:38','13:44:39','completed',NULL,53),(40,'2025-06-23 00:00:00','14:39:54','14:41:55','completed',NULL,56),(41,'2025-06-23 00:00:00','14:43:54','14:45:54','completed',NULL,58),(42,'2025-06-23 00:00:00','14:44:26','14:45:27','completed',NULL,60),(43,'2025-06-23 00:00:00','17:55:11','17:56:12','completed',NULL,62),(44,'2025-06-23 00:00:00','17:57:05','17:58:05','completed',NULL,64),(45,'2025-06-23 00:00:00','18:14:20','18:15:21','completed',NULL,66),(46,'2025-06-23 00:00:00','18:21:50','18:22:50','completed',NULL,68),(47,'2025-06-23 00:00:00','18:23:01','18:25:01','completed',NULL,70),(48,'2025-06-23 00:00:00','21:00:25','21:01:25','completed',NULL,72),(49,'2025-06-23 00:00:00','21:08:39','21:09:39','completed',NULL,74),(50,'2025-06-23 00:00:00','21:09:20','21:15:21','completed',NULL,91),(51,'2025-06-23 00:00:00','21:09:34','21:10:34','completed',NULL,93),(52,'2025-06-23 00:00:00','21:10:20','21:11:21','completed',NULL,96),(53,'2025-06-23 00:00:00','21:12:26','21:13:26','completed',NULL,102),(54,'2025-06-23 00:00:00','21:13:15','21:14:16','completed',NULL,105),(55,'2025-06-23 00:00:00','21:14:44','21:17:44','completed',NULL,108),(56,'2025-06-23 00:00:00','21:20:00','21:21:00','completed',NULL,111),(57,'2025-06-23 00:00:00','21:25:04','21:26:04','completed',NULL,113),(58,'2025-06-23 00:00:00','22:23:47','22:24:47','completed',NULL,115),(59,'2025-06-23 00:00:00','22:47:29','22:48:29','completed',NULL,117),(60,'2025-06-23 00:00:00','22:50:03','22:51:03','completed',NULL,119),(61,'2025-06-23 00:00:00','22:55:31','22:56:31','completed',NULL,121),(62,'2025-06-23 00:00:00','23:01:20','23:02:21','completed',NULL,123),(63,'2025-06-23 00:00:00','23:03:37','23:04:37','completed',NULL,125),(64,'2025-06-23 00:00:00','23:08:43','23:09:44','completed',NULL,127),(65,'2025-06-23 00:00:00','23:10:01','23:11:01','completed',NULL,129),(66,'2025-06-23 00:00:00','23:11:17','23:12:18','completed',NULL,131),(67,'2025-06-23 00:00:00','23:11:45','23:12:45','completed',NULL,132),(68,'2025-06-23 00:00:00','23:13:11','23:15:11','completed',NULL,135),(69,'2025-06-24 00:00:00','13:36:04','13:37:04','completed',NULL,137),(70,'2025-06-24 00:00:00','13:36:29','13:37:30','completed',NULL,139),(71,'2025-06-24 00:00:00','13:38:59','13:40:00','completed',NULL,141),(72,'2025-06-24 00:00:00','20:51:23','21:51:24','completed',NULL,143),(73,'2025-06-25 00:00:00','14:06:23','14:10:23','completed',NULL,144),(74,'2025-06-25 00:00:00','14:08:39','14:10:40','completed',NULL,146),(75,'2025-06-25 00:00:00','14:16:01','14:21:01','completed',NULL,148),(76,'2025-06-25 00:00:00','14:16:44','14:18:45','completed',NULL,150),(77,'2025-06-25 00:00:00','14:17:24','14:19:24','completed',NULL,151),(78,'2025-06-25 00:00:00','14:19:49','14:21:49','completed',NULL,154),(79,'2025-06-25 00:00:00','14:37:11','14:38:11','completed',NULL,156),(80,'2025-06-25 00:00:00','14:37:26','14:39:27','completed',NULL,157),(81,'2025-06-25 00:00:00','14:38:05','14:43:05','completed',NULL,158),(82,'2025-06-25 00:00:00','14:51:41','14:53:42','completed',NULL,162),(83,'2025-06-25 00:00:00','15:07:48','16:07:49','completed',NULL,164),(84,'2025-06-25 00:00:00','15:20:06','15:22:06','completed',NULL,165),(85,'2025-06-25 00:00:00','15:28:44','15:39:45','completed',NULL,167),(86,'2025-06-25 00:00:00','15:29:16','15:34:17','completed',NULL,168),(87,'2025-06-25 00:00:00','15:30:06','15:36:06','completed',NULL,169),(88,'2025-06-25 00:00:00','15:32:53','15:36:53','completed',NULL,170),(89,'2025-06-25 00:00:00','15:34:53','15:39:53','completed',NULL,172),(90,'2025-06-25 00:00:00','15:36:22','15:38:23','completed',NULL,174),(91,'2025-06-25 00:00:00','16:31:01','16:33:01','completed',NULL,180),(92,'2025-06-25 00:00:00','16:38:41','16:40:42','completed',NULL,182),(93,'2025-06-25 00:00:00','16:43:47','16:45:47','completed',NULL,184),(94,'2025-06-27 00:00:00','18:21:34','18:23:34','completed',NULL,366),(95,'2025-06-27 00:00:00','18:27:06','18:29:06','completed',NULL,368),(96,'2025-07-02 00:00:00','19:20:45','19:21:45','completed',NULL,374),(97,'2025-07-02 00:00:00','20:01:45','20:02:45','completed',NULL,376),(98,'2025-07-02 00:00:00','20:04:42','20:06:42','completed',NULL,378),(99,'2025-07-02 00:00:00','20:12:54','20:14:54','completed',NULL,380),(100,'2025-07-02 00:00:00','20:23:13','20:25:13','completed',NULL,382),(101,'2025-07-03 00:00:00','20:40:47','21:40:47','completed',NULL,387),(102,'2025-07-04 00:00:00','14:28:56','14:31:56','completed',NULL,389),(103,'2025-07-04 00:00:00','14:59:13','15:01:13','completed',NULL,391),(104,'2025-07-04 00:00:00','15:05:39','15:07:39','completed',NULL,393),(105,'2025-07-04 00:00:00','15:06:22','16:06:22','completed',NULL,395),(106,'2025-07-04 00:00:00','15:19:46','15:21:47','completed',NULL,397),(107,'2025-07-04 00:00:00','15:30:22','15:32:22','completed',NULL,401),(108,'2025-07-04 00:00:00','15:54:40','15:56:41','completed',NULL,415),(109,'2025-07-04 00:00:00','15:58:50','16:08:50','completed',NULL,419),(110,'2025-07-04 00:00:00','16:00:32','16:02:33','completed',NULL,420),(111,'2025-07-04 00:00:00','16:07:55','17:07:55','completed',NULL,422),(112,'2025-07-04 00:00:00','16:08:53','16:38:54','completed',NULL,425),(113,'2025-07-04 00:00:00','16:09:13','17:09:14','completed',NULL,426),(114,'2025-07-04 00:00:00','16:10:22','16:50:22','completed',NULL,427),(115,'2025-07-04 00:00:00','16:11:39','17:11:39','completed',NULL,428),(116,'2025-07-04 00:00:00','16:12:09','16:15:10','completed',NULL,430),(117,'2025-07-04 00:00:00','16:13:25','16:16:26','completed',NULL,432),(118,'2025-07-04 00:00:00','16:14:08','17:15:08','completed',NULL,433),(119,'2025-07-04 00:00:00','16:17:28','17:17:28','completed',NULL,435),(120,'2025-07-04 00:00:00','16:17:43','17:17:43','completed',NULL,437),(121,'2025-07-04 00:00:00','16:25:14','16:50:14','completed',NULL,439),(122,'2025-07-04 00:00:00','16:28:10','17:28:10','completed',NULL,440),(123,'2025-07-04 00:00:00','16:29:40','17:29:41','completed',NULL,442),(124,'2025-07-04 00:00:00','16:42:30','16:54:31','completed',NULL,445),(125,'2025-07-04 00:00:00','16:44:01','17:15:01','completed',NULL,447),(126,'2025-07-07 00:00:00','18:01:41','19:01:42','completed',NULL,456),(127,'2025-07-07 00:00:00','21:03:02','22:03:02','completed',NULL,458),(128,'2025-07-07 00:00:00','21:14:31','22:14:31','completed',NULL,460),(129,'2025-07-07 00:00:00','21:29:30','22:29:30','completed',NULL,462),(130,'2025-07-08 00:00:00','15:36:55','18:17:55','completed',NULL,465),(131,'2025-07-08 00:00:00','15:42:42','15:48:42','completed',NULL,467),(132,'2025-07-08 00:00:00','15:43:14','16:43:15','completed',NULL,469),(133,'2025-07-08 00:00:00','15:47:59','16:47:59','completed',NULL,471),(134,'2025-07-08 00:00:00','15:48:56','16:48:56','completed',NULL,473),(135,'2025-07-08 00:00:00','15:49:49','16:49:50','completed',NULL,475),(136,'2025-07-08 00:00:00','15:51:42','16:51:43','completed',NULL,477),(137,'2025-07-08 00:00:00','15:53:03','16:53:04','completed',NULL,479),(138,'2025-07-08 00:00:00','15:54:08','16:54:08','completed',NULL,481),(139,'2025-07-08 00:00:00','15:55:18','16:55:19','completed',NULL,483),(140,'2025-07-08 00:00:00','15:57:17','16:57:18','completed',NULL,485),(141,'2025-07-08 00:00:00','16:07:08','17:07:08','completed',NULL,487),(142,'2025-07-08 00:00:00','16:08:48','17:08:48','completed',NULL,489),(143,'2025-07-08 00:00:00','16:10:23','17:10:23','completed',NULL,491),(144,'2025-07-08 00:00:00','16:20:48','17:01:49','completed',NULL,493),(145,'2025-07-08 00:00:00','16:22:08','16:53:08','completed',NULL,494),(146,'2025-07-08 00:00:00','16:33:15','17:04:15','completed',NULL,495),(147,'2025-07-08 00:00:00','16:45:26','17:16:26','completed',NULL,496),(148,'2025-07-08 00:00:00','16:50:16','17:50:16','completed',NULL,497),(149,'2025-07-08 00:00:00','16:55:22','17:55:22','completed',NULL,499),(150,'2025-07-08 00:00:00','17:02:33','19:02:34','completed',NULL,501),(151,'2025-07-08 00:00:00','17:04:16','18:04:17','completed',NULL,502),(152,'2025-07-08 00:00:00','17:04:58','18:36:58','completed',NULL,504),(153,'2025-07-09 00:00:00','20:43:04','21:43:04','completed',NULL,510),(154,'2025-07-22 00:00:00','21:35:17','22:35:18','completed',NULL,514),(155,'2025-07-23 00:00:00','13:24:18','14:24:18','completed',NULL,515),(156,'2025-07-23 00:00:00','13:40:33','14:40:33','completed',NULL,517),(157,'2025-07-23 00:00:00','13:44:29','14:44:29','completed',NULL,519),(158,'2025-07-23 00:00:00','13:50:11','14:50:11','completed',NULL,521),(159,'2025-07-23 00:00:00','13:52:15','14:52:16','completed',NULL,523),(160,'2025-07-23 00:00:00','13:56:27','14:56:27','completed',NULL,525),(161,'2025-07-23 00:00:00','14:00:12','15:00:12','completed',NULL,527),(162,'2025-07-23 00:00:00','14:04:11','15:04:11','completed',NULL,529),(163,'2025-07-23 00:00:00','14:15:08','15:15:08','completed',NULL,531),(164,'2025-07-23 00:00:00','18:00:18','19:00:19','completed',NULL,533),(165,'2025-07-23 00:00:00','18:00:26','19:30:26','completed',NULL,535),(166,'2025-07-23 00:00:00','18:06:41','19:06:42','completed',NULL,537),(167,'2025-07-24 00:00:00','11:07:30','12:12:30','completed',NULL,549),(168,'2025-07-24 00:00:00','12:15:29','13:20:30','completed',NULL,551),(169,'2025-07-24 00:00:00','12:16:31','13:16:31','completed',NULL,552),(170,'2025-07-29 00:00:00','22:17:29','23:22:29','completed',NULL,556),(171,'2025-07-29 00:00:00','22:28:32','23:28:32','completed',NULL,557),(172,'2025-07-29 00:00:00','22:42:48','23:42:48','completed',NULL,558),(173,'2025-07-29 00:00:00','22:57:19','23:57:19','completed',NULL,560),(174,'2025-07-29 00:00:00','23:01:00','00:01:01','completed',NULL,561),(175,'2025-07-29 00:00:00','23:08:39','00:08:39','completed',NULL,563),(176,'2025-07-29 00:00:00','23:09:53','00:09:53','completed',NULL,565),(177,'2025-07-29 00:00:00','23:12:27','00:12:28','completed',NULL,567),(178,'2025-07-29 00:00:00','23:13:23','00:13:23','completed',NULL,569),(179,'2025-07-29 00:00:00','23:14:14','00:14:14','completed',NULL,571),(180,'2025-07-29 00:00:00','23:15:00','00:15:00','completed',NULL,573),(181,'2025-07-29 00:00:00','23:17:17','00:17:17','completed',NULL,575),(182,'2025-07-29 00:00:00','23:17:51','00:17:52','completed',NULL,577),(183,'2025-07-29 00:00:00','23:18:23','00:18:24','completed',NULL,579),(184,'2025-07-29 00:00:00','23:19:02','00:19:02','completed',NULL,581),(185,'2025-07-29 00:00:00','23:19:27','00:19:28','completed',NULL,583),(186,'2025-07-29 00:00:00','23:20:11','00:20:11','completed',NULL,585),(187,'2025-07-29 00:00:00','23:20:34','00:20:34','completed',NULL,587),(188,'2025-07-29 00:00:00','23:20:53','00:20:53','completed',NULL,589),(189,'2025-07-29 00:00:00','23:21:19','00:21:19','completed',NULL,591),(190,'2025-07-29 00:00:00','23:22:28','00:22:28','completed',NULL,593),(191,'2025-07-29 00:00:00','23:22:49','00:22:50','completed',NULL,596),(192,'2025-07-29 00:00:00','23:23:09','00:23:10','completed',NULL,598),(193,'2025-07-29 00:00:00','23:23:55','00:23:56','completed',NULL,600),(194,'2025-07-29 00:00:00','23:25:24','00:25:25','completed',NULL,602),(195,'2025-07-29 00:00:00','23:25:42','00:25:43','completed',NULL,604),(196,'2025-07-29 00:00:00','23:27:03','00:27:03','completed',NULL,606),(197,'2025-07-29 00:00:00','23:27:51','00:27:51','completed',NULL,608),(198,'2025-07-29 00:00:00','23:28:13','00:28:13','completed',NULL,610),(199,'2025-07-29 00:00:00','23:28:40','00:28:41','completed',NULL,613),(200,'2025-07-29 00:00:00','23:29:31','00:29:32','completed',NULL,615),(201,'2025-07-29 00:00:00','23:31:13','00:31:13','completed',NULL,617),(202,'2025-07-29 00:00:00','23:32:40','00:32:41','completed',NULL,619),(203,'2025-07-29 00:00:00','23:32:47','00:32:48','completed',NULL,621),(204,'2025-07-29 00:00:00','23:34:03','00:34:03','completed',NULL,623),(205,'2025-07-29 00:00:00','23:41:46','00:41:47','completed',NULL,625),(206,'2025-07-30 00:00:00','00:05:55','01:05:55','completed',NULL,628),(207,'2025-07-30 00:00:00','00:07:02','01:07:03','completed',NULL,629),(208,'2025-07-30 00:00:00','11:11:42','12:41:42','completed',NULL,632),(209,'2025-07-30 00:00:00','11:13:41','12:13:41','completed',NULL,633),(210,'2025-07-30 00:00:00','11:14:45','12:14:45','completed',NULL,634),(211,'2025-07-30 00:00:00','11:20:36','12:20:37','completed',NULL,636),(212,'2025-07-30 00:00:00','12:47:43','13:47:43','completed',NULL,640),(213,'2025-07-30 00:00:00','12:49:40','13:49:41','completed',NULL,641),(214,'2025-07-30 00:00:00','13:04:21','14:04:21','completed',NULL,642),(215,'2025-07-30 00:00:00','13:07:37','14:07:38','completed',NULL,643),(216,'2025-07-30 00:00:00','13:10:26','14:10:26','completed',NULL,645),(217,'2025-07-30 00:00:00','13:16:31','14:16:32','completed',NULL,646),(218,'2025-07-30 00:00:00','13:17:35','14:17:35','completed',NULL,647),(219,'2025-07-30 00:00:00','13:17:49','14:17:49','completed',NULL,648),(220,'2025-07-30 00:00:00','13:17:57','14:47:57','completed',NULL,650),(221,'2025-07-30 00:00:00','13:18:40','14:18:41','completed',NULL,651),(222,'2025-07-30 00:00:00','13:19:11','14:19:12','completed',NULL,653),(223,'2025-07-30 00:00:00','13:36:17','14:36:18','completed',NULL,655),(224,'2025-07-30 00:00:00','13:37:05','14:37:05','completed',NULL,657),(225,'2025-07-30 00:00:00','13:37:10','14:37:11','completed',NULL,659),(226,'2025-07-30 00:00:00','13:37:35','15:37:35','completed',NULL,660),(227,'2025-07-30 00:00:00','14:36:13','16:06:13','completed',NULL,668),(228,'2025-07-30 00:00:00','14:37:05','16:07:06','completed',NULL,670),(229,'2025-07-30 00:00:00','21:04:32','22:04:32','completed',NULL,674),(230,'2025-07-30 00:00:00','21:07:24','22:37:24','completed',NULL,675),(231,'2025-07-30 00:00:00','21:07:40','22:37:40','completed',NULL,677),(232,'2025-08-04 00:00:00','21:24:50','22:24:51','completed',NULL,679),(233,'2025-09-08 00:00:00','23:53:59','00:54:00','completed',NULL,760),(234,'2025-09-08 00:00:00','23:54:11','00:54:11','completed',NULL,762),(235,'2025-09-08 00:00:00','23:54:16','00:54:16','completed',NULL,764),(236,'2025-09-08 00:00:00','23:54:57','00:54:57','completed',NULL,766),(237,'2025-09-08 00:00:00','23:58:05','01:03:06','completed',NULL,768),(238,'2025-09-08 00:00:00','23:58:12','01:03:12','completed',NULL,770),(239,'2025-09-08 00:00:00','23:58:14','01:03:14','completed',NULL,772),(240,'2025-09-08 00:00:00','23:58:53','00:58:53','completed',NULL,774),(241,'2025-09-08 00:00:00','23:59:25','00:59:26','completed',NULL,776),(242,'2025-09-09 00:00:00','00:00:20','01:00:21','completed',NULL,778),(243,'2025-09-09 00:00:00','00:04:06','01:04:07','completed',NULL,780),(244,'2025-09-09 00:00:00','00:05:18','01:05:18','completed',NULL,782),(245,'2025-09-09 00:00:00','00:07:02','02:07:02','completed',NULL,783),(251,'2025-09-09 00:00:00','00:08:21','01:08:21','completed',NULL,789),(252,'2025-09-09 00:00:00','00:08:43','01:08:44','completed',NULL,791),(263,'2025-09-09 00:00:00','00:27:03','01:27:04','completed',NULL,803),(264,'2025-09-09 00:00:00','00:30:51','01:30:52','completed',NULL,805),(265,'2025-09-09 00:00:00','00:31:56','01:31:56','completed',NULL,806),(266,'2025-09-09 00:00:00','00:32:26','01:32:26','completed',NULL,808),(267,'2025-09-09 00:00:00','00:37:41','01:37:41','completed',NULL,809),(268,'2025-09-09 00:00:00','00:41:38','01:41:38','completed',NULL,811),(269,'2025-09-09 00:00:00','00:42:23','01:42:24','completed',NULL,812),(270,'2025-09-09 00:00:00','00:43:00','01:43:00','completed',NULL,814),(271,'2025-09-09 00:00:00','00:43:40','01:43:40','completed',NULL,815),(272,'2025-09-09 00:00:00','00:44:21','01:44:21','completed',NULL,817),(273,'2025-09-09 00:00:00','00:44:35','01:44:36','completed',NULL,819),(274,'2025-09-09 00:00:00','00:45:03','01:45:03','completed',NULL,820),(275,'2025-09-09 00:00:00','00:46:16','01:46:17','completed',NULL,822),(276,'2025-09-09 00:00:00','00:47:05','01:47:05','completed',NULL,823),(277,'2025-09-09 00:00:00','00:48:18','01:48:18','completed',NULL,825),(278,'2025-09-09 00:00:00','00:49:24','01:49:25','completed',NULL,826),(279,'2025-09-09 00:00:00','13:36:57','14:36:57','completed',NULL,837),(280,'2025-09-09 00:00:00','21:25:10','22:25:11','completed',NULL,839),(281,'2025-09-09 00:00:00','21:47:24','22:47:25','completed',NULL,840),(282,'2025-09-09 00:00:00','22:21:46','23:21:46','completed',NULL,842),(283,'2025-09-09 00:00:00','22:22:17','23:22:18','completed',NULL,843),(284,'2025-09-09 00:00:00','22:29:55','23:29:55','completed',NULL,846),(285,'2025-09-10 00:00:00','16:32:29','17:32:29','completed',NULL,849),(286,'2025-09-13 00:00:00','21:55:50','22:55:50','completed',NULL,857),(287,'2025-09-13 00:00:00','21:57:58','22:57:58','completed',NULL,859),(288,'2025-09-13 00:00:00','22:08:13','23:08:14','completed',NULL,861),(289,'2025-09-14 00:00:00','12:30:05','13:30:05','completed',NULL,864);
/*!40000 ALTER TABLE `t_overtime` ENABLE KEYS */;
UNLOCK TABLES;

--
-- Table structure for table `t_overtime_roles`
--

DROP TABLE IF EXISTS `t_overtime_roles`;
/*!40101 SET @saved_cs_client     = @@character_set_client */;
/*!50503 SET character_set_client = utf8mb4 */;
CREATE TABLE `t_overtime_roles` (
  `overtime_id` int NOT NULL,
  `role_id` int NOT NULL,
  `created_at` datetime DEFAULT CURRENT_TIMESTAMP,
  PRIMARY KEY (`overtime_id`,`role_id`),
  KEY `role_id` (`role_id`),
  CONSTRAINT `t_overtime_roles_ibfk_1` FOREIGN KEY (`overtime_id`) REFERENCES `t_overtime` (`overtime_id`) ON DELETE CASCADE,
  CONSTRAINT `t_overtime_roles_ibfk_2` FOREIGN KEY (`role_id`) REFERENCES `t_role` (`role_id`) ON DELETE CASCADE
) ENGINE=InnoDB DEFAULT CHARSET=utf8mb4 COLLATE=utf8mb4_0900_ai_ci;
/*!40101 SET character_set_client = @saved_cs_client */;

--
-- Dumping data for table `t_overtime_roles`
--

LOCK TABLES `t_overtime_roles` WRITE;
/*!40000 ALTER TABLE `t_overtime_roles` DISABLE KEYS */;
INSERT INTO `t_overtime_roles` VALUES (6,5,'2025-06-21 22:07:16'),(7,1,'2025-06-21 22:08:48'),(7,3,'2025-06-21 22:08:48'),(7,4,'2025-06-21 22:08:48'),(8,1,'2025-06-22 00:41:08'),(8,2,'2025-06-22 00:41:08'),(8,3,'2025-06-22 00:41:08'),(9,7,'2025-06-22 14:41:26'),(10,3,'2025-06-22 21:42:14'),(10,4,'2025-06-22 21:42:14'),(11,1,'2025-06-22 21:42:39'),(11,2,'2025-06-22 21:42:39'),(12,3,'2025-06-22 21:42:58'),(13,4,'2025-06-22 21:43:22'),(14,6,'2025-06-22 23:22:49'),(15,5,'2025-06-22 23:24:19'),(15,6,'2025-06-22 23:24:19'),(16,4,'2025-06-22 23:24:40'),(17,4,'2025-06-22 23:27:56'),(23,2,'2025-06-22 23:35:30'),(24,6,'2025-06-22 23:37:32'),(25,6,'2025-06-22 23:38:06'),(26,4,'2025-06-22 23:39:43'),(27,1,'2025-06-23 00:42:14'),(28,6,'2025-06-23 00:53:33'),(29,5,'2025-06-23 01:03:00'),(30,5,'2025-06-23 01:33:18'),(30,6,'2025-06-23 01:33:18'),(31,6,'2025-06-23 02:09:05'),(32,6,'2025-06-23 02:09:54'),(33,6,'2025-06-23 02:12:49'),(34,6,'2025-06-23 02:25:34'),(36,1,'2025-06-23 13:13:55'),(37,1,'2025-06-23 13:39:38'),(38,1,'2025-06-23 13:40:19'),(39,1,'2025-06-23 13:40:38'),(40,1,'2025-06-23 14:39:54'),(40,2,'2025-06-23 14:39:54'),(41,1,'2025-06-23 14:43:54'),(42,7,'2025-06-23 14:44:26'),(43,5,'2025-06-23 17:55:11'),(44,5,'2025-06-23 17:57:05'),(44,6,'2025-06-23 17:57:05'),(45,5,'2025-06-23 18:14:20'),(45,6,'2025-06-23 18:14:20'),(46,7,'2025-06-23 18:21:50'),(47,2,'2025-06-23 18:23:01'),(48,2,'2025-06-23 21:00:25'),(49,2,'2025-06-23 21:08:39'),(50,7,'2025-06-23 21:09:20'),(51,5,'2025-06-23 21:09:34'),(52,4,'2025-06-23 21:10:20'),(53,7,'2025-06-23 21:12:26'),(54,6,'2025-06-23 21:13:15'),(55,6,'2025-06-23 21:14:44'),(56,6,'2025-06-23 21:20:00'),(57,2,'2025-06-23 21:25:04'),(58,7,'2025-06-23 22:23:47'),(59,6,'2025-06-23 22:47:29'),(60,6,'2025-06-23 22:50:03'),(61,6,'2025-06-23 22:55:31'),(62,6,'2025-06-23 23:01:20'),(63,7,'2025-06-23 23:03:37'),(64,7,'2025-06-23 23:08:43'),(65,7,'2025-06-23 23:10:01'),(66,7,'2025-06-23 23:11:17'),(67,5,'2025-06-23 23:11:45'),(67,6,'2025-06-23 23:11:45'),(68,5,'2025-06-23 23:13:11'),(68,6,'2025-06-23 23:13:11'),(69,5,'2025-06-24 13:36:04'),(69,6,'2025-06-24 13:36:04'),(70,5,'2025-06-24 13:36:29'),(70,6,'2025-06-24 13:36:29'),(71,5,'2025-06-24 13:38:59'),(71,6,'2025-06-24 13:38:59'),(72,6,'2025-06-24 20:51:23'),(73,7,'2025-06-25 14:06:23'),(74,1,'2025-06-25 14:08:39'),(75,7,'2025-06-25 14:16:01'),(76,7,'2025-06-25 14:16:44'),(77,6,'2025-06-25 14:17:24'),(78,6,'2025-06-25 14:19:49'),(79,7,'2025-06-25 14:37:11'),(80,6,'2025-06-25 14:37:26'),(81,7,'2025-06-25 14:38:05'),(82,6,'2025-06-25 14:51:41'),(83,6,'2025-06-25 15:07:48'),(84,6,'2025-06-25 15:20:06'),(85,5,'2025-06-25 15:28:44'),(86,7,'2025-06-25 15:29:16'),(87,7,'2025-06-25 15:30:06'),(88,6,'2025-06-25 15:32:53'),(89,5,'2025-06-25 15:34:53'),(90,3,'2025-06-25 15:36:22'),(90,4,'2025-06-25 15:36:22'),(91,1,'2025-06-25 16:31:01'),(92,5,'2025-06-25 16:38:41'),(92,6,'2025-06-25 16:38:41'),(93,5,'2025-06-25 16:43:47'),(93,6,'2025-06-25 16:43:47'),(94,1,'2025-06-27 18:21:34'),(94,2,'2025-06-27 18:21:34'),(94,3,'2025-06-27 18:21:34'),(95,4,'2025-06-27 18:27:06'),(95,5,'2025-06-27 18:27:06'),(96,6,'2025-07-02 19:20:45'),(97,1,'2025-07-02 20:01:45'),(97,2,'2025-07-02 20:01:45'),(98,1,'2025-07-02 20:04:42'),(98,2,'2025-07-02 20:04:42'),(98,3,'2025-07-02 20:04:42'),(98,4,'2025-07-02 20:04:42'),(98,5,'2025-07-02 20:04:42'),(98,6,'2025-07-02 20:04:42'),(99,1,'2025-07-02 20:12:54'),(100,2,'2025-07-02 20:23:13'),(100,3,'2025-07-02 20:23:13'),(100,4,'2025-07-02 20:23:13'),(101,1,'2025-07-03 20:40:47'),(102,1,'2025-07-04 14:28:56'),(103,1,'2025-07-04 14:59:13'),(104,1,'2025-07-04 15:05:39'),(105,5,'2025-07-04 15:06:22'),(106,3,'2025-07-04 15:19:46'),(107,6,'2025-07-04 15:30:22'),(108,6,'2025-07-04 15:54:40'),(109,6,'2025-07-04 15:58:50'),(110,4,'2025-07-04 16:00:32'),(111,5,'2025-07-04 16:07:55'),(112,3,'2025-07-04 16:08:53'),(112,4,'2025-07-04 16:08:53'),(113,3,'2025-07-04 16:09:13'),(114,5,'2025-07-04 16:10:22'),(115,5,'2025-07-04 16:11:39'),(116,5,'2025-07-04 16:12:09'),(117,5,'2025-07-04 16:13:25'),(118,5,'2025-07-04 16:14:08'),(119,4,'2025-07-04 16:17:28'),(120,5,'2025-07-04 16:17:43'),(121,5,'2025-07-04 16:25:14'),(122,5,'2025-07-04 16:28:10'),(123,3,'2025-07-04 16:29:40'),(123,4,'2025-07-04 16:29:40'),(124,4,'2025-07-04 16:42:30'),(125,5,'2025-07-04 16:44:01'),(126,5,'2025-07-07 18:01:41'),(126,6,'2025-07-07 18:01:41'),(127,1,'2025-07-07 21:03:02'),(128,1,'2025-07-07 21:14:31'),(129,1,'2025-07-07 21:29:30'),(130,6,'2025-07-08 15:36:55'),(131,5,'2025-07-08 15:42:42'),(132,3,'2025-07-08 15:43:14'),(133,2,'2025-07-08 15:47:59'),(134,1,'2025-07-08 15:48:56'),(135,6,'2025-07-08 15:49:49'),(136,6,'2025-07-08 15:51:42'),(137,3,'2025-07-08 15:53:03'),(138,3,'2025-07-08 15:54:08'),(139,1,'2025-07-08 15:55:18'),(140,5,'2025-07-08 15:57:17'),(141,3,'2025-07-08 16:07:08'),(142,3,'2025-07-08 16:08:48'),(143,1,'2025-07-08 16:10:23'),(144,1,'2025-07-08 16:20:48'),(145,5,'2025-07-08 16:22:08'),(146,3,'2025-07-08 16:33:15'),(147,1,'2025-07-08 16:45:26'),(148,1,'2025-07-08 16:50:16'),(149,4,'2025-07-08 16:55:22'),(150,4,'2025-07-08 17:02:33'),(151,1,'2025-07-08 17:04:16'),(152,1,'2025-07-08 17:04:58'),(153,3,'2025-07-09 20:43:04'),(154,4,'2025-07-22 21:35:17'),(155,1,'2025-07-23 13:24:18'),(155,2,'2025-07-23 13:24:18'),(155,3,'2025-07-23 13:24:18'),(155,4,'2025-07-23 13:24:18'),(155,5,'2025-07-23 13:24:18'),(155,6,'2025-07-23 13:24:18'),(156,4,'2025-07-23 13:40:33'),(157,1,'2025-07-23 13:44:29'),(158,4,'2025-07-23 13:50:11'),(159,1,'2025-07-23 13:52:15'),(160,5,'2025-07-23 13:56:27'),(161,1,'2025-07-23 14:00:12'),(162,1,'2025-07-23 14:04:11'),(163,2,'2025-07-23 14:15:08'),(164,1,'2025-07-23 18:00:18'),(164,3,'2025-07-23 18:00:18'),(165,1,'2025-07-23 18:00:26'),(165,3,'2025-07-23 18:00:26'),(166,1,'2025-07-23 18:06:41'),(167,1,'2025-07-24 11:07:30'),(167,3,'2025-07-24 11:07:30'),(168,1,'2025-07-24 12:15:29'),(168,3,'2025-07-24 12:15:29'),(169,1,'2025-07-24 12:16:31'),(169,3,'2025-07-24 12:16:31'),(170,1,'2025-07-29 22:17:29'),(171,1,'2025-07-29 22:28:32'),(172,7,'2025-07-29 22:42:48'),(173,1,'2025-07-29 22:57:19'),(174,3,'2025-07-29 23:01:00'),(175,4,'2025-07-29 23:08:39'),(176,5,'2025-07-29 23:09:53'),(177,1,'2025-07-29 23:12:27'),(178,2,'2025-07-29 23:13:23'),(179,1,'2025-07-29 23:14:14'),(180,4,'2025-07-29 23:15:00'),(181,2,'2025-07-29 23:17:17'),(182,5,'2025-07-29 23:17:51'),(183,6,'2025-07-29 23:18:23'),(184,5,'2025-07-29 23:19:02'),(185,5,'2025-07-29 23:19:27'),(186,1,'2025-07-29 23:20:11'),(187,1,'2025-07-29 23:20:34'),(188,4,'2025-07-29 23:20:53'),(189,3,'2025-07-29 23:21:19'),(190,5,'2025-07-29 23:22:28'),(191,5,'2025-07-29 23:22:49'),(192,4,'2025-07-29 23:23:09'),(192,5,'2025-07-29 23:23:09'),(193,4,'2025-07-29 23:23:55'),(194,2,'2025-07-29 23:25:24'),(195,6,'2025-07-29 23:25:42'),(196,2,'2025-07-29 23:27:03'),(197,3,'2025-07-29 23:27:51'),(198,2,'2025-07-29 23:28:13'),(199,4,'2025-07-29 23:28:40'),(200,4,'2025-07-29 23:29:31'),(201,2,'2025-07-29 23:31:13'),(202,1,'2025-07-29 23:32:40'),(203,1,'2025-07-29 23:32:47'),(203,3,'2025-07-29 23:32:47'),(204,1,'2025-07-29 23:34:03'),(204,3,'2025-07-29 23:34:03'),(205,4,'2025-07-29 23:41:46'),(206,5,'2025-07-30 00:05:55'),(207,5,'2025-07-30 00:07:02'),(208,5,'2025-07-30 11:11:42'),(209,3,'2025-07-30 11:13:41'),(210,3,'2025-07-30 11:14:45'),(211,5,'2025-07-30 11:20:36'),(212,5,'2025-07-30 12:47:43'),(213,5,'2025-07-30 12:49:40'),(214,5,'2025-07-30 13:04:21'),(215,4,'2025-07-30 13:07:37'),(215,5,'2025-07-30 13:07:37'),(216,1,'2025-07-30 13:10:26'),(217,3,'2025-07-30 13:16:31'),(218,3,'2025-07-30 13:17:35'),(219,3,'2025-07-30 13:17:49'),(220,3,'2025-07-30 13:17:57'),(221,4,'2025-07-30 13:18:40'),(222,4,'2025-07-30 13:19:11'),(223,3,'2025-07-30 13:36:17'),(224,3,'2025-07-30 13:37:05'),(225,2,'2025-07-30 13:37:10'),(225,3,'2025-07-30 13:37:10'),(226,5,'2025-07-30 13:37:35'),(227,3,'2025-07-30 14:36:13'),(228,3,'2025-07-30 14:37:05'),(229,2,'2025-07-30 21:04:32'),(230,1,'2025-07-30 21:07:24'),(231,1,'2025-07-30 21:07:40'),(231,6,'2025-07-30 21:07:40'),(232,1,'2025-08-04 21:24:50'),(232,2,'2025-08-04 21:24:50'),(232,3,'2025-08-04 21:24:50'),(232,4,'2025-08-04 21:24:50'),(232,5,'2025-08-04 21:24:50'),(232,6,'2025-08-04 21:24:50'),(233,1,'2025-09-08 23:53:59'),(234,1,'2025-09-08 23:54:11'),(235,1,'2025-09-08 23:54:16'),(236,2,'2025-09-08 23:54:57'),(237,2,'2025-09-08 23:58:05'),(237,3,'2025-09-08 23:58:05'),(237,5,'2025-09-08 23:58:05'),(238,2,'2025-09-08 23:58:12'),(238,3,'2025-09-08 23:58:12'),(238,5,'2025-09-08 23:58:12'),(239,2,'2025-09-08 23:58:14'),(239,3,'2025-09-08 23:58:14'),(239,5,'2025-09-08 23:58:14'),(240,3,'2025-09-08 23:58:53'),(240,4,'2025-09-08 23:58:53'),(241,1,'2025-09-08 23:59:25'),(241,2,'2025-09-08 23:59:25'),(242,6,'2025-09-09 00:00:20'),(243,1,'2025-09-09 00:04:06'),(244,1,'2025-09-09 00:05:18'),(244,2,'2025-09-09 00:05:18'),(244,3,'2025-09-09 00:05:18'),(245,5,'2025-09-09 00:07:02'),(251,6,'2025-09-09 00:08:21'),(252,3,'2025-09-09 00:08:43'),(252,6,'2025-09-09 00:08:43'),(263,4,'2025-09-09 00:27:03'),(264,4,'2025-09-09 00:30:51'),(265,3,'2025-09-09 00:31:56'),(265,4,'2025-09-09 00:31:56'),(266,1,'2025-09-09 00:32:26'),(267,3,'2025-09-09 00:37:41'),(267,4,'2025-09-09 00:37:41'),(268,3,'2025-09-09 00:41:38'),(268,4,'2025-09-09 00:41:38'),(269,5,'2025-09-09 00:42:23'),(270,5,'2025-09-09 00:43:00'),(271,3,'2025-09-09 00:43:40'),(272,3,'2025-09-09 00:44:21'),(273,3,'2025-09-09 00:44:35'),(274,2,'2025-09-09 00:45:03'),(275,2,'2025-09-09 00:46:16'),(276,4,'2025-09-09 00:47:05'),(277,1,'2025-09-09 00:48:18'),(277,4,'2025-09-09 00:48:18'),(278,5,'2025-09-09 00:49:24'),(279,1,'2025-09-09 13:36:57'),(280,1,'2025-09-09 21:25:10'),(281,1,'2025-09-09 21:47:24'),(282,1,'2025-09-09 22:21:46'),(283,1,'2025-09-09 22:22:17'),(284,1,'2025-09-09 22:29:55'),(285,1,'2025-09-10 16:32:29'),(286,1,'2025-09-13 21:55:50'),(287,3,'2025-09-13 21:57:58'),(288,1,'2025-09-13 22:08:13'),(289,1,'2025-09-14 12:30:05');
/*!40000 ALTER TABLE `t_overtime_roles` ENABLE KEYS */;
UNLOCK TABLES;

--
-- Table structure for table `t_payroll`
--

DROP TABLE IF EXISTS `t_payroll`;
/*!40101 SET @saved_cs_client     = @@character_set_client */;
/*!50503 SET character_set_client = utf8mb4 */;
CREATE TABLE `t_payroll` (
  `payroll_id` int NOT NULL AUTO_INCREMENT,
  `employee_id` int NOT NULL,
  `base_hours` decimal(10,2) NOT NULL DEFAULT '0.00',
  `overtime_hours` decimal(10,2) NOT NULL DEFAULT '0.00',
  `total_amount` decimal(10,2) NOT NULL DEFAULT '0.00',
  `_status` enum('unpaid','paid') NOT NULL DEFAULT 'unpaid',
  `payment_date` date NOT NULL COMMENT 'Payments processed every Tuesday',
  `base_hourly_rate_used` decimal(10,2) DEFAULT NULL,
  `overtime_hourly_rate_used` decimal(10,2) DEFAULT NULL,
  `role_title_snapshot` varchar(100) DEFAULT NULL,
  `employee_name_snapshot` varchar(200) DEFAULT NULL,
  PRIMARY KEY (`payroll_id`),
  KEY `t_payroll_ibfk_1` (`employee_id`),
  CONSTRAINT `t_payroll_ibfk_1` FOREIGN KEY (`employee_id`) REFERENCES `t_employee` (`employee_id`)
) ENGINE=InnoDB AUTO_INCREMENT=2000 DEFAULT CHARSET=utf8mb4 COLLATE=utf8mb4_0900_ai_ci;
/*!40101 SET character_set_client = @saved_cs_client */;

--
-- Dumping data for table `t_payroll`
--

LOCK TABLES `t_payroll` WRITE;
/*!40000 ALTER TABLE `t_payroll` DISABLE KEYS */;
INSERT INTO `t_payroll` VALUES (857,4,0.00,2.00,67.50,'paid','2025-06-24',22.50,33.75,'Cleaner','Emily Brown'),(858,2,0.00,3.00,113.64,'paid','2025-06-24',25.25,37.88,'Runners','Sarah Johnson'),(859,13,0.00,0.00,0.00,'paid','2025-06-24',28.75,43.13,'Sparkler Girl','Yatin Fakir'),(860,15,0.00,0.00,0.00,'paid','2025-06-24',60.00,30.00,'Bouncer','Zlatan Ibrahimovic'),(1561,7,40.00,0.00,5079.60,'paid','2025-07-01',126.99,23.00,'Waiter','Batin Doe'),(1562,14,0.00,0.00,0.00,'paid','2025-07-01',126.99,23.00,'Waiter','Cristiano Penaldo'),(1563,5,40.00,0.00,860.00,'paid','2025-07-01',21.50,30.00,'Bouncer','David Jones'),(1564,4,40.00,0.00,900.00,'paid','2025-07-01',22.50,33.75,'Cleaner','Emily Brown'),(1565,6,40.00,0.00,6800.00,'paid','2025-07-01',150.00,61.05,'Bartender','John Doe'),(1566,1,0.00,0.00,0.00,'paid','2025-07-01',100.00,150.00,'Leader','John Smith'),(1567,8,40.00,0.00,6800.00,'paid','2025-07-01',150.00,61.05,'Bartender','Lionel Pessi'),(1568,9,0.00,0.00,0.00,'paid','2025-07-01',150.00,61.05,'Bartender','Darwin Nunez'),(1569,16,0.00,0.00,0.00,'paid','2025-07-01',150.00,61.05,'Bartender','Declan Rice'),(1570,3,40.00,0.00,5079.60,'paid','2025-07-01',126.99,23.00,'Waiter','Michael Williams'),(1571,2,40.00,0.00,1010.00,'paid','2025-07-01',25.25,37.88,'Runners','Sarah Johnson'),(1572,13,0.00,0.00,0.00,'paid','2025-07-01',28.75,43.13,'Sparkler Girl','Yatin Fakir'),(1573,15,0.00,0.00,0.00,'paid','2025-07-01',60.00,30.00,'Bouncer','Zlatan Ibrahimovic'),(1574,7,0.00,0.00,0.00,'paid','2025-07-08',126.99,23.00,'Waiter','Batin Doe'),(1575,14,0.00,0.00,0.00,'paid','2025-07-08',126.99,23.00,'Waiter','Cristiano Penaldo'),(1576,5,0.00,0.00,0.00,'paid','2025-07-08',21.50,30.00,'Bouncer','David Jones'),(1577,4,0.00,0.00,0.00,'paid','2025-07-08',22.50,33.75,'Cleaner','Emily Brown'),(1578,6,0.00,0.00,0.00,'paid','2025-07-08',150.00,61.05,'Bartender','John Doe'),(1579,1,0.00,0.00,0.00,'paid','2025-07-08',100.00,150.00,'Leader','John Smith'),(1580,8,0.00,0.00,0.00,'paid','2025-07-08',150.00,61.05,'Bartender','Lionel Pessi'),(1581,9,0.00,2.00,122.10,'paid','2025-07-08',150.00,61.05,'Bartender','Darwin Nunez'),(1582,16,0.00,0.00,0.00,'paid','2025-07-08',150.00,61.05,'Bartender','Declan Rice'),(1583,3,0.00,0.00,0.00,'paid','2025-07-08',126.99,23.00,'Waiter','Michael Williams'),(1584,2,0.00,0.00,0.00,'paid','2025-07-08',25.25,37.88,'Runners','Sarah Johnson'),(1585,13,0.00,0.00,0.00,'paid','2025-07-08',28.75,43.13,'Sparkler Girl','Yatin Fakir'),(1586,15,0.00,0.00,0.00,'paid','2025-07-08',60.00,30.00,'Bouncer','Zlatan Ibrahimovic'),(1587,7,0.00,0.00,0.00,'paid','2025-07-15',126.99,23.00,'Waiter','Batin Doe'),(1588,14,0.00,0.00,0.00,'paid','2025-07-15',126.99,23.00,'Waiter','Cristiano Penaldo'),(1589,5,0.00,0.00,0.00,'paid','2025-07-15',21.50,30.00,'Bouncer','David Jones'),(1590,4,0.00,0.00,0.00,'paid','2025-07-15',22.50,33.75,'Cleaner','Emily Brown'),(1591,6,0.00,0.00,0.00,'paid','2025-07-15',150.00,61.05,'Bartender','John Doe'),(1592,1,0.00,0.00,0.00,'paid','2025-07-15',100.00,150.00,'Leader','John Smith'),(1593,8,0.00,0.00,0.00,'paid','2025-07-15',150.00,61.05,'Bartender','Lionel Pessi'),(1594,9,0.00,0.00,0.00,'paid','2025-07-15',150.00,61.05,'Bartender','Darwin Nunez'),(1595,16,0.00,0.00,0.00,'paid','2025-07-15',150.00,61.05,'Bartender','Declan Rice'),(1596,3,0.00,0.00,0.00,'paid','2025-07-15',126.99,23.00,'Waiter','Michael Williams'),(1597,2,0.00,0.00,0.00,'paid','2025-07-15',25.25,37.88,'Runners','Sarah Johnson'),(1598,13,0.00,0.00,0.00,'paid','2025-07-15',28.75,43.13,'Sparkler Girl','Yatin Fakir'),(1599,15,0.00,0.00,0.00,'paid','2025-07-15',60.00,30.00,'Bouncer','Zlatan Ibrahimovic'),(1600,7,0.00,0.00,0.00,'paid','2025-07-22',126.99,23.00,'Waiter','Batin Doe'),(1601,14,0.00,0.00,0.00,'paid','2025-07-22',126.99,23.00,'Waiter','Cristiano Penaldo'),(1602,9,0.00,0.00,0.00,'paid','2025-07-22',150.00,61.05,'Bartender','Darwin Nunez'),(1603,5,0.00,0.00,0.00,'paid','2025-07-22',21.50,30.00,'Bouncer','David Jones'),(1604,16,0.00,0.00,0.00,'paid','2025-07-22',150.00,61.05,'Bartender','Declan Rice'),(1605,4,0.00,0.00,0.00,'paid','2025-07-22',22.50,33.75,'Cleaner','Emily Brown'),(1606,6,0.00,0.00,0.00,'paid','2025-07-22',150.00,61.05,'Bartender','John Doe'),(1607,1,0.00,0.00,0.00,'paid','2025-07-22',100.00,150.00,'Leader','John Smith'),(1608,8,0.00,0.00,0.00,'paid','2025-07-22',150.00,61.05,'Bartender','Lionel Pessi'),(1609,3,0.00,0.00,0.00,'paid','2025-07-22',126.99,23.00,'Waiter','Michael Williams'),(1610,2,0.00,0.00,0.00,'paid','2025-07-22',25.25,37.88,'Runners','Sarah Johnson'),(1611,17,0.00,0.00,0.00,'paid','2025-07-22',100.00,150.00,'Leader','Shayzaad Kallan'),(1612,13,0.00,0.00,0.00,'paid','2025-07-22',28.75,43.13,'Sparkler Girl','Yatin Fakir'),(1613,15,0.00,0.00,0.00,'paid','2025-07-22',60.00,30.00,'Bouncer','Zlatan Ibrahimovic'),(1614,7,0.00,0.00,0.00,'paid','2025-07-29',126.99,23.00,'Waiter','Batin Doe'),(1615,18,0.00,1.00,23.00,'paid','2025-07-29',126.99,23.00,'Waiter','Busi Lusi'),(1616,14,0.00,1.00,23.00,'paid','2025-07-29',126.99,23.00,'Waiter','Cristiano Penaldo'),(1617,9,27.00,2.00,5522.10,'paid','2025-07-29',150.00,61.05,'Bartender','Darwin Nunez'),(1618,5,0.00,2.00,60.00,'paid','2025-07-29',21.50,30.00,'Bouncer','David Jones'),(1619,16,0.00,2.00,122.10,'paid','2025-07-29',150.00,61.05,'Bartender','Declan Rice'),(1620,4,18.00,3.00,506.25,'paid','2025-07-29',22.50,33.75,'Cleaner','Emily Brown'),(1621,6,0.00,2.00,122.10,'paid','2025-07-29',150.00,61.05,'Bartender','John Doe'),(1622,1,0.00,0.00,0.00,'paid','2025-07-29',100.00,150.00,'Leader','John Smith'),(1623,8,9.00,1.00,1861.05,'paid','2025-07-29',150.00,61.05,'Bartender','Lionel Pessi'),(1624,3,0.00,0.00,0.00,'paid','2025-07-29',126.99,23.00,'Waiter','Michael Williams'),(1625,2,18.00,0.00,454.50,'paid','2025-07-29',25.25,37.88,'Runners','Sarah Johnson'),(1626,17,0.00,0.00,0.00,'paid','2025-07-29',100.00,150.00,'Leader','Shayzaad Kallan'),(1627,13,0.00,1.00,43.13,'paid','2025-07-29',28.75,43.13,'Sparkler Girl','Yatin Fakir'),(1628,15,27.00,0.00,580.50,'paid','2025-07-29',60.00,30.00,'Bouncer','Zlatan Ibrahimovic'),(1629,2,80.00,5.00,2125.00,'paid','2025-01-07',25.25,37.88,'Runners','Sarah Johnson'),(1630,3,80.00,3.00,10283.97,'paid','2025-01-07',126.99,23.00,'Waiter','Michael Williams'),(1631,4,80.00,2.00,1867.50,'paid','2025-01-07',22.50,33.75,'Cleaner','Emily Brown'),(1632,5,80.00,0.00,1720.00,'paid','2025-01-07',21.50,30.00,'Bouncer','David Jones'),(1633,6,80.00,4.00,13624.20,'paid','2025-01-07',150.00,61.05,'Bartender','John Doe'),(1634,7,80.00,2.00,10185.46,'paid','2025-01-07',126.99,23.00,'Waiter','Batin Doe'),(1635,8,80.00,3.00,13643.15,'paid','2025-01-07',150.00,61.05,'Bartender','Lionel Pessi'),(1636,9,80.00,1.00,16061.05,'paid','2025-01-07',150.00,61.05,'Bartender','Darwin Nunez'),(1637,13,80.00,0.00,2300.00,'paid','2025-01-07',28.75,43.13,'Sparkler Girl','Yatin Fakir'),(1638,14,80.00,2.00,10185.46,'paid','2025-01-07',126.99,23.00,'Waiter','Cristiano Penaldo'),(1639,15,80.00,0.00,1720.00,'paid','2025-01-07',60.00,30.00,'Bouncer','Zlatan Ibrahimovic'),(1640,16,80.00,1.00,16061.05,'paid','2025-01-07',150.00,61.05,'Bartender','Declan Rice'),(1641,18,80.00,0.00,10159.20,'paid','2025-01-07',126.99,23.00,'Waiter','Busi Lusi'),(1642,2,80.00,3.00,2125.00,'paid','2025-02-04',25.25,37.88,'Runners','Sarah Johnson'),(1643,3,80.00,2.00,10283.97,'paid','2025-02-04',126.99,23.00,'Waiter','Michael Williams'),(1644,4,80.00,1.00,1867.50,'paid','2025-02-04',22.50,33.75,'Cleaner','Emily Brown'),(1645,5,80.00,0.00,1720.00,'paid','2025-02-04',21.50,30.00,'Bouncer','David Jones'),(1646,6,80.00,3.00,13624.20,'paid','2025-02-04',150.00,61.05,'Bartender','John Doe'),(1647,7,80.00,1.00,10185.46,'paid','2025-02-04',126.99,23.00,'Waiter','Batin Doe'),(1648,8,80.00,2.00,13643.15,'paid','2025-02-04',150.00,61.05,'Bartender','Lionel Pessi'),(1649,9,80.00,0.00,16000.00,'paid','2025-02-04',150.00,61.05,'Bartender','Darwin Nunez'),(1650,13,80.00,0.00,2300.00,'paid','2025-02-04',28.75,43.13,'Sparkler Girl','Yatin Fakir'),(1651,14,80.00,1.00,10185.46,'paid','2025-02-04',126.99,23.00,'Waiter','Cristiano Penaldo'),(1652,15,80.00,0.00,1720.00,'paid','2025-02-04',21.50,30.00,'Bouncer','Zlatan Ibrahimovic'),(1653,16,80.00,0.00,16000.00,'paid','2025-02-04',150.00,61.05,'Bartender','Declan Rice'),(1654,18,80.00,0.00,10159.20,'paid','2025-02-04',126.99,23.00,'Waiter','Busi Lusi'),(1985,7,9.00,0.00,1142.91,'paid','2025-08-12',126.99,23.00,'Waiter','Batin Doe'),(1986,18,0.00,0.00,0.00,'paid','2025-08-12',126.99,23.00,'Waiter','Busi Lusi'),(1987,14,9.00,0.00,1142.91,'paid','2025-08-12',126.99,23.00,'Waiter','Cristiano Penaldo'),(1988,9,9.00,0.00,1350.00,'paid','2025-08-12',150.00,61.05,'Bartender','Darwin Nunez'),(1989,5,9.00,0.00,193.50,'paid','2025-08-12',21.50,30.00,'Bouncer','David Jones'),(1990,16,27.00,0.00,4050.00,'paid','2025-08-12',150.00,61.05,'Bartender','Declan Rice'),(1991,4,0.00,0.00,0.00,'paid','2025-08-12',22.50,33.75,'Cleaner','Emily Brown'),(1992,6,0.00,0.00,0.00,'paid','2025-08-12',150.00,61.05,'Bartender','John Doe'),(1993,1,0.00,0.00,0.00,'paid','2025-08-12',100.00,150.00,'Leader','John Smith'),(1994,8,27.00,0.00,4050.00,'paid','2025-08-12',150.00,61.05,'Bartender','Lionel Pessi'),(1995,3,9.00,0.00,1142.91,'paid','2025-08-12',126.99,23.00,'Waiter','Michael Williams'),(1996,2,0.00,0.00,0.00,'paid','2025-08-12',25.25,37.88,'Runners','Sarah Johnson'),(1997,17,0.00,0.00,0.00,'paid','2025-08-12',100.00,150.00,'Leader','Shayzaad Kallan'),(1998,13,0.00,0.00,0.00,'paid','2025-08-12',28.75,43.13,'Sparkler Girl','Yatin Fakir'),(1999,15,0.00,0.00,0.00,'paid','2025-08-12',21.50,30.00,'Bouncer','Zlatan Ibrahimovic');
/*!40000 ALTER TABLE `t_payroll` ENABLE KEYS */;
UNLOCK TABLES;

--
-- Table structure for table `t_payroll_period`
--

DROP TABLE IF EXISTS `t_payroll_period`;
/*!40101 SET @saved_cs_client     = @@character_set_client */;
/*!50503 SET character_set_client = utf8mb4 */;
CREATE TABLE `t_payroll_period` (
  `period_id` int NOT NULL AUTO_INCREMENT,
  `start_date` datetime NOT NULL,
  `end_date` datetime NOT NULL,
  `_status` enum('open','closed','processed') NOT NULL DEFAULT 'open',
  PRIMARY KEY (`period_id`)
) ENGINE=InnoDB AUTO_INCREMENT=9 DEFAULT CHARSET=utf8mb4 COLLATE=utf8mb4_0900_ai_ci;
/*!40101 SET character_set_client = @saved_cs_client */;

--
-- Dumping data for table `t_payroll_period`
--

LOCK TABLES `t_payroll_period` WRITE;
/*!40000 ALTER TABLE `t_payroll_period` DISABLE KEYS */;
INSERT INTO `t_payroll_period` VALUES (5,'2023-11-01 00:00:00','2023-11-30 23:59:59','closed'),(6,'2023-12-01 00:00:00','2023-12-31 23:59:59','closed'),(7,'2024-01-01 00:00:00','2024-01-31 23:59:59','closed'),(8,'2024-02-01 00:00:00','2024-02-29 23:59:59','closed');
/*!40000 ALTER TABLE `t_payroll_period` ENABLE KEYS */;
UNLOCK TABLES;

--
-- Table structure for table `t_payslip`
--

DROP TABLE IF EXISTS `t_payslip`;
/*!40101 SET @saved_cs_client     = @@character_set_client */;
/*!50503 SET character_set_client = utf8mb4 */;
CREATE TABLE `t_payslip` (
  `payslip_id` int NOT NULL AUTO_INCREMENT,
  `employee_id` int NOT NULL,
  `period_id` int NOT NULL,
  `status` enum('complete','pending','incomplete') DEFAULT NULL,
  PRIMARY KEY (`payslip_id`),
  KEY `employee_id` (`employee_id`),
  KEY `period_id` (`period_id`),
  CONSTRAINT `t_payslip_ibfk_1` FOREIGN KEY (`employee_id`) REFERENCES `t_employee` (`employee_id`),
  CONSTRAINT `t_payslip_ibfk_2` FOREIGN KEY (`period_id`) REFERENCES `t_payroll_period` (`period_id`)
) ENGINE=InnoDB AUTO_INCREMENT=6 DEFAULT CHARSET=utf8mb4 COLLATE=utf8mb4_0900_ai_ci;
/*!40101 SET character_set_client = @saved_cs_client */;

--
-- Dumping data for table `t_payslip`
--

LOCK TABLES `t_payslip` WRITE;
/*!40000 ALTER TABLE `t_payslip` DISABLE KEYS */;
INSERT INTO `t_payslip` VALUES (1,2,5,'pending'),(2,3,5,'complete'),(3,4,6,'pending'),(4,2,6,'complete'),(5,5,7,'incomplete');
/*!40000 ALTER TABLE `t_payslip` ENABLE KEYS */;
UNLOCK TABLES;

--
-- Table structure for table `t_qr_code`
--

DROP TABLE IF EXISTS `t_qr_code`;
/*!40101 SET @saved_cs_client     = @@character_set_client */;
/*!50503 SET character_set_client = utf8mb4 */;
CREATE TABLE `t_qr_code` (
  `qr_id` int NOT NULL AUTO_INCREMENT,
  `code_value` varchar(255) NOT NULL,
  `generation_time` datetime NOT NULL DEFAULT CURRENT_TIMESTAMP,
  `expiration_time` datetime NOT NULL,
  `purpose` enum('overtime','normal','clock-in','attendance','attendanceNormal') NOT NULL,
  `ip_address` varchar(50) DEFAULT NULL,
  `status_` enum('active','used','expired') NOT NULL DEFAULT 'active',
  `generated_by` int DEFAULT NULL COMMENT 'Manager ID who generated this QR code',
  PRIMARY KEY (`qr_id`),
  UNIQUE KEY `code_value` (`code_value`),
  KEY `generated_by` (`generated_by`),
  CONSTRAINT `T_QR_Code_ibfk_1` FOREIGN KEY (`generated_by`) REFERENCES `t_employee` (`employee_id`)
) ENGINE=InnoDB AUTO_INCREMENT=867 DEFAULT CHARSET=utf8mb4 COLLATE=utf8mb4_0900_ai_ci;
/*!40101 SET character_set_client = @saved_cs_client */;

--
-- Dumping data for table `t_qr_code`
--

LOCK TABLES `t_qr_code` WRITE;
/*!40000 ALTER TABLE `t_qr_code` DISABLE KEYS */;
INSERT INTO `t_qr_code` VALUES (1,'1_ATT_202311','2023-11-01 08:00:00','2023-11-30 23:59:59','attendance','192.168.1.100','expired',1),(2,'2_CLOCK_202311','2023-11-01 08:00:00','2023-11-30 23:59:59','clock-in','192.168.1.101','expired',1),(3,'3_OVER_202311','2023-11-01 08:00:00','2023-11-30 23:59:59','overtime','192.168.1.102','used',1),(4,'4_CLOCK_101','2023-10-01 09:00:00','2023-10-31 23:59:59','clock-in','192.168.1.50','expired',1),(5,'ffb750cc-785e-44ea-92bb-a3f9b88b3fa4','2025-06-21 21:12:11','2025-06-21 22:12:12','overtime',NULL,'expired',1),(6,'227016ad-3dcf-467a-89ea-cad53b11c9e4','2025-06-21 21:44:55','2025-06-21 22:44:55','overtime',NULL,'expired',1),(7,'675d769f-0fe5-42fb-a028-442b95593623','2025-06-21 21:47:14','2025-06-21 22:47:15','overtime',NULL,'expired',NULL),(8,'f96b9c82-f30f-4877-a00c-f22da5147265','2025-06-21 21:47:25','2025-06-21 22:47:25','overtime',NULL,'expired',NULL),(9,'66397365-d3da-4705-91eb-3dcf5740c574','2025-06-21 21:47:39','2025-06-21 22:47:39','overtime',NULL,'expired',NULL),(10,'0b6e8a49-594a-443b-b608-bd188b2c8404','2025-06-21 22:07:16','2025-06-21 23:07:17','overtime',NULL,'used',NULL),(11,'b03d3cc3-c896-45a2-8a32-40b9c0f7a256','2025-06-21 22:08:48','2025-06-21 23:19:48','overtime',NULL,'used',NULL),(12,'2aae13fb-e0a9-440d-9222-c82d774374ae','2025-06-22 00:41:08','2025-06-22 00:42:08','overtime',NULL,'used',NULL),(13,'3d1fc2bb-498c-4f27-b5e0-c10bf2e9aadd','2025-06-22 14:41:26','2025-06-22 14:43:26','overtime',NULL,'used',NULL),(14,'d72169b0-ecd6-4fe7-9480-f204ce21848d','2025-06-22 21:42:14','2025-06-22 22:42:15','overtime',NULL,'used',NULL),(15,'e7b2314d-ac26-4683-8730-b1d18b19d47c','2025-06-22 21:42:39','2025-06-22 22:42:40','overtime',NULL,'used',NULL),(16,'00e356fe-8de6-4adb-8760-fcff091d0f98','2025-06-22 21:42:58','2025-06-22 22:42:59','overtime',NULL,'used',NULL),(17,'3f35c8ab-d62e-486c-83e1-26be1832720f','2025-06-22 21:43:22','2025-06-22 22:43:22','overtime',NULL,'used',NULL),(18,'2b06d6d6-4ced-4518-811a-8ef322bfc252','2025-06-22 23:22:49','2025-06-22 23:42:49','overtime',NULL,'used',NULL),(19,'30eb387f-af3f-4521-9cd1-bee68d1bef52','2025-06-22 23:24:19','2025-06-22 23:44:20','overtime',NULL,'used',NULL),(20,'c4c29708-1ca3-475d-83ec-1b7013baa625','2025-06-22 23:24:40','2025-06-22 23:44:40','overtime',NULL,'used',NULL),(21,'e54835c4-d19d-4f48-b652-52aa78e0ed3c','2025-06-22 23:27:56','2025-06-22 23:47:56','overtime',NULL,'used',NULL),(27,'9f5f97db-46ca-4cb4-890d-65cc0c44087d','2025-06-22 23:35:30','2025-06-22 23:55:31','overtime',NULL,'used',NULL),(28,'84cbee19-f4d0-495b-94de-df86bf2d130f','2025-06-22 23:37:32','2025-06-22 23:57:32','overtime',NULL,'used',NULL),(29,'0c846c4f-d117-4d89-9a86-e05c7ecbf9ac','2025-06-22 23:38:06','2025-06-22 23:58:06','overtime',NULL,'used',NULL),(30,'a8377e3d-a7f5-4c6a-bf16-2495b63fe17b','2025-06-22 23:39:43','2025-06-22 23:40:44','overtime',NULL,'used',NULL),(31,'5b36d099-274f-4c48-9b7d-550cfc69f508','2025-06-23 00:42:14','2025-06-23 00:43:14','overtime',NULL,'used',NULL),(34,'ATTENDANCE-PROOF-ed38ffee-8508-42d8-9117-8bc51f77d220','2025-06-23 00:54:34','2025-06-23 01:09:34','attendance',NULL,'expired',NULL),(35,'c8a9babc-265c-4284-8c30-f125296368a0','2025-06-23 01:03:00','2025-06-23 01:04:00','overtime',NULL,'used',NULL),(36,'ATTENDANCE-PROOF-d1642902-50fc-48f0-a0fb-cf5e57e144b2','2025-06-23 01:04:01','2025-06-23 01:05:01','attendance',NULL,'expired',NULL),(37,'6efcd49e-2984-4a84-9bdb-b488f7e809a1','2025-06-23 01:33:18','2025-06-23 01:34:19','overtime',NULL,'used',NULL),(38,'ATTENDANCE-PROOF-b332623a-82d7-4629-af17-eac38412be3f','2025-06-23 01:35:52','2025-06-23 01:36:52','attendance',NULL,'expired',NULL),(39,'4be3b37e-fbf1-48aa-b460-b241fa4ba26f','2025-06-23 02:09:05','2025-06-23 02:10:05','overtime',NULL,'expired',NULL),(40,'589666ac-ec06-4855-8672-f504aa418f00','2025-06-23 02:09:54','2025-06-23 02:10:55','overtime',NULL,'expired',NULL),(41,'ATTENDANCE-PROOF-0ed477aa-ffae-46c8-9315-23dc1342bf09','2025-06-23 02:12:42','2025-06-23 02:13:42','attendance',NULL,'expired',NULL),(42,'ATTENDANCE-PROOF-9a228cb3-1231-4d56-a492-ee96a01f455e','2025-06-23 02:12:42','2025-06-23 02:13:42','attendance',NULL,'expired',NULL),(43,'265b76dd-321c-4622-bbde-62b398b2f16f','2025-06-23 02:12:49','2025-06-23 02:13:50','overtime',NULL,'expired',NULL),(44,'ATTENDANCE-PROOF-b9332939-acef-4fce-865c-c80c35103672','2025-06-23 02:13:51','2025-06-23 02:14:51','attendance',NULL,'expired',NULL),(45,'6e7b5b27-07cc-4008-903a-0f161e45ddc6','2025-06-23 02:25:34','2025-06-23 02:26:34','overtime',NULL,'expired',NULL),(46,'ATTENDANCE-PROOF-ca6f6b9f-9827-4939-9096-4182f79249c9','2025-06-23 02:29:22','2025-06-23 02:30:22','attendance',NULL,'expired',NULL),(48,'9beb46ad-6353-4a03-85ad-f814bf073808','2025-06-23 13:13:55','2025-06-23 13:14:55','overtime',NULL,'expired',NULL),(49,'ATTENDANCE-PROOF-cd56c475-9472-4105-a55e-11f6700e749f','2025-06-23 13:14:56','2025-06-23 13:15:56','attendance',NULL,'expired',NULL),(50,'11fd1615-d370-4ddf-886d-fbf189dbce9e','2025-06-23 13:39:38','2025-06-23 13:46:39','overtime',NULL,'expired',NULL),(51,'ATTENDANCE-PROOF-556adf57-c244-4a46-812a-75a0b91753e7','2025-06-23 13:40:05','2025-06-23 13:41:06','attendance',NULL,'expired',NULL),(52,'02792a70-99c2-42f2-9cc5-60e70764da94','2025-06-23 13:40:19','2025-06-23 13:41:19','overtime',NULL,'expired',NULL),(53,'60ca87bd-d463-45dc-aa4b-709f56d9d8aa','2025-06-23 13:40:38','2025-06-23 13:44:39','overtime',NULL,'expired',NULL),(54,'ATTENDANCE-PROOF-2a80c646-b63e-4e00-9aa5-f29100dca5ab','2025-06-23 13:40:45','2025-06-23 13:41:46','attendance',NULL,'expired',NULL),(55,'ATTENDANCE-PROOF-318bcdcf-f4f8-46d7-b88e-3457df4c901a','2025-06-23 13:41:20','2025-06-23 13:42:20','attendance',NULL,'expired',NULL),(56,'43be4e09-84ce-4ec4-a360-b8d1d81dc57a','2025-06-23 14:39:54','2025-06-23 14:40:55','overtime',NULL,'expired',NULL),(57,'ATTENDANCE-PROOF-8ba325ac-4d08-4c0d-97f9-a2b74e9dfc0b','2025-06-23 14:41:56','2025-06-23 14:42:56','attendance',NULL,'expired',NULL),(58,'4d9a5265-71b0-4095-9af9-1acb9d815127','2025-06-23 14:43:54','2025-06-23 14:44:54','overtime',NULL,'expired',NULL),(59,'ATTENDANCE-PROOF-85ab9c23-ce76-4771-96ae-08d83626858d','2025-06-23 14:43:56','2025-06-23 14:44:56','attendance',NULL,'expired',NULL),(60,'051f22b5-b587-48fd-8998-5e06d3818a51','2025-06-23 14:44:26','2025-06-23 14:45:27','overtime',NULL,'expired',NULL),(61,'ATTENDANCE-PROOF-b6a959ec-f1e6-45dc-a842-f863c8017a5a','2025-06-23 14:44:40','2025-06-23 14:45:40','attendance',NULL,'expired',NULL),(62,'dbdcedcf-9944-4376-b336-ef97e52d6609','2025-06-23 17:55:11','2025-06-23 17:56:12','overtime',NULL,'expired',NULL),(63,'ATTENDANCE-PROOF-16aaa37a-137e-442a-ab34-ba3f565a7af3','2025-06-23 17:56:13','2025-06-23 17:57:13','attendance',NULL,'expired',NULL),(64,'2eaf56e0-9bc6-4e94-966b-032848e65d28','2025-06-23 17:57:05','2025-06-23 17:58:05','overtime',NULL,'expired',NULL),(65,'ATTENDANCE-PROOF-d81e5444-369b-4230-bb02-4928db7bc940','2025-06-23 17:58:06','2025-06-23 17:59:06','attendance',NULL,'expired',NULL),(66,'c734dcda-b07b-40aa-9377-199f342b47ca','2025-06-23 18:14:20','2025-06-23 18:15:21','overtime',NULL,'expired',NULL),(67,'ATTENDANCE-PROOF-91300fb8-508c-4f05-a95d-6b31615b7a84','2025-06-23 18:15:22','2025-06-23 18:16:22','attendance',NULL,'expired',NULL),(68,'860fd38b-2b2a-4051-81b1-945ca71e0e87','2025-06-23 18:21:50','2025-06-23 18:22:50','overtime',NULL,'expired',NULL),(69,'ATTENDANCE-PROOF-de6ff87f-207b-443f-ac55-0aa337c07ae6','2025-06-23 18:22:03','2025-06-23 18:23:04','attendance',NULL,'expired',NULL),(70,'67f60eb2-ae3f-45c5-b038-62cc5978b309','2025-06-23 18:23:01','2025-06-23 18:24:01','overtime',NULL,'expired',NULL),(71,'ATTENDANCE-PROOF-9c0194dd-aef2-40cb-b058-cf91f05a0b1e','2025-06-23 18:23:47','2025-06-23 18:24:47','attendance',NULL,'expired',NULL),(72,'2cc92491-e030-48e6-aad0-98dafb2aac87','2025-06-23 21:00:25','2025-06-23 21:01:25','overtime',NULL,'expired',NULL),(73,'ATTENDANCE-PROOF-2902a424-2b64-43e2-bc13-60c1e3de6354','2025-06-23 21:00:27','2025-06-23 21:01:28','attendance',NULL,'expired',NULL),(74,'53c7efc7-afe6-4be6-8ab9-ef63381a74f7','2025-06-23 21:08:39','2025-06-23 21:09:39','overtime',NULL,'expired',NULL),(91,'eb08cfdd-7599-4b92-9df9-140771c71bed','2025-06-23 21:09:20','2025-06-23 21:10:21','overtime',NULL,'expired',NULL),(93,'68c63292-9cb2-4ca6-a9ca-9121647763ff','2025-06-23 21:09:34','2025-06-23 21:10:34','overtime',NULL,'expired',NULL),(94,'ATTENDANCE-PROOF-bd59712d-147e-45bf-8915-ef1638d912ae','2025-06-23 21:09:36','2025-06-23 21:10:36','attendance',NULL,'expired',NULL),(95,'ATTENDANCE-PROOF-c94a96db-650f-4273-863c-6a0302b5137e','2025-06-23 21:09:40','2025-06-23 21:10:40','attendance',NULL,'expired',NULL),(96,'84f27ed1-cc3c-4fc8-9cfb-33569b0fcc34','2025-06-23 21:10:20','2025-06-23 21:11:21','overtime',NULL,'expired',NULL),(101,'ATTENDANCE-PROOF-ae6e4e40-0753-4c32-a798-a1b3f17a6558','2025-06-23 21:11:22','2025-06-23 21:12:22','attendance',NULL,'expired',NULL),(102,'7c5f19b8-0c23-4323-9a9f-b373efb5ea7c','2025-06-23 21:12:26','2025-06-23 21:13:26','overtime',NULL,'expired',NULL),(105,'752a32c4-c006-4e4d-9cce-76be5a10ddb5','2025-06-23 21:13:15','2025-06-23 21:14:16','overtime',NULL,'expired',NULL),(106,'ATTENDANCE-PROOF-2ca14cec-2afb-4d48-b00b-4d67ad7969a6','2025-06-23 21:13:27','2025-06-23 21:14:27','attendance',NULL,'expired',NULL),(107,'ATTENDANCE-PROOF-0ff0a840-77f4-4ecd-846f-d2cd786d1dbf','2025-06-23 21:13:32','2025-06-23 21:14:32','attendance',NULL,'expired',NULL),(108,'bfab31dc-8a98-4c98-98d3-28c82bf54182','2025-06-23 21:14:44','2025-06-23 21:15:44','overtime',NULL,'expired',NULL),(109,'ATTENDANCE-PROOF-a693883a-ea4c-4fae-92d6-ed0db2327fb3','2025-06-23 21:14:51','2025-06-23 21:15:51','attendance',NULL,'expired',NULL),(110,'ATTENDANCE-PROOF-946bd688-0291-4322-a60a-193098512ba6','2025-06-23 21:15:22','2025-06-23 21:16:22','attendance',NULL,'expired',NULL),(111,'789fa865-06c3-4198-a0b6-eee3bc23c383','2025-06-23 21:20:00','2025-06-23 21:21:00','overtime',NULL,'expired',NULL),(112,'ATTENDANCE-PROOF-82066715-cb07-4c47-bd59-22953ac16459','2025-06-23 21:20:19','2025-06-24 21:20:19','attendance',NULL,'expired',NULL),(113,'ccc529a4-dfe5-436a-a379-60d6201a48e9','2025-06-23 21:25:04','2025-06-23 21:26:04','overtime',NULL,'expired',NULL),(114,'ATTENDANCE-PROOF-99591727-a155-4df4-b92f-1b36a9d8e393','2025-06-23 21:25:13','2025-06-23 21:26:14','attendance',NULL,'expired',NULL),(115,'fb590953-1ff6-4db1-ab2c-76b9c3e3c7e6','2025-06-23 22:23:47','2025-06-23 22:24:47','overtime',NULL,'expired',NULL),(116,'ATTENDANCE-PROOF-9a0cf957-8de1-4f86-86e2-eed6a30a68d0','2025-06-23 22:24:48','2025-06-23 22:25:48','attendance',NULL,'expired',NULL),(117,'a8d1230c-bb86-4d55-88d3-2136f9705961','2025-06-23 22:47:29','2025-06-23 22:48:29','overtime',NULL,'expired',NULL),(118,'ATTENDANCE-PROOF-6cbd8385-0a44-47b7-8303-6772ace1dce7','2025-06-23 22:48:30','2025-06-23 22:49:30','attendance',NULL,'expired',NULL),(119,'dc19571e-8746-4d21-99d1-87f32492c5a6','2025-06-23 22:50:03','2025-06-23 22:51:03','overtime',NULL,'expired',NULL),(120,'ATTENDANCE-PROOF-12c5b36c-5f28-4c56-8220-df5436ff20c0','2025-06-23 22:50:08','2025-06-23 22:51:08','attendance',NULL,'expired',NULL),(121,'159fcd0a-50de-4174-94ef-7a9e70ca078a','2025-06-23 22:55:31','2025-06-23 22:56:31','overtime',NULL,'expired',NULL),(122,'ATTENDANCE-PROOF-f7ae36e3-d684-4fa3-b83d-6021331865eb','2025-06-23 22:55:37','2025-06-23 22:56:37','attendance',NULL,'expired',NULL),(123,'a367d8b2-f729-4443-8c64-b216cebe65dd','2025-06-23 23:01:20','2025-06-23 23:02:21','overtime',NULL,'expired',NULL),(124,'ATTENDANCE-PROOF-f65f589b-b399-4f55-bdcd-faca22796366','2025-06-23 23:01:22','2025-06-23 23:02:23','attendance',NULL,'expired',NULL),(125,'bcf1c25a-4f0e-4ab5-8aa3-20b87fd6d73b','2025-06-23 23:03:37','2025-06-23 23:04:37','overtime',NULL,'expired',NULL),(126,'ATTENDANCE-PROOF-f655ff74-9446-424d-aed2-92a705fe7477','2025-06-23 23:03:38','2025-06-23 23:04:39','attendance',NULL,'expired',NULL),(127,'e276b93d-6de2-4610-8ddb-f2e630394051','2025-06-23 23:08:43','2025-06-23 23:09:44','overtime',NULL,'expired',NULL),(128,'ATTENDANCE-PROOF-81341557-e536-4951-bb75-091504553fc1','2025-06-23 23:08:45','2025-06-23 23:09:46','attendance',NULL,'expired',NULL),(129,'fb949a62-3d62-4807-b8ae-255563604a8f','2025-06-23 23:10:01','2025-06-23 23:11:01','overtime',NULL,'expired',NULL),(130,'ATTENDANCE-PROOF-767147d3-b123-4f8e-9266-a28e8a6ce3d8','2025-06-23 23:10:05','2025-06-23 23:11:06','attendance',NULL,'expired',NULL),(131,'da9fa064-a2be-4993-9370-9a03dfbcc86e','2025-06-23 23:11:17','2025-06-23 23:12:18','overtime',NULL,'expired',NULL),(132,'65c90667-30ee-464b-846d-5d67ede5324f','2025-06-23 23:11:45','2025-06-23 23:12:45','overtime',NULL,'expired',NULL),(133,'ATTENDANCE-PROOF-cd473952-a9aa-43d3-b32c-b3cf2e5175fd','2025-06-23 23:12:00','2025-06-23 23:13:01','attendance',NULL,'expired',NULL),(134,'ATTENDANCE-PROOF-a6fb7b5d-7279-43bc-878f-b0d3f90c9407','2025-06-23 23:12:19','2025-06-23 23:13:19','attendance',NULL,'expired',NULL),(135,'cb15706c-5b68-4759-b5b6-5b0df17ae47d','2025-06-23 23:13:11','2025-06-23 23:15:11','overtime',NULL,'expired',NULL),(136,'ATTENDANCE-PROOF-7f8d8584-5e64-48b9-834b-dbd6b1dea8d8','2025-06-23 23:13:48','2025-06-23 23:14:48','attendance',NULL,'expired',NULL),(137,'12df9825-0965-4cd3-8cea-2b1626a8b2b9','2025-06-24 13:36:04','2025-06-24 13:37:04','overtime',NULL,'expired',NULL),(138,'ATTENDANCE-PROOF-aef5680e-8a2a-438b-a5c8-96240e380ee1','2025-06-24 13:36:17','2025-06-24 13:37:18','attendance',NULL,'expired',NULL),(139,'cbfa9db6-edcc-4d1b-9ca8-11f11c62f35f','2025-06-24 13:36:29','2025-06-24 13:37:30','overtime',NULL,'expired',NULL),(140,'ATTENDANCE-PROOF-40546824-1ae0-48c0-97a9-ddef2d3de56b','2025-06-24 13:37:31','2025-06-24 13:38:31','attendance',NULL,'expired',NULL),(141,'966fa7c0-9dce-45b2-8e00-a10b356d5b2a','2025-06-24 13:38:59','2025-06-24 13:40:00','overtime',NULL,'expired',NULL),(142,'ATTENDANCE-PROOF-86ee3e32-1b08-446e-bfc6-88112b644e70','2025-06-24 13:39:23','2025-06-24 13:40:24','attendance',NULL,'expired',NULL),(143,'db647a1a-fb85-44ae-ad77-ef6bb0ca1752','2025-06-24 20:51:23','2025-06-24 20:52:24','overtime',NULL,'expired',NULL),(144,'0993f36f-1c01-46ec-9e2d-fc736a8b9a32','2025-06-25 14:06:23','2025-06-25 14:10:23','overtime',NULL,'expired',NULL),(145,'ATTENDANCE-PROOF-9f8bc1fd-fa33-454a-a30f-a6dcf4b6687c','2025-06-25 14:06:33','2025-06-25 14:07:34','attendance',NULL,'expired',NULL),(146,'6cb27587-3109-43ae-ad64-3516204a8fb7','2025-06-25 14:08:39','2025-06-25 14:09:40','overtime',NULL,'expired',NULL),(147,'ATTENDANCE-PROOF-7308cafe-7c7e-4e91-9cb4-fe2109a67f80','2025-06-25 14:10:41','2025-06-25 14:11:41','attendance',NULL,'expired',NULL),(148,'fcf9f19e-662b-41a6-bc33-129047886c2f','2025-06-25 14:16:01','2025-06-25 14:21:01','overtime',NULL,'expired',NULL),(149,'ATTENDANCE-PROOF-6f63f82f-9928-4b0c-b109-bb123a186562','2025-06-25 14:16:36','2025-06-25 14:17:36','attendance',NULL,'expired',NULL),(150,'49078ab7-a458-437a-8b0f-4c60dfb770c4','2025-06-25 14:16:44','2025-06-25 14:17:45','overtime',NULL,'expired',NULL),(151,'0bdb18db-dc18-49cc-a43e-61d8e8d3fbf9','2025-06-25 14:17:24','2025-06-25 14:18:24','overtime',NULL,'expired',NULL),(152,'ATTENDANCE-PROOF-94d3f3d5-faf4-40c5-9287-793d1254c656','2025-06-25 14:18:46','2025-06-25 14:19:46','attendance',NULL,'expired',NULL),(153,'ATTENDANCE-PROOF-34189140-e6d4-472b-b966-31d1c98b64ff','2025-06-25 14:19:25','2025-06-25 14:20:25','attendance',NULL,'expired',NULL),(154,'5aff1721-710d-4f83-8b8d-b643f2273b88','2025-06-25 14:19:49','2025-06-25 14:20:49','overtime',NULL,'expired',NULL),(155,'ATTENDANCE-PROOF-1e6daa20-ee41-4114-a772-ffb31c4352a8','2025-06-25 14:21:50','2025-06-25 14:22:50','attendance',NULL,'expired',NULL),(156,'5b54cb79-379d-4836-8498-ab353688260a','2025-06-25 14:37:11','2025-06-25 14:38:11','overtime',NULL,'expired',NULL),(157,'857a3d03-4c65-4564-95c2-bd83c6fa1b0e','2025-06-25 14:37:26','2025-06-25 14:38:27','overtime',NULL,'expired',NULL),(158,'05a151fb-71b3-4d14-ad74-83d4ae49e51b','2025-06-25 14:38:05','2025-06-25 14:39:05','overtime',NULL,'expired',NULL),(159,'ATTENDANCE-PROOF-a1b73d2c-b789-499e-b2d2-ff7102419124','2025-06-25 14:38:12','2025-06-25 14:39:12','attendance',NULL,'expired',NULL),(160,'ATTENDANCE-PROOF-17f0e0a1-66e7-4038-a308-c52f729584fb','2025-06-25 14:39:28','2025-06-25 14:40:28','attendance',NULL,'expired',NULL),(161,'ATTENDANCE-PROOF-15298887-b85b-41d1-8b44-5eed2dcf54af','2025-06-25 14:43:06','2025-06-25 14:44:06','attendance',NULL,'expired',NULL),(162,'6890055d-b325-446a-bb7e-0fa0f8ab535e','2025-06-25 14:51:41','2025-06-25 14:52:42','overtime',NULL,'expired',NULL),(163,'ATTENDANCE-PROOF-97c702c6-ab81-4a57-b1ca-1a4efcc59a9a','2025-06-25 14:53:43','2025-06-25 14:54:43','attendance',NULL,'expired',NULL),(164,'6978d1d4-a5db-40fd-98f5-ceec7a681351','2025-06-25 15:07:48','2025-06-25 15:08:49','overtime',NULL,'expired',NULL),(165,'7fad81b9-b169-49b9-bf1a-fc9c3292c212','2025-06-25 15:20:06','2025-06-25 15:21:06','overtime',NULL,'expired',NULL),(166,'ATTENDANCE-PROOF-131b6189-0f6c-43b5-883c-1fc0027ba073','2025-06-25 15:22:07','2025-06-25 15:23:07','attendance',NULL,'expired',NULL),(167,'ac653571-6fbc-467b-a408-098551559fed','2025-06-25 15:28:44','2025-06-25 15:39:45','overtime',NULL,'expired',NULL),(168,'95c7d95c-b5b4-4ea6-bb95-0f87c0dd3274','2025-06-25 15:29:16','2025-06-25 15:34:17','overtime',NULL,'expired',NULL),(169,'3219a700-90d3-46ab-a296-af4725735ff5','2025-06-25 15:30:06','2025-06-25 15:36:06','overtime',NULL,'expired',NULL),(170,'8d1198db-cef1-469a-b24a-708b2ab5390f','2025-06-25 15:32:53','2025-06-25 15:36:53','overtime',NULL,'expired',NULL),(171,'ATTENDANCE-PROOF-f338aec0-b3d5-4be6-9a45-2e7fe85cdf61','2025-06-25 15:34:18','2025-06-25 15:35:18','attendance',NULL,'expired',NULL),(172,'1006c0fd-6071-4e98-9596-c57bf494ae72','2025-06-25 15:34:53','2025-06-25 15:35:53','overtime',NULL,'expired',NULL),(173,'ATTENDANCE-PROOF-2720007f-8d67-471a-b06a-c08971f10508','2025-06-25 15:36:07','2025-06-25 15:37:07','attendance',NULL,'expired',NULL),(174,'5d2777c8-1cf4-4e8a-a7e3-5a2a81b36e49','2025-06-25 15:36:22','2025-06-25 15:37:23','overtime',NULL,'expired',NULL),(175,'ATTENDANCE-PROOF-1abf7208-3bbc-4493-9bb3-4155172d843d','2025-06-25 16:30:56','2025-06-25 16:31:57','attendance',NULL,'expired',NULL),(176,'ATTENDANCE-PROOF-d9dcb9f4-ed39-424d-bc86-486630d87097','2025-06-25 16:30:56','2025-06-25 16:31:57','attendance',NULL,'expired',NULL),(177,'ATTENDANCE-PROOF-bb01219f-f655-47da-a6d1-e550b8b470ab','2025-06-25 16:30:56','2025-06-25 16:31:57','attendance',NULL,'expired',NULL),(178,'ATTENDANCE-PROOF-380761ba-f589-4db7-a31c-37abfc61d683','2025-06-25 16:30:56','2025-06-25 16:31:57','attendance',NULL,'expired',NULL),(179,'ATTENDANCE-PROOF-e474ae29-f6d2-4ddd-8be0-6aa9a5eb5d81','2025-06-25 16:30:56','2025-06-25 16:31:57','attendance',NULL,'expired',NULL),(180,'262e4988-fae1-481a-96c3-e0291306cf2b','2025-06-25 16:31:01','2025-06-25 16:32:01','overtime',NULL,'expired',NULL),(181,'ATTENDANCE-PROOF-217f87d7-68fd-4d48-a517-fa31991950f1','2025-06-25 16:33:02','2025-06-25 16:34:02','attendance',NULL,'expired',NULL),(182,'f9bbb2ee-d93e-4f2c-ae2b-6c1cdd42f560','2025-06-25 16:38:41','2025-06-25 16:39:42','overtime',NULL,'expired',NULL),(183,'ATTENDANCE-PROOF-696e3e64-4eed-44cc-ac2d-e1d8fb2a72a7','2025-06-25 16:40:43','2025-06-25 16:41:43','attendance',NULL,'expired',NULL),(184,'9d4a6a31-077c-4f58-b15e-a6eced897d61','2025-06-25 16:43:47','2025-06-25 16:44:47','overtime',NULL,'expired',NULL),(185,'ATTENDANCE-PROOF-6cf5fa0e-df9d-461f-95d4-a7974b657142','2025-06-25 16:44:01','2025-06-25 16:45:02','attendance',NULL,'expired',NULL),(187,'ATTENDANCE-PROOF-3060f9bc-5471-41e5-be68-88b6870e243f','2025-06-25 22:06:55','2025-06-25 22:07:55','attendance',NULL,'expired',NULL),(314,'NORMAL-SHIFT-7189b669-53f6-4087-9d0d-6f03497d93d5','2025-06-26 16:37:00','2025-06-26 16:38:00','clock-in',NULL,'expired',NULL),(315,'SHIFT-PROOF-130-ea61040c-12cf-4063-b59d-78e9dc9125b5','2025-06-26 16:42:00','2025-06-26 16:43:00','attendance',NULL,'expired',1),(316,'NORMAL-SHIFT-26159e12-c959-45f1-94fd-61799ddef20b','2025-06-26 17:46:00','2025-06-26 17:47:00','clock-in',NULL,'expired',NULL),(317,'NORMAL-SHIFT-bcb242f7-121e-4fc3-a9f2-be592a8ea4dd','2025-06-26 17:46:00','2025-06-26 17:47:00','clock-in',NULL,'expired',NULL),(318,'SHIFT-PROOF-131-41719383-9cbf-43de-b94a-b25e24372131','2025-06-26 17:50:00','2025-06-26 17:51:00','attendance',NULL,'expired',2),(319,'SHIFT-PROOF-132-036f5a83-d868-475b-81e1-47cbd8d7cc9b','2025-06-26 17:50:00','2025-06-26 17:51:00','attendance',NULL,'expired',2),(320,'NORMAL-SHIFT-968421b9-719c-4b3d-a192-acf1ca26c9d0','2025-06-26 18:14:00','2025-06-26 18:15:00','clock-in',NULL,'expired',NULL),(321,'SHIFT-PROOF-131-f850f079-d10e-4031-97f5-3227788ae849','2025-06-26 18:18:00','2025-06-26 18:19:00','attendance',NULL,'expired',2),(322,'SHIFT-PROOF-132-69d8da58-0fce-45a9-9dac-62b550c21df7','2025-06-26 18:18:00','2025-06-26 18:19:00','attendance',NULL,'expired',2),(323,'NORMAL-SHIFT-576c5454-e1c7-4f8c-a9be-3994b556610a','2025-06-26 18:29:00','2025-06-26 18:30:00','clock-in',NULL,'expired',NULL),(324,'SHIFT-PROOF-131-55cc3d75-76bd-4ac4-8268-99570669749d','2025-06-26 18:31:00','2025-06-26 18:32:00','attendance',NULL,'expired',2),(325,'SHIFT-PROOF-132-77222ca8-181c-4d89-a615-c449401f3336','2025-06-26 18:31:00','2025-06-26 18:32:00','attendance',NULL,'expired',2),(326,'NORMAL-SHIFT-1b640602-43cc-4d25-9950-17d7f4b498bb','2025-06-26 18:42:00','2025-06-26 18:43:00','clock-in',NULL,'expired',NULL),(327,'SHIFT-PROOF-131-7de54b35-3a8f-4dac-9bfd-905d2b79ac11','2025-06-26 18:44:00','2025-06-26 18:45:00','attendance',NULL,'expired',2),(328,'SHIFT-PROOF-132-b04e8e32-8e85-4a15-b1cd-7a4718d40125','2025-06-26 18:44:00','2025-06-26 18:45:00','attendance',NULL,'expired',2),(329,'NORMAL-SHIFT-d5f52527-d5a9-4afd-b13c-6e66c54f3192','2025-06-26 18:52:00','2025-06-26 18:53:00','clock-in',NULL,'expired',NULL),(330,'SHIFT-PROOF-131-1ca9e975-b0e9-41ca-9279-1f09e1bdaeb0','2025-06-26 18:53:00','2025-06-26 18:54:00','attendance',NULL,'expired',2),(331,'SHIFT-PROOF-132-931e499f-822e-44b9-ab65-e6963d7b2d1f','2025-06-26 18:53:00','2025-06-26 18:54:00','attendance',NULL,'expired',2),(332,'NORMAL-SHIFT-e5dcb5d2-c5cb-4fc0-a195-5df8b178dc89','2025-06-26 18:58:00','2025-06-26 18:59:00','clock-in',NULL,'expired',NULL),(333,'SHIFT-PROOF-131-28ed9f94-072a-4720-8e1a-b4e2a4afa96f','2025-06-26 18:59:00','2025-06-26 19:00:00','attendance',NULL,'expired',2),(334,'SHIFT-PROOF-132-18b100ad-1543-45b9-8f06-b31352263e2c','2025-06-26 18:59:00','2025-06-26 19:00:00','attendance',NULL,'expired',2),(335,'NORMAL-SHIFT-2c5a5cdc-9702-4f11-9ccb-1a7a34708299','2025-06-26 19:05:00','2025-06-26 19:06:00','clock-in',NULL,'expired',NULL),(336,'SHIFT-PROOF-131-2c17573b-9be3-4945-b84d-c3fe880f1506','2025-06-26 19:06:00','2025-06-26 19:07:00','attendance',NULL,'expired',2),(337,'SHIFT-PROOF-132-995b005c-22f1-4060-ac2c-b7b5eac60547','2025-06-26 19:06:00','2025-06-26 19:07:00','attendance',NULL,'expired',2),(338,'NORMAL-SHIFT-77915131-7008-49b1-abe0-e1e46e14da17','2025-06-26 19:12:00','2025-06-26 19:13:00','clock-in',NULL,'expired',NULL),(339,'SHIFT-PROOF-131-d5af42c8-73d0-4fbb-8d9f-ad2e0c3ba558','2025-06-26 19:13:00','2025-06-26 19:14:00','attendance',NULL,'expired',13),(340,'SHIFT-PROOF-132-d99e60ac-d5e9-4f2d-8019-843e30c900a1','2025-06-26 19:13:00','2025-06-26 19:14:00','attendance',NULL,'expired',2),(341,'NORMAL-SHIFT-6874e5c6-56c6-46a6-b0e2-72be38c50b17','2025-06-26 19:20:00','2025-06-26 19:21:00','clock-in',NULL,'expired',NULL),(342,'SHIFT-PROOF-131-618cccd4-cab3-43a9-8b6f-6d48fd12b1dd','2025-06-26 19:21:00','2025-06-26 19:22:00','attendance',NULL,'expired',13),(343,'SHIFT-PROOF-132-198bc1a7-91ea-4d3a-a2b9-5774d559a52c','2025-06-26 19:21:00','2025-06-26 19:22:00','attendance',NULL,'expired',2),(344,'NORMAL-SHIFT-79f88615-7e45-43b9-9279-a72e469de666','2025-06-26 19:31:00','2025-06-26 19:32:00','clock-in',NULL,'expired',NULL),(345,'SHIFT-PROOF-131-93dccb99-dc06-4d0a-8f7e-a663abef999b','2025-06-26 19:32:00','2025-06-26 19:33:00','attendance',NULL,'expired',13),(346,'SHIFT-PROOF-132-ebfdfed8-4b8e-4ce8-aee7-6b9c33d8c4ea','2025-06-26 19:32:00','2025-06-26 19:33:00','attendance',NULL,'expired',2),(347,'NORMAL-SHIFT-b597d7c0-bd4d-4cda-b4fc-3e4f20714942','2025-06-26 21:36:00','2025-06-26 21:37:00','clock-in',NULL,'expired',NULL),(348,'DAILY-PROOF-2025-06-26-083d264a-5200-46b6-b9b4-bf880e5adc70','2025-06-26 21:37:00','2025-06-26 21:38:00','attendance',NULL,'expired',NULL),(349,'NORMAL-SHIFT-7e9e7e79-bba0-4ee3-959f-89a215544bed','2025-06-26 21:44:00','2025-06-26 21:45:00','clock-in',NULL,'expired',NULL),(350,'SHIFT-PROOF-2025-06-26-8b9f3308-cb81-4f3b-9bed-0e914d418d6f','2025-06-26 21:45:00','2025-06-26 21:46:00','attendance',NULL,'expired',NULL),(351,'NORMAL-SHIFT-c7e14bc7-96f3-4e8b-b830-334e06d124a8','2025-06-27 01:14:00','2025-06-27 01:15:00','clock-in',NULL,'expired',NULL),(352,'SHIFT-PROOF-2025/06/27-da7f7855-8a89-4c2b-8d9c-31370f4e4c56','2025-06-27 01:20:00','2025-06-27 01:21:00','attendance',NULL,'expired',NULL),(353,'NORMAL-SHIFT-53da5153-917e-4883-863e-32540c723d12','2025-06-27 01:26:00','2025-06-27 01:27:00','clock-in',NULL,'expired',NULL),(354,'SHIFT-PROOF-2025/06/27-16f841e9-0831-47b1-a781-5b44259b3622','2025-06-27 01:27:00','2025-06-27 01:28:00','attendance',NULL,'expired',NULL),(355,'NORMAL-SHIFT-8c6c4979-6113-4ab1-a76a-4138851daf5b','2025-06-27 01:31:00','2025-06-27 01:32:00','clock-in',NULL,'expired',NULL),(356,'SHIFT-PROOF-2025/06/27-fbf4ace8-2d7c-4566-8c84-b8b3416e69bc','2025-06-27 01:32:00','2025-06-27 01:44:00','attendance',NULL,'expired',NULL),(357,'NORMAL-SHIFT-0c1279c1-eabc-4d3e-8644-440fffcde777','2025-06-27 15:49:00','2025-06-27 15:50:00','clock-in',NULL,'expired',NULL),(358,'SHIFT-PROOF-2025/06/27-c5d95933-4c39-45c0-87b7-6c3767cbf783','2025-06-27 15:50:00','2025-06-27 15:51:00','attendance',NULL,'expired',NULL),(359,'SHIFT-PROOF-2025/06/27-5dd90250-1add-42f8-9886-c4742df346b8','2025-06-27 15:55:00','2025-06-27 15:56:00','attendance',NULL,'expired',NULL),(360,'NORMAL-SHIFT-fd9cc64f-0167-4e2e-a524-e9a99228c079','2025-06-27 16:03:00','2025-06-27 16:04:00','clock-in',NULL,'expired',NULL),(361,'SHIFT-PROOF-2025/06/27-9de866fe-111f-4f63-923e-bfd9df9ca9ef','2025-06-27 16:04:00','2025-06-27 16:05:00','attendance',NULL,'expired',NULL),(362,'NORMAL-SHIFT-63a5a033-558c-4ac8-beed-cc30f980ea13','2025-06-27 16:08:00','2025-06-27 16:09:00','clock-in',NULL,'expired',NULL),(363,'SHIFT-PROOF-2025/06/27-62d5112d-7d17-4d04-9551-38621ec82fc6','2025-06-27 16:09:00','2025-06-27 16:10:00','attendance',NULL,'expired',NULL),(364,'NORMAL-SHIFT-6f45652e-b090-4929-96cd-08772cbef8eb','2025-06-27 16:13:00','2025-06-27 16:14:00','clock-in',NULL,'expired',NULL),(365,'SHIFT-PROOF-2025/06/27-9bac24be-963c-4810-8706-339465a724dc','2025-06-27 16:14:00','2025-06-27 16:15:00','attendance',NULL,'expired',NULL),(366,'d2af9d6b-aad5-4d68-ac5e-9529d9363284','2025-06-27 18:21:34','2025-06-27 18:23:34','overtime',NULL,'expired',NULL),(367,'ATTENDANCE-PROOF-7b6c2c8b-9ed2-4a64-964a-1c6c89e6a896','2025-06-27 18:25:38','2025-06-27 18:26:38','attendance',NULL,'expired',NULL),(368,'1e1151e6-b750-486a-afe6-11344a0c42c1','2025-06-27 18:27:06','2025-06-27 18:29:06','overtime',NULL,'expired',NULL),(369,'ATTENDANCE-PROOF-b85cddbc-d576-4c57-a78d-1d48c6c69ad1','2025-06-27 18:27:52','2025-06-27 18:28:52','attendance',NULL,'expired',NULL),(370,'NORMAL-SHIFT-a578494e-7744-47f3-acf8-80bf12835680','2025-06-27 18:36:00','2025-06-27 18:37:00','clock-in',NULL,'expired',NULL),(371,'SHIFT-PROOF-2025/06/27-03e4648b-0161-4eb1-b285-35e9380d6ed1','2025-06-27 18:37:00','2025-06-27 18:38:00','attendance',NULL,'expired',NULL),(372,'NORMAL-SHIFT-58a58253-8ce7-46d9-8f22-3094e9cf0fe4','2025-06-27 22:02:00','2025-06-27 22:03:00','clock-in',NULL,'expired',NULL),(373,'SHIFT-PROOF-2025/06/27-e8f11b11-fbd5-4d63-8dbc-a1b0a601fa58','2025-06-27 22:03:00','2025-06-27 22:04:00','attendanceNormal',NULL,'expired',NULL),(374,'eebc5eef-277e-4c80-96c6-86ce6ea5cb7d','2025-07-02 19:20:45','2025-07-02 19:21:45','overtime',NULL,'expired',NULL),(375,'ATTENDANCE-PROOF-ea9c8ec7-e357-48a2-870f-527c60ed8922','2025-07-02 19:20:55','2025-07-02 19:21:56','attendance',NULL,'expired',NULL),(376,'5b2feccf-d79d-473a-b5a1-0383c6550f7f','2025-07-02 20:01:45','2025-07-02 20:02:45','overtime',NULL,'expired',NULL),(377,'ATTENDANCE-PROOF-4cff0f7c-201f-40da-8476-05f4f7ca13ee','2025-07-02 20:02:46','2025-07-02 20:03:46','attendance',NULL,'expired',NULL),(378,'2bfe8bfa-2c6a-481b-8399-99807846715d','2025-07-02 20:04:42','2025-07-02 20:05:42','overtime',NULL,'expired',NULL),(379,'ATTENDANCE-PROOF-0d552d1e-82fd-4c4c-a928-12712f0747f8','2025-07-02 20:04:58','2025-07-02 20:05:59','attendance',NULL,'expired',NULL),(380,'09d8c6f0-5238-4820-8d1d-cf380c861a6d','2025-07-02 20:12:54','2025-07-02 20:13:54','overtime',NULL,'expired',NULL),(381,'ATTENDANCE-PROOF-5d74b7b2-91d3-4808-a8d8-9fb90f6d4d48','2025-07-02 20:13:54','2025-07-02 20:14:55','attendance',NULL,'expired',NULL),(382,'41867ccd-e973-47d1-87b5-f1458616a714','2025-07-02 20:23:13','2025-07-02 20:24:13','overtime',NULL,'expired',NULL),(383,'ATTENDANCE-PROOF-0f28b686-ee38-471c-aed1-adf1afc5e050','2025-07-02 20:23:16','2025-07-02 20:24:16','attendance',NULL,'expired',NULL),(384,'NORMAL-SHIFT-d12315ff-2ed2-47d8-8053-448225fd9936','2025-07-02 20:33:00','2025-07-02 20:48:00','clock-in',NULL,'expired',NULL),(385,'NORMAL-SHIFT-92f0a315-757e-43f3-9c77-1d89a6ba4250','2025-07-02 20:34:00','2025-07-02 20:35:00','clock-in',NULL,'expired',NULL),(386,'SHIFT-PROOF-2025/07/02-bd92c3e4-2f17-4adc-a0c4-41723c7e199b','2025-07-02 20:35:00','2025-07-02 20:36:00','attendanceNormal',NULL,'expired',NULL),(387,'68842446-ee1b-44a1-933d-1b4655af4c1c','2025-07-03 20:40:47','2025-07-03 21:40:47','overtime',NULL,'expired',NULL),(388,'ATTENDANCE-PROOF-76127b38-2a48-4db5-9429-da8ccac4e122','2025-07-03 21:40:48','2025-07-03 22:40:48','attendance',NULL,'expired',NULL),(389,'64217e78-c1a9-470d-b1e6-3a0272e31c0d','2025-07-04 14:28:56','2025-07-04 14:33:56','overtime',NULL,'expired',NULL),(390,'ATTENDANCE-PROOF-33db44cc-df98-4dc5-a815-3245da470054','2025-07-04 14:29:21','2025-07-04 14:34:22','attendance',NULL,'expired',NULL),(391,'451f06c0-f6e2-40f7-8a5f-5ccbfb9b2ada','2025-07-04 14:59:13','2025-07-04 15:04:13','overtime',NULL,'expired',NULL),(392,'ATTENDANCE-PROOF-f4aaf884-11ef-4ac6-bf35-a863ab76f579','2025-07-04 14:59:22','2025-07-04 15:04:22','attendance',NULL,'expired',NULL),(393,'bb147f02-b2ef-4b27-9840-9719c95653a7','2025-07-04 15:05:39','2025-07-04 15:10:39','overtime',NULL,'expired',NULL),(394,'ATTENDANCE-PROOF-68c2a56d-0e00-4f3f-a5b6-efb31ee89f2a','2025-07-04 15:05:42','2025-07-04 15:10:42','attendance',NULL,'expired',NULL),(395,'0fac8754-113e-4899-9998-6f985b266952','2025-07-04 15:06:22','2025-07-04 15:11:22','overtime',NULL,'expired',NULL),(396,'ATTENDANCE-PROOF-aef8b584-ed79-4593-b6d1-5400c75f6cc1','2025-07-04 15:06:24','2025-07-04 15:11:24','attendance',NULL,'expired',NULL),(397,'2c6a89bf-3f58-452f-92a6-5493cf94f2f1','2025-07-04 15:19:46','2025-07-04 15:24:47','overtime',NULL,'expired',NULL),(398,'ATTENDANCE-PROOF-a7920ef1-e4b3-4f0d-84ed-213e74553f98','2025-07-04 15:19:53','2025-07-04 15:24:54','attendance',NULL,'expired',NULL),(399,'NORMAL-SHIFT-b0121f7e-dcb6-40a8-b248-084d17e78b21','2025-07-04 15:29:00','2025-07-04 15:30:00','clock-in',NULL,'expired',NULL),(400,'SHIFT-PROOF-2025/07/04-71d526ed-9d35-4bb6-b61e-cba9f786ccf3','2025-07-04 15:30:00','2025-07-04 15:31:00','attendanceNormal',NULL,'expired',NULL),(401,'a5882583-d304-40d6-8214-710475413284','2025-07-04 15:30:22','2025-07-04 15:35:22','overtime',NULL,'expired',NULL),(402,'ATTENDANCE-PROOF-28292a61-0fe4-4fbc-97dc-92965116b8bc','2025-07-04 15:30:31','2025-07-04 15:35:31','attendance',NULL,'expired',NULL),(403,'NORMAL-SHIFT-7c860abd-7a09-45c2-a8d6-db1cfe7aa38e','2025-07-04 15:33:30','2025-07-04 15:34:30','clock-in',NULL,'expired',NULL),(404,'SHIFT-PROOF-2025/07/04-93a0dfc5-48e1-4d5f-9193-5c3f86b3a543','2025-07-04 15:34:00','2025-07-04 15:35:00','attendanceNormal',NULL,'expired',NULL),(405,'NORMAL-SHIFT-628e3aac-a81d-4e2d-9f69-26778c90884a','2025-07-04 15:39:00','2025-07-04 15:40:00','clock-in',NULL,'expired',NULL),(406,'SHIFT-PROOF-2025/07/04-0df65ac6-e896-442b-80fa-98a380b8e97a','2025-07-04 15:41:00','2025-07-04 15:42:00','attendanceNormal',NULL,'expired',NULL),(407,'NORMAL-SHIFT-113d871e-969e-4b87-a093-00a59371e76e','2025-07-04 15:43:00','2025-07-04 15:44:00','clock-in',NULL,'expired',NULL),(408,'SHIFT-PROOF-2025/07/04-757ca470-8458-4e47-8183-584ea3ec42cc','2025-07-04 15:44:00','2025-07-04 15:45:00','attendanceNormal',NULL,'expired',NULL),(409,'NORMAL-SHIFT-746b5790-1c87-4bf1-9e70-4c776c9e9029','2025-07-04 15:46:30','2025-07-04 15:47:30','clock-in',NULL,'expired',NULL),(410,'SHIFT-PROOF-2025/07/04-fe58270b-c59f-482d-aedc-12ff80ea1936','2025-07-04 15:47:00','2025-07-04 15:48:00','attendanceNormal',NULL,'expired',NULL),(411,'NORMAL-SHIFT-c81da576-1044-49f3-8a25-744f8b6153ad','2025-07-04 15:50:00','2025-07-04 15:51:00','clock-in',NULL,'expired',NULL),(412,'SHIFT-PROOF-2025/07/04-cf74e7ff-ddd8-495a-b452-fe08d08289d9','2025-07-04 15:51:00','2025-07-04 15:52:00','attendanceNormal',NULL,'expired',NULL),(413,'NORMAL-SHIFT-832b5ba2-2551-4d3e-96cf-1503c5222c23','2025-07-04 15:53:00','2025-07-04 15:54:00','clock-in',NULL,'expired',NULL),(414,'SHIFT-PROOF-2025/07/04-c6aa8fd6-a6d4-4295-9fe2-32b713954a19','2025-07-04 15:54:00','2025-07-04 15:55:00','attendanceNormal',NULL,'expired',NULL),(415,'bf4c974f-c39b-4607-b7a1-089c73a80ff9','2025-07-04 15:54:40','2025-07-04 15:59:41','overtime',NULL,'expired',NULL),(416,'ATTENDANCE-PROOF-83fb6bac-f323-4b88-a3da-ac7ea95c8bc1','2025-07-04 15:54:50','2025-07-04 15:59:50','attendance',NULL,'expired',NULL),(417,'NORMAL-SHIFT-ba6fb039-6e07-4a86-8d7f-c9c27615fcde','2025-07-04 15:56:40','2025-07-04 15:57:40','clock-in',NULL,'expired',NULL),(418,'SHIFT-PROOF-2025/07/04-136b718e-474a-48a5-bfa0-8dbbc11bfc8d','2025-07-04 15:57:40','2025-07-04 15:58:40','attendanceNormal',NULL,'expired',NULL),(419,'352ab441-c475-4a42-a517-e476a02bb207','2025-07-04 15:58:50','2025-07-04 16:03:50','overtime',NULL,'expired',NULL),(420,'f3c2c979-9e90-41c2-b794-99fae7065654','2025-07-04 16:00:32','2025-07-04 16:05:33','overtime',NULL,'expired',NULL),(421,'ATTENDANCE-PROOF-359cb17b-242b-48c4-9982-9d06c9c26deb','2025-07-04 16:02:34','2025-07-04 16:07:34','attendance',NULL,'expired',NULL),(422,'81a3d450-0528-4266-9b9e-3560b3d3d414','2025-07-04 16:07:55','2025-07-04 16:12:55','overtime',NULL,'expired',NULL),(423,'ATTENDANCE-PROOF-1e040ae3-bbe0-4fcd-bff6-6e3377b59997','2025-07-04 16:08:11','2025-07-04 16:13:12','attendance',NULL,'expired',NULL),(424,'ATTENDANCE-PROOF-ffcbe9b6-dfef-4fcd-9bbc-aca96e8bb643','2025-07-04 16:08:51','2025-07-04 16:09:51','attendance',NULL,'expired',NULL),(425,'19757d1b-616a-4549-92f6-81a1c2516b69','2025-07-04 16:08:53','2025-07-04 16:09:54','overtime',NULL,'expired',NULL),(426,'44b92dd2-9609-4de7-a0df-fc238cd7ec34','2025-07-04 16:09:13','2025-07-04 16:10:14','overtime',NULL,'expired',NULL),(427,'056f5dfd-6bc2-40ef-99df-7da4f4a6ae60','2025-07-04 16:10:22','2025-07-04 16:11:22','overtime',NULL,'expired',NULL),(428,'bc4fad58-78e2-4bd5-84ae-d8b61c028487','2025-07-04 16:11:39','2025-07-04 16:12:39','overtime',NULL,'expired',NULL),(429,'ATTENDANCE-PROOF-4ee4536c-89c3-472f-b9d5-7e041ccda838','2025-07-04 16:11:46','2025-07-04 16:12:47','attendance',NULL,'expired',NULL),(430,'2400dcd8-9078-43d6-aec4-3fdfb1bf4248','2025-07-04 16:12:09','2025-07-04 16:13:10','overtime',NULL,'expired',NULL),(431,'ATTENDANCE-PROOF-7dbd5f9a-c8cb-4330-a7a9-e503012b1a5b','2025-07-04 16:12:15','2025-07-04 16:13:16','attendance',NULL,'expired',NULL),(432,'9a42dfd5-2271-4c5e-8f47-1ff3019038c2','2025-07-04 16:13:25','2025-07-04 16:16:26','overtime',NULL,'expired',NULL),(433,'02c1f9c6-2d7e-4907-886a-22657b79fb8c','2025-07-04 16:14:08','2025-07-04 17:15:08','overtime',NULL,'expired',NULL),(434,'ATTENDANCE-PROOF-e8741814-15c3-48d8-8985-10c29b683d11','2025-07-04 16:16:27','2025-07-04 16:17:27','attendance',NULL,'expired',NULL),(435,'2d597f93-622d-4063-84b4-c42f704d6119','2025-07-04 16:17:28','2025-07-04 16:18:28','overtime',NULL,'expired',NULL),(436,'ATTENDANCE-PROOF-fb9af3d0-2259-41b0-8867-03444ebad09e','2025-07-04 16:17:34','2025-07-04 16:18:34','attendance',NULL,'expired',NULL),(437,'bd25232c-8cbc-4b78-b941-1c2ccb292ed6','2025-07-04 16:17:43','2025-07-04 16:18:43','overtime',NULL,'expired',NULL),(438,'ATTENDANCE-PROOF-75cbd617-218e-4eee-b63a-a4ea61e13bb3','2025-07-04 16:17:45','2025-07-04 16:18:46','attendance',NULL,'expired',NULL),(439,'9c75efa4-c718-4061-8364-abd13a62f3a5','2025-07-04 16:25:14','2025-07-04 16:26:14','overtime',NULL,'expired',NULL),(440,'1e77c389-d6c1-4ccf-a446-89d9ee5107f9','2025-07-04 16:28:10','2025-07-04 16:29:10','overtime',NULL,'expired',NULL),(441,'ATTENDANCE-PROOF-8bcd7801-28fe-476e-9e68-43a147ee3e7c','2025-07-04 16:28:14','2025-07-04 16:29:14','attendance',NULL,'expired',NULL),(442,'7ffda07e-7f42-4741-b791-d24eb39cccd7','2025-07-04 16:29:40','2025-07-04 16:30:41','overtime',NULL,'expired',NULL),(443,'ATTENDANCE-PROOF-2105377a-f2ad-4030-b634-c89c3a7d220d','2025-07-04 16:33:12','2025-07-04 16:34:12','attendance',NULL,'expired',NULL),(444,'ATTENDANCE-PROOF-a9119f80-58a8-4f19-ae46-10e2f7610f13','2025-07-04 16:38:55','2025-07-04 16:39:55','attendance',NULL,'expired',NULL),(445,'ac8aa024-1cef-48a4-8ba1-b1865a16267f','2025-07-04 16:42:30','2025-07-04 16:43:31','overtime',NULL,'expired',NULL),(446,'ATTENDANCE-PROOF-032d580b-d38d-4a64-8d62-88c5ee5d27ce','2025-07-04 16:42:36','2025-07-04 16:43:36','attendance',NULL,'expired',NULL),(447,'41887d29-3455-4286-8842-ff300b1f9411','2025-07-04 16:44:01','2025-07-04 17:15:01','overtime',NULL,'expired',NULL),(448,'ATTENDANCE-PROOF-d0a6f94f-730b-434d-8ced-784ab8fa769f','2025-07-04 16:44:25','2025-07-04 16:45:25','attendance',NULL,'expired',NULL),(449,'ATTENDANCE-PROOF-8311a7a8-183f-497b-acc0-f2faf9e70c65','2025-07-04 16:50:15','2025-07-04 16:51:15','attendance',NULL,'expired',NULL),(450,'ATTENDANCE-PROOF-a1776ec9-6566-4946-b5e9-a7383b592122','2025-07-04 16:50:23','2025-07-04 16:51:23','attendance',NULL,'expired',NULL),(451,'ATTENDANCE-PROOF-9e1efb40-3272-425c-ac20-c379a11efdf0','2025-07-04 17:09:15','2025-07-04 17:10:15','attendance',NULL,'expired',NULL),(452,'ATTENDANCE-PROOF-378389be-915c-4d1b-8782-64358103b81d','2025-07-04 17:15:09','2025-07-04 17:16:09','attendance',NULL,'expired',NULL),(453,'SHIFT-PROOF-2025/07/04-937acd97-433d-4c0d-97f8-b95366322d84','2025-07-04 17:57:00','2025-07-04 17:58:00','attendanceNormal',NULL,'expired',NULL),(454,'NORMAL-SHIFT-ad498d8d-0f6c-4502-b939-cae00b338e0d','2025-07-04 17:58:00','2025-07-04 17:59:00','clock-in',NULL,'expired',NULL),(455,'SHIFT-PROOF-2025/07/04-e985644f-aa91-4f74-a29b-3c0e36592016','2025-07-04 18:00:00','2025-07-04 18:01:00','attendanceNormal',NULL,'expired',NULL),(456,'a516fe94-3556-435e-b020-348f1b127439','2025-07-07 18:01:41','2025-07-07 18:02:42','overtime',NULL,'expired',NULL),(457,'ATTENDANCE-PROOF-aa779827-5af1-4947-9d4b-81b18b129733','2025-07-07 18:03:10','2025-07-07 18:04:11','attendance',NULL,'expired',NULL),(458,'f25246ee-2e7a-4561-836a-c4f1dfec5e62','2025-07-07 21:03:02','2025-07-07 21:13:02','overtime',NULL,'expired',NULL),(459,'OVERTIME-ATTENDANCE-691b0695-0e9e-47c6-a090-abae42e456d1','2025-07-07 21:14:23','2025-07-07 21:24:23','attendance',NULL,'expired',NULL),(460,'67832d0b-86e6-4388-8001-c7f3f35f8b48','2025-07-07 21:14:31','2025-07-07 21:24:31','overtime',NULL,'expired',NULL),(461,'OVERTIME-ATTENDANCE-c2feadea-5abd-4903-81bd-a20d789b68fc','2025-07-07 21:19:17','2025-07-07 21:29:17','attendance',NULL,'expired',NULL),(462,'cb05d3f6-2b34-43b2-af86-ec45cf6969f6','2025-07-07 21:29:30','2025-07-07 21:39:30','overtime',NULL,'expired',NULL),(463,'OVERTIME-ATTENDANCE-8f1d342f-e044-4d10-aeca-1aa8deced921','2025-07-07 21:39:47','2025-07-07 21:49:47','attendance',NULL,'expired',NULL),(464,'NORMAL-SHIFT-61d5faff-3d23-4b97-b52a-948f765dacb4','2025-07-07 22:01:41','2025-07-07 22:02:41','clock-in',NULL,'expired',NULL),(465,'5653c859-d7ea-4796-b6ab-e9b17fd13c47','2025-07-08 15:36:55','2025-07-08 18:17:55','overtime',NULL,'expired',NULL),(466,'OVERTIME-ATTENDANCE-c6b3ddd0-fc1d-4c13-9399-fc0d3ddaa0a4','2025-07-08 15:40:59','2025-07-08 15:41:59','attendance',NULL,'expired',NULL),(467,'b41d3beb-3d14-4dc8-b5a6-a28da3a1ba04','2025-07-08 15:42:42','2025-07-08 15:48:42','overtime',NULL,'expired',NULL),(468,'OVERTIME-ATTENDANCE-0209105c-358b-4410-9c3d-17e8eba00eef','2025-07-08 15:43:07','2025-07-08 15:44:07','attendance',NULL,'expired',NULL),(469,'50e3ab11-bc73-4707-bf13-020c36c2b483','2025-07-08 15:43:14','2025-07-08 15:44:15','overtime',NULL,'expired',NULL),(470,'OVERTIME-ATTENDANCE-8edf9ee6-1693-4f4f-b2d0-4f1500253a20','2025-07-08 15:43:16','2025-07-08 15:44:17','attendance',NULL,'expired',NULL),(471,'a31ac86b-8796-4e60-971e-2219381639b5','2025-07-08 15:47:59','2025-07-08 15:48:59','overtime',NULL,'expired',NULL),(472,'OVERTIME-ATTENDANCE-e0a401d7-0c36-4681-b26f-9e7019f3509c','2025-07-08 15:48:02','2025-07-08 15:49:02','attendance',NULL,'expired',NULL),(473,'93c013e2-db51-45d6-98ee-680990b9d185','2025-07-08 15:48:56','2025-07-08 15:49:56','overtime',NULL,'expired',NULL),(474,'OVERTIME-ATTENDANCE-b6bcb822-bad7-44c7-a052-b7a2a4c4d761','2025-07-08 15:48:59','2025-07-08 15:49:59','attendance',NULL,'expired',NULL),(475,'48e2c146-9c6e-44a6-a6b5-0a3a79d7801c','2025-07-08 15:49:49','2025-07-08 15:50:50','overtime',NULL,'expired',NULL),(476,'OVERTIME-ATTENDANCE-733067e9-791c-47f7-8d6f-42881ad26181','2025-07-08 15:49:54','2025-07-08 15:50:55','attendance',NULL,'expired',NULL),(477,'3625105a-3d7f-4801-ad51-c6524cf89355','2025-07-08 15:51:42','2025-07-08 15:52:43','overtime',NULL,'expired',NULL),(478,'OVERTIME-ATTENDANCE-8853b2f6-4599-441a-842b-cd340ee03d28','2025-07-08 15:51:44','2025-07-08 15:52:45','attendance',NULL,'expired',NULL),(479,'7218c3f9-0060-4398-ab66-823a66427114','2025-07-08 15:53:03','2025-07-08 15:54:04','overtime',NULL,'expired',NULL),(480,'OVERTIME-ATTENDANCE-92815215-1d1e-4db9-83a7-e0008edcb4a2','2025-07-08 15:53:06','2025-07-08 15:54:06','attendance',NULL,'expired',NULL),(481,'aaa484e7-4300-4466-b083-93f3a5d872fe','2025-07-08 15:54:08','2025-07-08 15:55:08','overtime',NULL,'expired',NULL),(482,'OVERTIME-ATTENDANCE-54ee1ff8-c3d5-4930-8cf4-4c0e70041167','2025-07-08 15:54:10','2025-07-08 15:55:10','attendance',NULL,'expired',NULL),(483,'8a8756b9-237c-44c0-a6ec-6f48e2c42f13','2025-07-08 15:55:18','2025-07-08 15:56:19','overtime',NULL,'expired',NULL),(484,'OVERTIME-ATTENDANCE-5c2f5e7d-56f0-4f2a-9dc1-045af8543309','2025-07-08 15:55:21','2025-07-08 15:56:22','attendance',NULL,'expired',NULL),(485,'f9d33a37-d990-48a5-8290-143bb38c4432','2025-07-08 15:57:17','2025-07-08 15:58:18','overtime',NULL,'expired',NULL),(486,'OVERTIME-ATTENDANCE-2730a630-0820-4c1c-9fc6-01fc40218910','2025-07-08 15:57:21','2025-07-08 15:58:21','attendance',NULL,'expired',NULL),(487,'bb13afcf-e732-4ba2-aeb1-dd2ced1561b4','2025-07-08 16:07:08','2025-07-08 16:08:08','overtime',NULL,'expired',NULL),(488,'OVERTIME-ATTENDANCE-02fbaca7-78ac-48bc-bd78-cd55e55e7635','2025-07-08 16:07:11','2025-07-08 16:08:12','attendance',NULL,'expired',NULL),(489,'56bf43fc-f3ee-4312-820e-e8b58b50b76f','2025-07-08 16:08:48','2025-07-08 16:09:48','overtime',NULL,'expired',NULL),(490,'OVERTIME-ATTENDANCE-17c7aa25-6513-4aa9-8d8c-31677d4a5782','2025-07-08 16:08:50','2025-07-08 16:09:50','attendance',NULL,'expired',NULL),(491,'f15f7ae1-5fab-4ab7-b1a9-b0e334097f9e','2025-07-08 16:10:23','2025-07-08 16:11:23','overtime',NULL,'expired',NULL),(492,'OVERTIME-ATTENDANCE-fb7afe57-47b6-4253-a3c1-3cdb40e6a400','2025-07-08 16:10:45','2025-07-08 16:11:45','attendance',NULL,'expired',NULL),(493,'1dffdb54-e51d-4a1a-9fad-41dbad82e8eb','2025-07-08 16:20:48','2025-07-08 17:01:49','overtime',NULL,'expired',NULL),(494,'53e91e8e-5dd8-421d-bf8e-9781b7239014','2025-07-08 16:22:08','2025-07-08 16:53:08','overtime',NULL,'expired',NULL),(495,'8949430d-77e8-47af-95ec-b9612a38abce','2025-07-08 16:33:15','2025-07-08 16:34:15','overtime',NULL,'expired',NULL),(496,'971a6c35-73e2-4e65-a392-4ae60fead969','2025-07-08 16:45:26','2025-07-08 17:16:26','overtime',NULL,'expired',NULL),(497,'719374ed-8cbe-411a-b3a9-374934c59b93','2025-07-08 16:50:16','2025-07-08 16:51:16','overtime',NULL,'expired',NULL),(498,'OVERTIME-ATTENDANCE-5613adf6-ffa6-43ef-8a5e-8275c685fc84','2025-07-08 16:53:09','2025-07-08 16:54:09','attendance',NULL,'expired',NULL),(499,'455d38d0-75a4-4f6f-a234-43f5dec2facb','2025-07-08 16:55:22','2025-07-08 16:56:22','overtime',NULL,'expired',NULL),(500,'OVERTIME-ATTENDANCE-0412bcfa-9c60-449b-8566-0cd191a7c73a','2025-07-08 17:01:50','2025-07-08 17:02:50','attendance',NULL,'expired',NULL),(501,'2a7fe4e5-f585-4bbc-86fa-f779532c0011','2025-07-08 17:02:33','2025-07-08 17:03:34','overtime',NULL,'expired',NULL),(502,'82e804e5-d225-4acb-8756-21bfa1ca632b','2025-07-08 17:04:16','2025-07-08 17:05:17','overtime',NULL,'expired',NULL),(503,'OVERTIME-ATTENDANCE-04823337-9f7c-40a5-8a47-4b05ae8f9102','2025-07-08 17:04:36','2025-07-08 17:05:36','attendance',NULL,'expired',NULL),(504,'f13b1377-15e0-4407-b8a9-4dd576828ec9','2025-07-08 17:04:58','2025-07-08 17:05:58','overtime',NULL,'expired',NULL),(505,'NORMAL-SHIFT-7ea76bf1-c761-4997-9663-ce75fd23a8d9','2025-07-09 14:29:30','2025-07-09 14:30:30','clock-in',NULL,'expired',NULL),(506,'SHIFT-PROOF-2025/07/09-d625c71a-2a86-4e88-8850-e17576534b70','2025-07-09 14:31:00','2025-07-09 14:32:00','attendanceNormal',NULL,'expired',NULL),(507,'NORMAL-SHIFT-728d522b-aab1-4bb8-88ea-bbe30fe8349d','2025-07-09 14:41:00','2025-07-09 14:42:00','clock-in',NULL,'expired',NULL),(508,'SHIFT-PROOF-2025/07/09-b392d994-c432-4b45-b577-be5695059a03','2025-07-09 14:42:00','2025-07-09 14:43:00','attendanceNormal',NULL,'expired',NULL),(509,'OVERTIME-ATTENDANCE-278dd448-ef11-4bf3-ae7a-1a54981f0280','2025-07-09 18:58:33','2025-07-09 18:59:33','attendance',NULL,'expired',NULL),(510,'f574ddc4-c76d-4a16-a0f1-e0e389550ddc','2025-07-09 20:43:04','2025-07-09 20:44:04','overtime',NULL,'expired',NULL),(511,'OVERTIME-ATTENDANCE-7f1c0eb1-6eb3-49b0-87fc-781ef21ffc1f','2025-07-09 20:43:26','2025-07-09 20:44:26','attendance',NULL,'expired',NULL),(512,'NORMAL-SHIFT-e005f652-d48e-4682-aa21-d4d10627584a','2025-07-09 20:46:10','2025-07-09 20:47:10','clock-in',NULL,'expired',NULL),(513,'SHIFT-PROOF-2025/07/09-3a0becca-230d-434d-ae55-cefcf1df77d1','2025-07-09 20:47:10','2025-07-09 20:48:10','attendanceNormal',NULL,'expired',NULL),(514,'091b73bd-61c6-49d1-ab26-ef035eab0377','2025-07-22 21:35:17','2025-07-22 21:36:18','overtime',NULL,'expired',NULL),(515,'3a8e66de-7fc1-43cc-9809-cbbabc6d83a1','2025-07-23 13:24:18','2025-07-23 13:25:18','overtime',NULL,'expired',NULL),(516,'OVERTIME-ATTENDANCE-4524c362-2338-4fb0-9b24-f2eb1e2ce53a','2025-07-23 13:24:20','2025-07-23 13:25:21','attendance',NULL,'expired',NULL),(517,'43f79eb3-b978-445a-904f-d22ac4c4ef40','2025-07-23 13:40:33','2025-07-23 13:41:33','overtime',NULL,'expired',NULL),(518,'OVERTIME-ATTENDANCE-709168f2-4bef-4de2-83e5-6679c7070534','2025-07-23 13:40:35','2025-07-23 13:41:36','attendance',NULL,'expired',NULL),(519,'70653221-f25b-48ce-81b6-fe6b0da9ff9d','2025-07-23 13:44:29','2025-07-23 13:45:29','overtime',NULL,'expired',NULL),(520,'OVERTIME-ATTENDANCE-4f8e2cde-6aa8-4bb5-8426-1aa843b1e691','2025-07-23 13:44:31','2025-07-23 13:45:32','attendance',NULL,'expired',NULL),(521,'5189876a-29d1-45d2-ae40-32de276a98eb','2025-07-23 13:50:11','2025-07-23 13:51:11','overtime',NULL,'expired',NULL),(522,'OVERTIME-ATTENDANCE-50e8437b-7f73-4523-b87f-de20aaf73e69','2025-07-23 13:50:13','2025-07-23 13:51:14','attendance',NULL,'expired',NULL),(523,'3f731f4a-fa4b-4b55-8358-dd1b82600f2c','2025-07-23 13:52:15','2025-07-23 13:53:16','overtime',NULL,'expired',NULL),(524,'OVERTIME-ATTENDANCE-ad9ba7f9-4907-46ce-bc9b-7e96d2ce3dc6','2025-07-23 13:52:18','2025-07-23 13:53:18','attendance',NULL,'expired',NULL),(525,'382621b5-dafe-4b92-af0a-0ca13b29ec34','2025-07-23 13:56:27','2025-07-23 13:57:27','overtime',NULL,'expired',NULL),(526,'OVERTIME-ATTENDANCE-9c041373-c532-4f7e-9248-7129bda33d8b','2025-07-23 13:56:29','2025-07-23 13:57:29','attendance',NULL,'expired',NULL),(527,'b511d8e6-0022-4f81-8d07-1dee84a668ce','2025-07-23 14:00:12','2025-07-23 14:01:12','overtime',NULL,'expired',NULL),(528,'OVERTIME-ATTENDANCE-a71ba0f4-e8ac-4331-8a49-83ee7d5c4af8','2025-07-23 14:00:14','2025-07-23 14:01:14','attendance',NULL,'expired',NULL),(529,'a0cdc69b-78d3-4554-8419-db8a5e231cd2','2025-07-23 14:04:11','2025-07-23 14:05:11','overtime',NULL,'expired',NULL),(530,'OVERTIME-ATTENDANCE-f069d384-9dc8-4c70-9efa-7253223a97ad','2025-07-23 14:04:13','2025-07-23 14:05:14','attendance',NULL,'expired',NULL),(531,'69c0ee8a-3e1b-4b4b-a3fb-33ff2b34092c','2025-07-23 14:15:08','2025-07-23 14:16:08','overtime',NULL,'expired',NULL),(532,'OVERTIME-ATTENDANCE-926e5f0e-6dfd-41d1-bc72-af2624adaba7','2025-07-23 14:15:10','2025-07-23 14:16:10','attendance',NULL,'expired',NULL),(533,'7721f758-1bb4-44a0-a39f-52603461336a','2025-07-23 18:00:18','2025-07-23 18:01:19','overtime',NULL,'expired',NULL),(534,'OVERTIME-ATTENDANCE-4ab1fb50-5774-4138-b1fe-743aa91fcb0d','2025-07-23 18:00:21','2025-07-23 18:01:21','attendance',NULL,'expired',NULL),(535,'d89f7e51-0d45-4991-a9e8-6716e5bf753e','2025-07-23 18:00:26','2025-07-23 18:01:26','overtime',NULL,'expired',NULL),(536,'OVERTIME-ATTENDANCE-d6f74959-88bc-4a57-a888-653ff4aefe62','2025-07-23 18:01:51','2025-07-23 18:02:51','attendance',NULL,'expired',NULL),(537,'63bebe31-5985-4114-8100-bcba5240d575','2025-07-23 18:06:41','2025-07-23 18:07:42','overtime',NULL,'used',NULL),(538,'NORMAL-SHIFT-0026e74c-6d2d-439c-b1dc-39e5dceb9556','2025-07-23 18:49:30','2025-07-23 18:50:30','clock-in',NULL,'used',NULL),(539,'SHIFT-PROOF-2025/07/23-35ad00dd-2506-49d0-bb3f-33f67144a866','2025-07-23 18:50:30','2025-07-23 18:51:30','attendanceNormal',NULL,'used',NULL),(540,'NORMAL-SHIFT-0d4699db-6c88-4cf7-815b-ebd0ced525b5','2025-07-23 18:55:00','2025-07-23 18:56:00','clock-in',NULL,'used',NULL),(541,'SHIFT-PROOF-2025/07/23-d7ef7212-7f66-40c5-aedb-9abea1164b38','2025-07-23 18:56:00','2025-07-23 18:57:00','attendanceNormal',NULL,'used',NULL),(542,'OVERTIME-ATTENDANCE-3c15d0e8-d5e6-4ec5-99d2-5375a265ef18','2025-07-23 19:06:43','2025-07-23 19:07:43','attendance',NULL,'expired',NULL),(543,'NORMAL-SHIFT-621910f5-1814-4862-979b-e010581d685f','2025-07-23 19:11:30','2025-07-23 19:12:30','clock-in',NULL,'used',NULL),(544,'SHIFT-PROOF-2025/07/23-cbc83463-fb0e-42b8-8782-4fb01ded2e7b','2025-07-23 19:12:30','2025-07-23 19:13:30','attendanceNormal',NULL,'used',NULL),(545,'NORMAL-SHIFT-a9e06ee7-f06e-43fa-a026-af74a1ca1588','2025-07-23 19:16:30','2025-07-23 19:17:30','clock-in',NULL,'used',NULL),(546,'SHIFT-PROOF-2025/07/23-a09c619b-0c10-47cb-99b1-9f7fca11ad7d','2025-07-23 19:17:30','2025-07-23 19:18:30','attendanceNormal',NULL,'expired',NULL),(547,'OVERTIME-ATTENDANCE-1cebec18-0ecd-4d54-9e81-7751a6a966e1','2025-07-23 22:35:19','2025-07-23 22:36:19','attendance',NULL,'expired',NULL),(548,'SHIFT-PROOF-2025/07/24-ed9b74be-37d6-42ef-8c6b-e521a7c29c03','2025-07-24 02:00:00','2025-07-24 02:01:00','attendanceNormal',NULL,'expired',NULL),(549,'0daf6b93-88c6-425c-8444-d60abf569cbb','2025-07-24 11:07:30','2025-07-24 12:07:30','overtime',NULL,'expired',NULL),(550,'OVERTIME-ATTENDANCE-72361d8b-0b25-4339-b991-b60009176606','2025-07-24 11:15:01','2025-07-24 12:15:02','attendance',NULL,'expired',NULL),(551,'134a3051-2f4e-4648-8ca6-366d4bb43184','2025-07-24 12:15:29','2025-07-24 13:15:30','overtime',NULL,'expired',NULL),(552,'994b89d2-4025-4275-93a6-81e7fa690bf8','2025-07-24 12:16:31','2025-07-24 13:16:31','overtime',NULL,'used',NULL),(553,'OVERTIME-ATTENDANCE-f11a045e-0f92-425f-b8b0-fae698c913bc','2025-07-24 13:16:32','2025-07-24 14:16:32','attendance',NULL,'expired',NULL),(554,'OVERTIME-ATTENDANCE-0093ca3d-b742-4fb8-8457-32ca5e22b855','2025-07-24 13:20:31','2025-07-24 14:20:31','attendance',NULL,'expired',NULL),(555,'NORMAL-SHIFT-16fa6d6d-ad4b-4f1c-9899-dfcb373273cf','2025-07-24 17:00:00','2025-07-24 17:01:00','clock-in',NULL,'expired',NULL),(556,'d5b45f39-0146-49d6-82ea-497ddbbf282c','2025-07-29 22:17:29','2025-07-29 22:18:29','overtime',NULL,'expired',NULL),(557,'92fba2ac-4cc5-47b1-a623-2991ad07f7be','2025-07-29 22:28:32','2025-07-29 22:29:32','overtime',NULL,'expired',NULL),(558,'52a07c11-ff4c-4d59-a81b-c17bf09c447c','2025-07-29 22:42:48','2025-07-29 22:43:48','overtime',NULL,'expired',NULL),(559,'OVERTIME-ATTENDANCE-691e2a38-e2f4-4462-b992-1993f71c0bdd','2025-07-29 22:44:05','2025-07-29 22:45:06','attendance',NULL,'expired',NULL),(560,'afe91363-5c2d-49d7-92ee-7ddbabf41b0c','2025-07-29 22:57:19','2025-07-29 22:58:19','overtime',NULL,'expired',NULL),(561,'8aaf99cb-7ee7-4227-886b-4021246a0dc3','2025-07-29 23:01:00','2025-07-29 23:02:01','overtime',NULL,'expired',NULL),(562,'OVERTIME-ATTENDANCE-a8f3804b-0a71-449d-b11e-6e8cfadd9631','2025-07-29 23:01:01','2025-07-29 23:02:01','attendance',NULL,'expired',NULL),(563,'ab476a2f-fdf4-412c-a047-e001fa17ede2','2025-07-29 23:08:39','2025-07-29 23:09:39','overtime',NULL,'expired',NULL),(564,'OVERTIME-ATTENDANCE-6e4105f0-594d-42e3-9d8a-152682926641','2025-07-29 23:08:40','2025-07-29 23:09:40','attendance',NULL,'expired',NULL),(565,'424f113b-fa7b-435e-bb57-2da9f31e1c10','2025-07-29 23:09:53','2025-07-29 23:10:53','overtime',NULL,'expired',NULL),(566,'OVERTIME-ATTENDANCE-549ba4b9-2ce7-4df2-aed1-8088802c13a8','2025-07-29 23:09:54','2025-07-29 23:10:54','attendance',NULL,'expired',NULL),(567,'8bf2c2fe-658f-43a1-a0ac-14b1999e45c1','2025-07-29 23:12:27','2025-07-29 23:13:28','overtime',NULL,'expired',NULL),(568,'OVERTIME-ATTENDANCE-518d3200-91c2-4750-b80a-2a6914846262','2025-07-29 23:12:28','2025-07-29 23:13:28','attendance',NULL,'expired',NULL),(569,'0acd8e45-7bc5-4b1c-9978-205192a2bcb2','2025-07-29 23:13:23','2025-07-29 23:14:23','overtime',NULL,'expired',NULL),(570,'OVERTIME-ATTENDANCE-3731fb8d-208e-4e3f-afcc-f1832ae7a999','2025-07-29 23:13:23','2025-07-29 23:14:23','attendance',NULL,'expired',NULL),(571,'bc745331-ef56-4550-8164-1a85287c76d9','2025-07-29 23:14:14','2025-07-29 23:15:14','overtime',NULL,'expired',NULL),(572,'OVERTIME-ATTENDANCE-5c350118-a8c8-4aa6-b24b-31317cfce450','2025-07-29 23:14:15','2025-07-29 23:15:15','attendance',NULL,'expired',NULL),(573,'d240361a-94ec-442f-9a23-111f07b9110a','2025-07-29 23:15:00','2025-07-29 23:16:00','overtime',NULL,'expired',NULL),(574,'OVERTIME-ATTENDANCE-68a77e31-10a2-47a3-af33-725219d0770b','2025-07-29 23:15:01','2025-07-29 23:16:01','attendance',NULL,'expired',NULL),(575,'80c557e3-5474-4640-a5a0-17baf8feca4f','2025-07-29 23:17:17','2025-07-29 23:18:17','overtime',NULL,'expired',NULL),(576,'OVERTIME-ATTENDANCE-e1d529e8-95ad-4445-9859-93ac72472d7c','2025-07-29 23:17:18','2025-07-29 23:18:18','attendance',NULL,'expired',NULL),(577,'ec9279b4-ba8d-4235-9bc8-0f8e016ea047','2025-07-29 23:17:51','2025-07-29 23:18:52','overtime',NULL,'expired',NULL),(578,'OVERTIME-ATTENDANCE-798c7619-34a2-487d-9366-8773eae766b3','2025-07-29 23:17:52','2025-07-29 23:18:52','attendance',NULL,'expired',NULL),(579,'2b244076-274c-40dc-9dda-c39d78df5975','2025-07-29 23:18:23','2025-07-29 23:19:24','overtime',NULL,'expired',NULL),(580,'OVERTIME-ATTENDANCE-094acfbf-9902-46ff-a723-6cc39671e1cc','2025-07-29 23:18:24','2025-07-29 23:19:24','attendance',NULL,'expired',NULL),(581,'43dd10f2-eeb9-4482-96e8-047940cb0b43','2025-07-29 23:19:02','2025-07-29 23:20:02','overtime',NULL,'expired',NULL),(582,'OVERTIME-ATTENDANCE-08c3c006-2bdc-4035-b511-e784c9641947','2025-07-29 23:19:03','2025-07-29 23:20:03','attendance',NULL,'expired',NULL),(583,'02fbe712-5bdf-4b0b-b3e1-bea342792960','2025-07-29 23:19:27','2025-07-29 23:20:28','overtime',NULL,'expired',NULL),(584,'OVERTIME-ATTENDANCE-2b28d435-6245-4c34-9142-749585f628a1','2025-07-29 23:19:28','2025-07-29 23:20:28','attendance',NULL,'expired',NULL),(585,'3ca36563-a924-4395-be72-b3f72b881297','2025-07-29 23:20:11','2025-07-29 23:21:11','overtime',NULL,'expired',NULL),(586,'OVERTIME-ATTENDANCE-42857594-af58-4174-ba78-f274598d4928','2025-07-29 23:20:12','2025-07-29 23:21:12','attendance',NULL,'expired',NULL),(587,'b43619dd-5b2f-49b9-896e-8e13c732d457','2025-07-29 23:20:34','2025-07-29 23:21:34','overtime',NULL,'expired',NULL),(588,'OVERTIME-ATTENDANCE-f69e6d24-e2e2-4412-9a3f-d0f5f780474d','2025-07-29 23:20:35','2025-07-29 23:21:35','attendance',NULL,'expired',NULL),(589,'d570c606-96dd-45a5-b5bd-9ca3dd15ef7c','2025-07-29 23:20:53','2025-07-29 23:21:53','overtime',NULL,'expired',NULL),(590,'OVERTIME-ATTENDANCE-2565337c-846f-49d6-a7ee-46c1afc2b076','2025-07-29 23:20:54','2025-07-29 23:21:54','attendance',NULL,'expired',NULL),(591,'fabd9aac-7509-4867-afd6-8f5c5914808e','2025-07-29 23:21:19','2025-07-29 23:22:19','overtime',NULL,'expired',NULL),(592,'OVERTIME-ATTENDANCE-d9547da7-5ffb-4465-af18-c887d2b4d96e','2025-07-29 23:21:20','2025-07-29 23:22:20','attendance',NULL,'expired',NULL),(593,'83fdb78d-e280-4ffd-b2ee-98ea7a2a9e47','2025-07-29 23:22:28','2025-07-29 23:23:28','overtime',NULL,'expired',NULL),(594,'OVERTIME-ATTENDANCE-a6593b64-3d66-4769-ac67-d5a51350ebcd','2025-07-29 23:22:29','2025-07-29 23:23:29','attendance',NULL,'expired',NULL),(595,'OVERTIME-ATTENDANCE-996e8a9a-1234-455e-9232-5db5aa39f176','2025-07-29 23:22:30','2025-07-29 23:23:30','attendance',NULL,'expired',NULL),(596,'4aa04eab-c5c5-455e-b93e-d7a768a565da','2025-07-29 23:22:49','2025-07-29 23:23:50','overtime',NULL,'expired',NULL),(597,'OVERTIME-ATTENDANCE-2a51d848-9a49-4314-854f-2278db6feb85','2025-07-29 23:22:50','2025-07-29 23:23:50','attendance',NULL,'expired',NULL),(598,'f856b096-302a-49ce-b890-a1868e4f1501','2025-07-29 23:23:09','2025-07-29 23:24:10','overtime',NULL,'expired',NULL),(599,'OVERTIME-ATTENDANCE-6793c62a-7b0e-4dd5-9c5d-d93f77eb11c5','2025-07-29 23:23:10','2025-07-29 23:24:10','attendance',NULL,'expired',NULL),(600,'ab25063e-9085-46df-91da-65682e25f3c4','2025-07-29 23:23:55','2025-07-29 23:24:56','overtime',NULL,'expired',NULL),(601,'OVERTIME-ATTENDANCE-8f6ada3a-dac0-47af-8419-1cdd35a467c2','2025-07-29 23:23:56','2025-07-29 23:24:56','attendance',NULL,'expired',NULL),(602,'54d3a75e-db84-4ab1-92ba-8cc592011b66','2025-07-29 23:25:24','2025-07-29 23:26:25','overtime',NULL,'expired',NULL),(603,'OVERTIME-ATTENDANCE-c1bf2d89-095f-4555-ae86-d28db88bb1ce','2025-07-29 23:25:25','2025-07-29 23:26:25','attendance',NULL,'expired',NULL),(604,'2e15272c-e8e0-44c3-8d90-e5a7cfef93e1','2025-07-29 23:25:42','2025-07-29 23:26:43','overtime',NULL,'expired',NULL),(605,'OVERTIME-ATTENDANCE-2fac4bf6-d4de-4aec-8a96-409d34ef9b8f','2025-07-29 23:25:43','2025-07-29 23:26:43','attendance',NULL,'expired',NULL),(606,'bf65b989-9a0a-45d8-8e16-c70475da1b49','2025-07-29 23:27:03','2025-07-29 23:28:03','overtime',NULL,'expired',NULL),(607,'OVERTIME-ATTENDANCE-5b6befcc-8027-4146-b511-cf09aeb6cd41','2025-07-29 23:27:04','2025-07-29 23:28:04','attendance',NULL,'expired',NULL),(608,'d0feba4c-f34a-4c24-87d1-e72ff6404018','2025-07-29 23:27:51','2025-07-29 23:28:51','overtime',NULL,'expired',NULL),(609,'OVERTIME-ATTENDANCE-6f2c9c0b-49b1-48db-97c4-5b5143962ce7','2025-07-29 23:27:52','2025-07-29 23:28:52','attendance',NULL,'expired',NULL),(610,'63417972-a40c-48a5-ad69-b3aa778ddd9d','2025-07-29 23:28:13','2025-07-30 00:28:13','overtime',NULL,'expired',NULL),(611,'OVERTIME-ATTENDANCE-74c60f24-2aed-4699-860c-db832a81daff','2025-07-29 23:28:14','2025-07-30 00:28:14','attendance',NULL,'expired',NULL),(612,'OVERTIME-ATTENDANCE-59d37ef7-2864-45f3-85f6-8627655cd3c3','2025-07-29 23:28:33','2025-07-30 00:28:33','attendance',NULL,'expired',NULL),(613,'c4860ad8-3fc5-43a2-af03-0feb2de2be20','2025-07-29 23:28:40','2025-07-30 00:28:41','overtime',NULL,'expired',NULL),(614,'OVERTIME-ATTENDANCE-bf8b02aa-1cfa-43c0-89f9-21fd6e6dd225','2025-07-29 23:28:41','2025-07-30 00:28:41','attendance',NULL,'expired',NULL),(615,'2ff870c2-f8aa-467a-a938-2132d0a29f8c','2025-07-29 23:29:31','2025-07-30 00:29:32','overtime',NULL,'expired',NULL),(616,'OVERTIME-ATTENDANCE-89532fe9-218c-4c30-ba71-5dfd3874cd42','2025-07-29 23:29:32','2025-07-30 00:29:32','attendance',NULL,'expired',NULL),(617,'377aa37a-c4ea-4f96-a711-881e07c4e5f3','2025-07-29 23:31:13','2025-07-30 00:31:13','overtime',NULL,'expired',NULL),(618,'OVERTIME-ATTENDANCE-f223e946-376e-4d1b-b25c-b3ebb10b264c','2025-07-29 23:31:14','2025-07-30 00:31:14','attendance',NULL,'expired',NULL),(619,'52e13629-7238-43e2-91a9-3576811e1d03','2025-07-29 23:32:40','2025-07-30 00:32:41','overtime',NULL,'expired',NULL),(620,'OVERTIME-ATTENDANCE-e0880071-8e3b-4c5b-b6c8-4f0c2a6fb587','2025-07-29 23:32:41','2025-07-30 00:32:41','attendance',NULL,'expired',NULL),(621,'c9631f63-7888-44f2-968d-fd5d23292e8d','2025-07-29 23:32:47','2025-07-30 00:32:48','overtime',NULL,'expired',NULL),(622,'OVERTIME-ATTENDANCE-0d84d3b3-76f9-46d5-9b39-b8e0617196f1','2025-07-29 23:32:48','2025-07-30 00:32:48','attendance',NULL,'expired',NULL),(623,'74a7b8f5-4964-4ff0-8e77-2995630e9234','2025-07-29 23:34:03','2025-07-30 00:34:03','overtime',NULL,'expired',NULL),(624,'OVERTIME-ATTENDANCE-64a9b69c-7cf7-4e6d-ad83-1a4854dd9e04','2025-07-29 23:34:04','2025-07-30 00:34:04','attendance',NULL,'expired',NULL),(625,'4f6ce2c5-83ba-43e2-a54e-ae756f5f416d','2025-07-29 23:41:46','2025-07-30 00:41:47','overtime',NULL,'expired',NULL),(626,'OVERTIME-ATTENDANCE-cee7a5b6-09eb-4781-8272-3beee1dfda04','2025-07-29 23:41:47','2025-07-30 00:41:47','attendance',NULL,'expired',NULL),(627,'OVERTIME-ATTENDANCE-1e04248e-27cb-42ca-a7e2-7d4fdeea6046','2025-07-29 23:57:20','2025-07-30 00:57:20','attendance',NULL,'expired',NULL),(628,'597069c7-3f59-4b44-a8d2-b0f2a94fa501','2025-07-30 00:05:55','2025-07-30 01:05:55','overtime',NULL,'expired',NULL),(629,'ff055ea5-e74b-4f13-a0fe-1e60cea7778f','2025-07-30 00:07:02','2025-07-30 00:08:03','overtime',NULL,'expired',NULL),(630,'OVERTIME-ATTENDANCE-672709bb-8b2b-46d9-8c88-aca8e6d0b4ef','2025-07-30 11:02:16','2025-07-30 11:03:17','attendance',NULL,'expired',NULL),(631,'OVERTIME-ATTENDANCE-9e63fb02-81cf-4097-823c-d5cea3e0d972','2025-07-30 11:02:16','2025-07-30 11:03:17','attendance',NULL,'expired',NULL),(632,'47f95ac9-a36a-4874-8636-64432621796b','2025-07-30 11:11:42','2025-07-30 11:12:42','overtime',NULL,'expired',NULL),(633,'1cc7fcfa-69e5-41b4-81ef-91762cadca09','2025-07-30 11:13:41','2025-07-30 11:14:41','overtime',NULL,'expired',NULL),(634,'4d46381d-d1c5-4799-94dc-cd1dcaf003df','2025-07-30 11:14:45','2025-07-30 11:15:45','overtime',NULL,'expired',NULL),(635,'OVERTIME-ATTENDANCE-97dc5864-c998-42b0-84a0-23dca4e9ec88','2025-07-30 11:14:48','2025-07-30 11:15:48','attendance',NULL,'expired',NULL),(636,'114bc122-ceb6-4360-8a3d-fb49658698e5','2025-07-30 11:20:36','2025-07-30 11:21:37','overtime',NULL,'expired',NULL),(637,'OVERTIME-ATTENDANCE-84f83dae-d4ed-42f4-81e9-b7337e7b31f4','2025-07-30 11:20:39','2025-07-30 11:21:39','attendance',NULL,'expired',NULL),(638,'OVERTIME-ATTENDANCE-6c3b591e-5524-4c6a-a208-261e2d4e990b','2025-07-30 12:13:42','2025-07-30 13:13:42','attendance',NULL,'expired',NULL),(639,'OVERTIME-ATTENDANCE-d91c6548-9620-4ec7-9c62-1b0099661f52','2025-07-30 12:43:55','2025-07-30 13:43:55','attendance',NULL,'expired',NULL),(640,'67e1954e-7dca-46f2-b189-8c2ef7640fee','2025-07-30 12:47:43','2025-07-30 13:47:43','overtime',NULL,'expired',NULL),(641,'08017a29-997c-41ab-a9cb-8e9b97918d06','2025-07-30 12:49:40','2025-07-30 12:50:41','overtime',NULL,'expired',NULL),(642,'e62a399f-dc44-4777-9d4b-406c4ab94426','2025-07-30 13:04:21','2025-07-30 13:05:21','overtime',NULL,'expired',NULL),(643,'1b40893f-3247-4358-a822-6422f6d5cac1','2025-07-30 13:07:37','2025-07-30 13:08:38','overtime',NULL,'expired',NULL),(644,'OVERTIME-ATTENDANCE-50faff5f-4dd6-4a04-b6d2-43321dcb5836','2025-07-30 13:10:00','2025-07-30 13:11:00','attendance',NULL,'expired',NULL),(645,'269c1be2-8c84-446c-bbff-4a2b97016373','2025-07-30 13:10:26','2025-07-30 13:11:26','overtime',NULL,'expired',NULL),(646,'52ec35a9-509d-4f1f-8c41-5f6266f34c2e','2025-07-30 13:16:31','2025-07-30 13:17:32','overtime',NULL,'expired',NULL),(647,'42965b97-0ce6-493f-a672-4b96bd597f29','2025-07-30 13:17:35','2025-07-30 13:17:41','overtime',NULL,'expired',NULL),(648,'80035e94-1769-4a54-8f81-43c8b5fc5544','2025-07-30 13:17:49','2025-07-30 13:17:55','overtime',NULL,'expired',NULL),(649,'OVERTIME-ATTENDANCE-9a20e063-d9c2-4cec-be1b-5483679b8c25','2025-07-30 13:17:52','2025-07-30 13:17:59','attendance',NULL,'expired',NULL),(650,'868be542-c557-40e5-8058-0fcc9482b8ad','2025-07-30 13:17:57','2025-07-30 13:18:03','overtime',NULL,'expired',NULL),(651,'63e32340-f571-4cf3-81ca-d1114f3a9548','2025-07-30 13:18:40','2025-07-30 13:19:11','overtime',NULL,'expired',NULL),(652,'OVERTIME-ATTENDANCE-c928444d-03a5-4555-b33d-12a812491909','2025-07-30 13:19:09','2025-07-30 13:19:28','attendance',NULL,'expired',NULL),(653,'22f01d8e-2b2b-4924-8419-b65957dc6181','2025-07-30 13:19:11','2025-07-30 13:19:30','overtime',NULL,'expired',NULL),(654,'OVERTIME-ATTENDANCE-9e7207a9-7579-4464-9c0e-aa22e32dbdc2','2025-07-30 13:19:25','2025-07-30 13:19:44','attendance',NULL,'expired',NULL),(655,'5ac28729-0ea2-4611-818a-768ce1e8df7c','2025-07-30 13:36:17','2025-07-30 13:36:36','overtime',NULL,'expired',NULL),(656,'OVERTIME-ATTENDANCE-6c7e741c-459b-45ce-8e8a-43b6ead98e1a','2025-07-30 13:36:40','2025-07-30 13:36:58','attendance',NULL,'expired',NULL),(657,'4c2ca89f-cc3f-4982-8113-0dd4a6493480','2025-07-30 13:37:05','2025-07-30 13:37:23','overtime',NULL,'expired',NULL),(658,'OVERTIME-ATTENDANCE-23b727c0-6695-4a8a-876f-fc9b5cbc04db','2025-07-30 13:37:08','2025-07-30 13:37:26','attendance',NULL,'expired',NULL),(659,'f8ace2d9-760b-4218-8263-09a1852d7c17','2025-07-30 13:37:10','2025-07-30 13:37:29','overtime',NULL,'expired',NULL),(660,'4e7d802c-7f6c-4a24-9a74-2da4db4abba8','2025-07-30 13:37:35','2025-07-30 13:37:53','overtime',NULL,'expired',NULL),(661,'OVERTIME-ATTENDANCE-71197351-3e48-4dfb-ab67-ad7267b573c1','2025-07-30 13:38:42','2025-07-30 13:39:00','attendance',NULL,'expired',NULL),(662,'OVERTIME-ATTENDANCE-876bb32f-365e-45b9-8d13-ade4cdb007d3','2025-07-30 13:47:44','2025-07-30 13:48:02','attendance',NULL,'expired',NULL),(663,'OVERTIME-ATTENDANCE-0abd9519-fbab-4661-a7f2-193459b9eda3','2025-07-30 14:33:52','2025-07-30 14:34:10','attendance',NULL,'expired',NULL),(664,'OVERTIME-ATTENDANCE-d77ea3cd-30fd-4441-b98c-f1cc943f4603','2025-07-30 14:33:52','2025-07-30 14:34:10','attendance',NULL,'expired',NULL),(665,'OVERTIME-ATTENDANCE-802aa41b-b972-4abf-9884-b103e7d8ecb1','2025-07-30 14:33:52','2025-07-30 14:34:10','attendance',NULL,'expired',NULL),(666,'OVERTIME-ATTENDANCE-acb5a8e8-4f20-4a1d-ae8b-9b7d52c464f3','2025-07-30 14:33:52','2025-07-30 14:34:10','attendance',NULL,'expired',NULL),(667,'OVERTIME-ATTENDANCE-b6125590-d652-4590-9253-279275e5bb7a','2025-07-30 14:33:52','2025-07-30 14:34:10','attendance',NULL,'expired',NULL),(668,'b2948d93-006c-45dc-b892-390cf2aeca84','2025-07-30 14:36:13','2025-07-30 14:36:31','overtime',NULL,'expired',NULL),(669,'OVERTIME-ATTENDANCE-7fdaac50-4c64-4f78-a7e6-139ea26abe2f','2025-07-30 14:36:56','2025-07-30 14:37:14','attendance',NULL,'expired',NULL),(670,'ce5e81e6-2a8a-4091-a713-bcdbafd8d644','2025-07-30 14:37:05','2025-07-30 14:37:24','overtime',NULL,'expired',NULL),(671,'OVERTIME-ATTENDANCE-4d86c997-a663-4d79-b2ae-0bbfcb5a58af','2025-07-30 14:37:12','2025-07-30 14:37:30','attendance',NULL,'expired',NULL),(672,'OVERTIME-ATTENDANCE-f4b1a59a-3d9d-41d1-a8d3-0187b0b2da02','2025-07-30 14:47:58','2025-07-30 14:48:16','attendance',NULL,'expired',NULL),(673,'OVERTIME-ATTENDANCE-1e321263-6215-4cad-ae5f-1d9070b1ad51','2025-07-30 21:04:26','2025-07-30 22:04:26','attendance',NULL,'expired',NULL),(674,'20997faa-a9e0-47ec-af6b-dc1383df710c','2025-07-30 21:04:32','2025-07-30 22:04:32','overtime',NULL,'expired',NULL),(675,'de02b4e4-9af8-420a-8692-41ad9e528159','2025-07-30 21:07:24','2025-07-30 21:07:42','overtime',NULL,'expired',NULL),(676,'OVERTIME-ATTENDANCE-c1aa77e3-ff56-4708-bf17-8b1a47808cbf','2025-07-30 21:07:34','2025-07-30 21:07:53','attendance',NULL,'expired',NULL),(677,'df6ad991-d7d3-4ea4-a4ab-76bec74891e4','2025-07-30 21:07:40','2025-07-30 21:07:58','overtime',NULL,'expired',NULL),(678,'NORMAL-SHIFT-11cf11b4-42e6-4438-be1c-b25e7fff2754','2025-08-01 17:00:00','2025-08-01 17:01:00','clock-in',NULL,'expired',NULL),(679,'0c3ce4f8-c183-437c-9c8f-81c177ea397d','2025-08-04 21:24:50','2025-08-04 21:25:09','overtime',NULL,'expired',NULL),(680,'OVERTIME-ATTENDANCE-6a840d3f-7623-4a9f-aa5d-57e1b2b4d9e4','2025-08-04 21:24:54','2025-08-04 21:25:12','attendance',NULL,'expired',NULL),(681,'OVERTIME-ATTENDANCE-b52e8af8-f287-4f8e-9950-0d615e67b832','2025-08-05 22:04:33','2025-08-05 22:04:51','attendance',NULL,'expired',NULL),(682,'OVERTIME-ATTENDANCE-0909b2a1-c701-494a-a92a-8671ec1a63ed','2025-08-05 22:37:41','2025-08-05 22:37:59','attendance',NULL,'expired',NULL),(683,'NORMAL-SHIFT-8ea7bcf9-76d0-4e27-ac7e-41afeb205630','2025-08-11 11:47:00','2025-08-11 11:48:00','clock-in',NULL,'expired',NULL),(684,'SHIFT-PROOF-2025/08/11-b5362a4a-a1ce-47b9-b53d-896f90ec6a93','2025-08-11 11:49:00','2025-08-11 11:50:00','attendanceNormal',NULL,'expired',NULL),(685,'NORMAL-SHIFT-4d8000a0-f96e-4507-8ccf-44e1597a029f','2025-08-12 12:32:00','2025-08-12 12:33:00','clock-in',NULL,'expired',NULL),(686,'SHIFT-PROOF-2025/08/12-082b27e9-ad0f-4d0b-be36-a1b4e91dee64','2025-08-12 12:33:00','2025-08-12 12:34:00','attendanceNormal',NULL,'expired',NULL),(687,'NORMAL-SHIFT-caef0fbe-44eb-42fc-a723-e70cfc4a804a','2025-08-12 12:41:00','2025-08-12 12:42:00','clock-in',NULL,'expired',NULL),(688,'SHIFT-PROOF-2025/08/12-72f0976d-7f14-4a88-ab11-63f45b54c093','2025-08-12 12:42:00','2025-08-12 12:43:00','attendanceNormal',NULL,'expired',NULL),(689,'NORMAL-SHIFT-6aa32586-d30c-422b-8815-30ae52666949','2025-08-12 12:43:00','2025-08-12 12:44:00','clock-in',NULL,'expired',NULL),(690,'SHIFT-PROOF-2025/08/12-1c9f0440-358b-464b-a2ae-09fe8cf39de6','2025-08-12 12:44:00','2025-08-12 12:45:00','attendanceNormal',NULL,'expired',NULL),(691,'NORMAL-SHIFT-1dadb336-8215-4a46-a247-4d6429a8eb7a','2025-08-12 12:46:00','2025-08-12 12:47:00','clock-in',NULL,'expired',NULL),(692,'SHIFT-PROOF-2025/08/12-e94d6edc-43d0-4dc4-a37d-9b0226ff96e7','2025-08-12 12:47:30','2025-08-12 12:48:30','attendanceNormal',NULL,'expired',NULL),(693,'NORMAL-SHIFT-6ff2ef0a-36c7-4fe6-bc93-b6d6ed33fedd','2025-08-12 12:50:00','2025-08-12 12:51:00','clock-in',NULL,'expired',NULL),(694,'SHIFT-PROOF-2025/08/12-062ba94b-31fd-4daa-9092-b41c6a6d5064','2025-08-12 12:51:00','2025-08-12 12:52:00','attendanceNormal',NULL,'expired',NULL),(695,'NORMAL-SHIFT-27e3e7b8-429b-4a5d-93ff-709a8a21c9e6','2025-08-12 12:52:00','2025-08-12 12:53:00','clock-in',NULL,'expired',NULL),(696,'NORMAL-SHIFT-17b7ac3c-468b-4b1b-8115-eba896d1d2c8','2025-08-12 12:56:30','2025-08-12 12:57:30','clock-in',NULL,'expired',NULL),(697,'SHIFT-PROOF-2025/08/12-511a479a-6a4d-4575-9cad-1374ea2a9b7b','2025-08-12 12:57:30','2025-08-12 12:58:30','attendanceNormal',NULL,'expired',NULL),(698,'NORMAL-SHIFT-77230dbc-86ff-4fd1-a876-7115817af3d8','2025-08-12 13:00:00','2025-08-12 13:01:00','clock-in',NULL,'expired',NULL),(699,'SHIFT-PROOF-2025/08/12-bc3f2c26-13c7-47fd-a0c0-eab544dcc195','2025-08-12 13:01:00','2025-08-12 13:02:00','attendanceNormal',NULL,'expired',NULL),(700,'NORMAL-SHIFT-d26b8cf8-f272-4618-8d8f-2d71bba809b4','2025-08-12 17:00:00','2025-08-12 17:01:00','clock-in',NULL,'expired',NULL),(701,'NORMAL-SHIFT-1332a4d2-515b-4bd9-8b92-3b4252738963','2025-09-04 17:00:00','2025-09-04 17:01:00','clock-in',NULL,'expired',NULL),(702,'NORMAL-SHIFT-4818a7fd-34d9-48c3-ac8e-01a0d4d4b324','2025-09-04 17:54:00','2025-09-04 17:55:00','clock-in',NULL,'expired',NULL),(703,'NORMAL-SHIFT-bae5817b-9454-4c75-a3aa-26270c596cb9','2025-09-04 17:59:00','2025-09-04 18:00:00','clock-in',NULL,'expired',NULL),(704,'NORMAL-SHIFT-f0f3ebb6-814f-419a-bac1-06afa1cb230c','2025-09-04 19:57:30','2025-09-04 19:58:30','clock-in',NULL,'expired',NULL),(705,'SHIFT-PROOF-2025/09/04-214da6d2-3668-4915-b820-3441f1eb1a68','2025-09-04 20:00:00','2025-09-04 20:01:00','attendanceNormal',NULL,'expired',NULL),(706,'SHIFT-PROOF-2025/09/04-c8616533-b5f6-4152-9c9e-c0285844a1df','2025-09-04 20:01:00','2025-09-04 20:02:00','attendanceNormal',NULL,'expired',NULL),(707,'NORMAL-SHIFT-b935c26d-4a7a-49ea-a384-63c4b64ff1f8','2025-09-04 20:06:00','2025-09-04 20:07:00','clock-in',NULL,'expired',NULL),(708,'SHIFT-PROOF-2025/09/04-1b83417b-eb76-4fd5-9f5b-9a950788532e','2025-09-04 20:10:00','2025-09-04 20:11:00','attendanceNormal',NULL,'expired',NULL),(709,'NORMAL-SHIFT-b138c787-15f2-4505-8528-bb2a30b7d47c','2025-09-04 20:55:00','2025-09-04 20:56:00','clock-in',NULL,'expired',NULL),(710,'SHIFT-PROOF-2025/09/04-9e91b57e-85f5-4e1e-9244-60bd45fc6c79','2025-09-04 20:56:00','2025-09-04 20:57:00','attendanceNormal',NULL,'expired',NULL),(711,'NORMAL-SHIFT-f1875d52-77e8-485a-bb54-1422d14783e5','2025-09-04 21:01:00','2025-09-04 21:02:00','clock-in',NULL,'expired',NULL),(712,'SHIFT-PROOF-2025/09/04-de336443-c3dd-480d-b881-f66a5db2ccc0','2025-09-04 21:05:00','2025-09-04 21:06:00','attendanceNormal',NULL,'expired',NULL),(713,'NORMAL-SHIFT-71df5144-9497-47a1-b70e-5ad352bf237e','2025-09-04 21:11:00','2025-09-04 21:12:00','clock-in',NULL,'expired',NULL),(714,'SHIFT-PROOF-2025/09/04-6aa566aa-2b5f-4a7c-b0ee-252cd0666b17','2025-09-04 21:15:00','2025-09-04 21:16:00','attendanceNormal',NULL,'expired',NULL),(715,'NORMAL-SHIFT-16573d45-fdc3-41bf-aaf4-0494a982063f','2025-09-04 21:20:00','2025-09-04 20:24:43','clock-in',NULL,'expired',NULL),(716,'SHIFT-PROOF-2025/09/04-5accbc79-4bfe-4a72-ab01-19fb315fe4c5','2025-09-04 21:21:00','2025-09-04 21:22:00','attendanceNormal',NULL,'expired',NULL),(717,'NORMAL-SHIFT-5e10bb18-b1d4-45a8-b167-2dd0658e394e','2025-09-04 21:51:00','2025-09-04 20:54:06','clock-in',NULL,'expired',NULL),(718,'SHIFT-PROOF-2025/09/04-6369cd3d-a2a6-41ae-940b-54ed1ccbcd34','2025-09-04 21:55:00','2025-09-04 21:56:00','attendanceNormal',NULL,'expired',NULL),(719,'NORMAL-SHIFT-0b705cc4-af00-4f4e-8d6b-0adb9701b251','2025-09-04 21:57:00','2025-09-04 21:58:00','clock-in',NULL,'expired',NULL),(720,'SHIFT-PROOF-2025/09/04-355c4304-2420-4a61-97db-1b4f738b4488','2025-09-04 21:58:00','2025-09-04 21:59:00','attendanceNormal',NULL,'expired',NULL),(721,'NORMAL-SHIFT-1d8f419b-1d0e-4bc2-9d8e-ac884a83a0d2','2025-09-04 21:59:00','2025-09-04 22:00:00','clock-in',NULL,'expired',NULL),(722,'NORMAL-SHIFT-0f818288-4b16-4e03-a086-5cef65491a20','2025-09-04 22:01:30','2025-09-04 21:02:31','clock-in',NULL,'expired',NULL),(723,'SHIFT-PROOF-2025/09/04-4fb52e6d-b3ab-42a5-b68d-76228081ab85','2025-09-04 22:05:00','2025-09-04 22:06:00','attendanceNormal',NULL,'expired',NULL),(724,'NORMAL-SHIFT-14a8fd16-e274-4a3d-98c3-5ead49de057c','2025-09-04 22:06:00','2025-09-04 23:07:01','clock-in',NULL,'expired',NULL),(725,'SHIFT-PROOF-2025/09/04-906753db-9f2c-40a2-94b8-443087602d4d','2025-09-04 22:10:30','2025-09-04 22:11:30','attendanceNormal',NULL,'expired',NULL),(726,'NORMAL-SHIFT-43dd8aa7-d5db-4a31-baa0-ca345182aa74','2025-09-04 22:37:00','2025-09-04 22:38:00','clock-in',NULL,'expired',NULL),(727,'NORMAL-SHIFT-af05809b-f72a-47b7-aae3-61c97b60b5ab','2025-09-04 22:39:00','2025-09-04 23:40:01','clock-in',NULL,'expired',NULL),(728,'SHIFT-PROOF-2025/09/04-b5c0d462-7f15-4925-9424-b44d684ae657','2025-09-04 22:42:30','2025-09-04 22:43:30','attendanceNormal',NULL,'expired',NULL),(729,'NORMAL-SHIFT-5e83d8e7-54ad-4a01-9e59-8b4b90d3c1b1','2025-09-04 22:43:00','2025-09-04 23:44:01','clock-in',NULL,'expired',NULL),(730,'NORMAL-SHIFT-4c8d5509-bdcb-4f4e-95af-f92b51421a7d','2025-09-04 22:46:00','2025-09-04 23:47:01','clock-in',NULL,'expired',NULL),(731,'NORMAL-SHIFT-a57a4a50-8059-4893-ab58-3f380c1c2bf0','2025-09-04 22:48:00','2025-09-04 22:49:00','clock-in',NULL,'expired',NULL),(732,'SHIFT-PROOF-2025/09/04-7e7b39a3-5df2-47ad-955f-5fedd13e77c0','2025-09-04 22:55:30','2025-09-04 22:56:30','attendanceNormal',NULL,'expired',NULL),(733,'NORMAL-SHIFT-b86fc873-0ad0-4ec1-a327-b83c88d6b058','2025-09-04 23:00:00','2025-09-04 23:01:00','clock-in',NULL,'expired',NULL),(734,'SHIFT-PROOF-2025/09/04-1ca944c2-aab2-41e4-a382-86f57b18de60','2025-09-04 23:30:00','2025-09-04 23:31:00','attendanceNormal',NULL,'expired',NULL),(735,'NORMAL-SHIFT-400e893b-9f23-40a2-bfe3-bbe0ca31cfa7','2025-09-05 00:21:00','2025-09-05 00:24:01','clock-in',NULL,'expired',NULL),(736,'SHIFT-PROOF-2025/09/05-e6d125bf-7e22-467a-bc86-3ec5489ad58f','2025-09-05 00:22:00','2025-09-05 00:23:00','attendanceNormal',NULL,'expired',NULL),(737,'NORMAL-SHIFT-5e679a34-7d92-4688-8092-96aa6ed48571','2025-09-05 00:28:00','2025-09-05 00:29:00','clock-in',NULL,'expired',NULL),(738,'NORMAL-SHIFT-63d11d24-7887-4cc5-94f9-c73d3ad1b1c3','2025-09-05 00:30:00','2025-09-05 00:32:01','clock-in',NULL,'expired',NULL),(739,'NORMAL-SHIFT-f50d5236-acd6-41a9-b6fd-782d6427d65a','2025-09-05 00:59:00','2025-09-05 01:00:00','clock-in',NULL,'expired',NULL),(740,'NORMAL-SHIFT-ffc2590e-da63-4691-97b3-a49bb014d32d','2025-09-05 01:03:30','2025-09-05 01:04:30','clock-in',NULL,'expired',NULL),(741,'NORMAL-SHIFT-97f2e5a2-2b90-4e3e-a41e-0e8a74a37de3','2025-09-07 21:30:30','2025-09-07 22:31:31','clock-in',NULL,'expired',NULL),(742,'SHIFT-PROOF-2025/09/07-008ee604-e9a4-43e8-b61a-a448c197c74d','2025-09-07 21:35:00','2025-09-07 21:36:00','attendanceNormal',NULL,'expired',NULL),(743,'NORMAL-SHIFT-d3fc178e-a0aa-4515-8a6b-89d88eb0108f','2025-09-07 21:40:00','2025-09-07 21:41:00','clock-in',NULL,'expired',NULL),(744,'SHIFT-PROOF-2025/09/07-b259f2be-12e8-46f1-b73b-97ce4ad53701','2025-09-07 21:41:00','2025-09-07 21:42:00','attendanceNormal',NULL,'expired',NULL),(745,'NORMAL-SHIFT-91f9756e-9213-4b72-8e2b-98da06c3ca5c','2025-09-07 21:59:00','2025-09-07 22:00:00','clock-in',NULL,'expired',NULL),(746,'NORMAL-SHIFT-8d26cb91-77cb-4e58-bc39-9d46eef4e8b7','2025-09-07 22:09:00','2025-09-07 22:10:00','clock-in',NULL,'expired',NULL),(747,'NORMAL-SHIFT-cf60beab-3438-4fd9-8ca8-f0b2802f4d2d','2025-09-07 22:34:30','2025-09-07 22:35:30','clock-in',NULL,'expired',NULL),(748,'NORMAL-SHIFT-df677b83-d88d-426f-8b42-e73970db018c','2025-09-07 22:38:00','2025-09-07 22:39:00','clock-in',NULL,'expired',NULL),(749,'NORMAL-SHIFT-413d1c23-4d36-4247-959e-731838548a87','2025-09-07 22:42:30','2025-09-07 22:43:31','clock-in',NULL,'expired',NULL),(750,'NORMAL-SHIFT-4d5b2387-9fa2-48c7-bd22-bc43030aa46f','2025-09-07 22:45:00','2025-09-07 22:46:00','clock-in',NULL,'expired',NULL),(751,'SHIFT-PROOF-2025/09/07-432ecd14-01ce-4ce0-acb2-07a3e0774316','2025-09-07 22:47:00','2025-09-07 22:48:00','attendanceNormal',NULL,'expired',NULL),(752,'NORMAL-SHIFT-32ddff84-5715-4dcb-88ad-0564eeffbfe4','2025-09-07 22:50:30','2025-09-07 22:51:30','clock-in',NULL,'expired',NULL),(753,'SHIFT-PROOF-2025/09/07-21b2d2fa-c81f-47b0-98ff-513e31039d6c','2025-09-07 22:53:00','2025-09-07 22:54:00','attendanceNormal',NULL,'expired',NULL),(754,'NORMAL-SHIFT-5fbdd786-1502-4d82-8640-faaed17b32ea','2025-09-07 22:59:00','2025-09-07 23:00:00','clock-in',NULL,'expired',NULL),(755,'SHIFT-PROOF-2025/09/07-f05d3cbc-ae87-4efb-8642-32ccb9140fe5','2025-09-07 23:01:00','2025-09-07 23:02:00','attendanceNormal',NULL,'expired',NULL),(756,'NORMAL-SHIFT-b78416d8-2dd7-4857-964c-79d64fb8af7e','2025-09-08 15:48:10','2025-09-08 15:49:10','clock-in',NULL,'expired',NULL),(757,'SHIFT-PROOF-2025/09/08-998bb56a-b820-4657-88cf-5935dac38ba6','2025-09-08 15:52:00','2025-09-08 15:53:00','attendanceNormal',NULL,'expired',NULL),(758,'NORMAL-SHIFT-0410012d-cb6a-410b-b457-ef917b9ba973','2025-09-08 15:56:10','2025-09-08 13:58:11','clock-in',NULL,'expired',NULL),(759,'SHIFT-PROOF-2025/09/08-1242b383-12b9-495e-a0e2-d132dfd438ec','2025-09-08 15:59:10','2025-09-08 16:00:10','attendanceNormal',NULL,'expired',NULL),(760,'f497a4fa-2f90-4708-ad0b-efcadfe522b0','2025-09-08 23:53:59','2025-09-08 23:54:18','overtime',NULL,'expired',NULL),(761,'OVERTIME-ATTENDANCE-c63fe31f-785a-49b3-b9a3-f84dd099be9e','2025-09-08 23:54:00','2025-09-08 23:54:18','attendance',NULL,'expired',NULL),(762,'11ca0ba2-1d81-4e0f-a9e0-73e3349248c9','2025-09-08 23:54:11','2025-09-08 23:54:29','overtime',NULL,'expired',NULL),(763,'OVERTIME-ATTENDANCE-ad200466-153e-4743-92c2-de17210b0304','2025-09-08 23:54:12','2025-09-08 23:54:30','attendance',NULL,'expired',NULL),(764,'afefda7a-f644-4873-afc5-6960f6da2ac4','2025-09-08 23:54:16','2025-09-08 23:54:34','overtime',NULL,'expired',NULL),(765,'OVERTIME-ATTENDANCE-c48bd69d-d202-45dd-86e8-92164e13196c','2025-09-08 23:54:17','2025-09-08 23:54:35','attendance',NULL,'expired',NULL),(766,'ff5105df-c5f4-44d1-a8ed-bcdf7259541f','2025-09-08 23:54:57','2025-09-08 23:55:15','overtime',NULL,'expired',NULL),(767,'OVERTIME-ATTENDANCE-fb343e22-1ae7-4e61-8151-96e043a6b5ff','2025-09-08 23:54:58','2025-09-08 23:55:16','attendance',NULL,'expired',NULL),(768,'f5a15c10-91ec-4345-ba9c-24606948e6c1','2025-09-08 23:58:05','2025-09-08 23:58:24','overtime',NULL,'expired',NULL),(769,'OVERTIME-ATTENDANCE-720bfd5a-5182-4f80-812c-e73cfa1a0c7d','2025-09-08 23:58:06','2025-09-08 23:58:24','attendance',NULL,'expired',NULL),(770,'17961594-e2dd-4cc5-9367-54b6e1f63527','2025-09-08 23:58:12','2025-09-08 23:58:30','overtime',NULL,'expired',NULL),(771,'OVERTIME-ATTENDANCE-5db4336e-fbab-4b6c-82e9-f186b65ba6fb','2025-09-08 23:58:13','2025-09-08 23:58:31','attendance',NULL,'expired',NULL),(772,'dd79c16f-a62e-4cd7-b638-8a1a54027590','2025-09-08 23:58:14','2025-09-08 23:58:32','overtime',NULL,'expired',NULL),(773,'OVERTIME-ATTENDANCE-7cd02566-a098-42fc-9e82-15ecc8785166','2025-09-08 23:58:15','2025-09-08 23:58:33','attendance',NULL,'expired',NULL),(774,'1ab91b51-c7d2-4589-bc8a-ce8e2e6cc9dd','2025-09-08 23:58:53','2025-09-08 23:59:11','overtime',NULL,'expired',NULL),(775,'OVERTIME-ATTENDANCE-5bae8cd4-39e1-48c2-8961-cd0f89ab733a','2025-09-08 23:58:54','2025-09-08 23:59:12','attendance',NULL,'expired',NULL),(776,'ce1a6ab2-2f9e-4f5e-9383-c0eef2c1e48e','2025-09-08 23:59:25','2025-09-08 23:59:44','overtime',NULL,'expired',NULL),(777,'OVERTIME-ATTENDANCE-028b2a6c-de9e-4fe5-8689-d69c8ffc18c2','2025-09-08 23:59:26','2025-09-08 23:59:44','attendance',NULL,'expired',NULL),(778,'7a3106f0-e1fa-458a-9735-55193e509557','2025-09-09 00:00:20','2025-09-09 00:00:39','overtime',NULL,'expired',NULL),(779,'OVERTIME-ATTENDANCE-6e8efdda-3ae8-44f8-8b98-a57870e34fa3','2025-09-09 00:00:45','2025-09-09 00:01:03','attendance',NULL,'expired',NULL),(780,'bbd24ac1-95cb-4bae-af4b-e159fc5084bd','2025-09-09 00:04:06','2025-09-09 00:04:25','overtime',NULL,'expired',NULL),(781,'OVERTIME-ATTENDANCE-33f37da3-633c-48c1-acd2-4759e3dd9cee','2025-09-09 00:05:01','2025-09-09 00:05:20','attendance',NULL,'expired',NULL),(782,'9421480c-d4d1-49ba-9468-11ee9f25e288','2025-09-09 00:05:18','2025-09-09 00:05:36','overtime',NULL,'expired',NULL),(783,'49e5d6d5-94e6-4e9c-8f7b-ec88d3af2597','2025-09-09 00:07:02','2025-09-09 00:07:20','overtime',NULL,'expired',NULL),(789,'1d0c6b08-2613-454c-8571-cdeed745ba88','2025-09-09 00:08:21','2025-09-09 00:08:39','overtime',NULL,'expired',NULL),(790,'OVERTIME-ATTENDANCE-cc531ae6-1156-46dd-ae07-ce04a8ae36e0','2025-09-09 00:08:41','2025-09-09 00:08:59','attendance',NULL,'expired',NULL),(791,'92371152-f91d-48ac-a64f-57484266012e','2025-09-09 00:08:43','2025-09-09 00:09:02','overtime',NULL,'expired',NULL),(792,'OVERTIME-ATTENDANCE-4425aad1-3cef-4b25-afeb-919c2882b969','2025-09-09 00:20:17','2025-09-09 00:20:36','attendance',NULL,'expired',NULL),(803,'f92c8472-20c1-4565-aed3-370165093356','2025-09-09 00:27:03','2025-09-09 00:27:22','overtime',NULL,'expired',NULL),(804,'OVERTIME-ATTENDANCE-d99c0fd8-7538-4096-a3ee-7ec4f0091205','2025-09-09 00:30:49','2025-09-09 00:31:08','attendance',NULL,'expired',NULL),(805,'99926c59-8e07-48b8-b2bd-0015bbbc3a2c','2025-09-09 00:30:51','2025-09-09 00:31:10','overtime',NULL,'expired',NULL),(806,'13c532f9-269a-4044-a676-1aae5799fa72','2025-09-09 00:31:56','2025-09-09 00:32:14','overtime',NULL,'expired',NULL),(807,'OVERTIME-ATTENDANCE-c19f837e-ace1-4bf3-8619-929c4ad00dfe','2025-09-09 00:32:20','2025-09-09 00:32:38','attendance',NULL,'expired',NULL),(808,'faab231d-b52e-451e-bdc2-e234a20c826b','2025-09-09 00:32:26','2025-09-09 00:32:44','overtime',NULL,'expired',NULL),(809,'9332b6e9-bd6b-4a3e-869b-5e122ff8890d','2025-09-09 00:37:41','2025-09-09 00:37:59','overtime',NULL,'expired',NULL),(810,'OVERTIME-ATTENDANCE-387c8e1f-d402-46c3-83fc-d562864a3d79','2025-09-09 00:41:36','2025-09-09 00:41:54','attendance',NULL,'expired',NULL),(811,'bce59035-7a77-4fe1-81c9-69f8511948ef','2025-09-09 00:41:38','2025-09-09 00:41:56','overtime',NULL,'expired',NULL),(812,'d911bb81-a48c-4112-aa80-2c0010a57549','2025-09-09 00:42:23','2025-09-09 00:42:42','overtime',NULL,'expired',NULL),(813,'OVERTIME-ATTENDANCE-8e6a1657-f421-4a62-a875-d9a49131e15f','2025-09-09 00:42:58','2025-09-09 00:43:16','attendance',NULL,'expired',NULL),(814,'7f15b2a1-42e2-4712-82cd-fc5cb9a4b721','2025-09-09 00:43:00','2025-09-09 00:43:18','overtime',NULL,'expired',NULL),(815,'58427415-d18b-4d39-a270-cd03e36465b4','2025-09-09 00:43:40','2025-09-09 00:43:58','overtime',NULL,'expired',NULL),(816,'OVERTIME-ATTENDANCE-b3d4a16c-92eb-4f73-bb3a-d2eb9430f063','2025-09-09 00:44:20','2025-09-09 00:44:38','attendance',NULL,'expired',NULL),(817,'68197161-46b4-4d9f-b358-2ae5afd0af2f','2025-09-09 00:44:21','2025-09-09 00:44:39','overtime',NULL,'expired',NULL),(818,'OVERTIME-ATTENDANCE-8f4fe1ed-e7ea-4a0b-93c4-8cf310276b55','2025-09-09 00:44:34','2025-09-09 00:44:53','attendance',NULL,'expired',NULL),(819,'2a2b1a80-cf0b-49d1-90b2-ffbe4ff06a5f','2025-09-09 00:44:35','2025-09-09 00:44:54','overtime',NULL,'expired',NULL),(820,'dd3bcf4b-0d90-48e4-b2e6-5ed2ee3df3cc','2025-09-09 00:45:03','2025-09-09 00:45:21','overtime',NULL,'expired',NULL),(821,'OVERTIME-ATTENDANCE-0e65cfd3-52ab-4405-abac-ef768b10a97c','2025-09-09 00:46:14','2025-09-09 00:46:33','attendance',NULL,'expired',NULL),(822,'8897c258-57f2-4b4f-89a8-58d56eb84dbe','2025-09-09 00:46:16','2025-09-09 00:46:35','overtime',NULL,'expired',NULL),(823,'310b402f-a63d-4c28-96f5-a8a132bd1b17','2025-09-09 00:47:05','2025-09-09 00:47:23','overtime',NULL,'expired',NULL),(824,'OVERTIME-ATTENDANCE-d0ad8363-7a21-4b26-8bfc-c655ff27f90a','2025-09-09 00:48:14','2025-09-09 00:48:33','attendance',NULL,'expired',NULL),(825,'66a7bde7-59ac-4c20-9413-96fbbeb96fc5','2025-09-09 00:48:18','2025-09-09 00:48:36','overtime',NULL,'expired',NULL),(826,'1c886439-4a63-4517-8c33-19cb4337f0ab','2025-09-09 00:49:24','2025-09-09 00:49:43','overtime',NULL,'expired',NULL),(827,'OVERTIME-ATTENDANCE-7f8d344a-ca2f-417a-b693-54fdfa2ae4fa','2025-09-09 01:05:19','2025-09-09 01:05:37','attendance',NULL,'expired',NULL),(828,'OVERTIME-ATTENDANCE-56c6f2d8-2f56-417b-9a0d-990d6c1e46ae','2025-09-09 01:08:45','2025-09-09 01:09:03','attendance',NULL,'expired',NULL),(829,'OVERTIME-ATTENDANCE-492aa28b-d43a-4266-96fb-8f696cb103d3','2025-09-09 01:30:53','2025-09-09 01:31:11','attendance',NULL,'expired',NULL),(830,'OVERTIME-ATTENDANCE-72ed48e6-c9bd-4837-a539-a4bd984817fc','2025-09-09 01:32:27','2025-09-09 01:32:45','attendance',NULL,'expired',NULL),(831,'OVERTIME-ATTENDANCE-1703fc15-5bcc-42fc-b93e-e5bbbf81f8ac','2025-09-09 10:50:48','2025-09-09 10:51:07','attendance',NULL,'expired',NULL),(832,'OVERTIME-ATTENDANCE-100bf11d-283e-4dc2-8f6d-89853b75ce86','2025-09-09 10:50:48','2025-09-09 10:51:07','attendance',NULL,'expired',NULL),(833,'OVERTIME-ATTENDANCE-1c34f22f-eea6-4074-91a1-43d30a0d6e8e','2025-09-09 10:50:48','2025-09-09 10:51:07','attendance',NULL,'expired',NULL),(834,'OVERTIME-ATTENDANCE-a54337d3-59b9-46c6-83c1-d8ff7373d76a','2025-09-09 10:50:48','2025-09-09 10:51:07','attendance',NULL,'expired',NULL),(835,'OVERTIME-ATTENDANCE-c26416a6-e0c5-4f73-8d4c-e0ac9d7f0a29','2025-09-09 10:50:48','2025-09-09 10:51:07','attendance',NULL,'expired',NULL),(836,'OVERTIME-ATTENDANCE-d95ceb85-c900-4cd1-9ab2-26d1d95b2c74','2025-09-09 10:50:48','2025-09-09 10:51:07','attendance',NULL,'expired',NULL),(837,'8565991e-442b-4f35-897f-5fe8eb41b5e5','2025-09-09 13:36:56','2025-09-09 13:37:15','overtime',NULL,'expired',NULL),(838,'OVERTIME-ATTENDANCE-c8b4205a-47e3-4115-9d45-e78415da3207','2025-09-09 13:46:02','2025-09-09 13:46:21','attendance',NULL,'expired',NULL),(839,'9f29b600-b30e-4b03-aee1-528bf0fd1628','2025-09-09 21:25:10','2025-09-09 21:25:29','overtime',NULL,'expired',NULL),(840,'885526fa-5667-43f7-a1be-59933a835eea','2025-09-09 21:47:24','2025-09-09 21:47:43','overtime',NULL,'expired',NULL),(841,'OVERTIME-ATTENDANCE-963525dd-15a5-446b-82df-bb1f60d4ce5b','2025-09-09 22:21:40','2025-09-09 22:21:59','attendance',NULL,'expired',NULL),(842,'58ce80f5-20a3-4581-b437-bc22605d265c','2025-09-09 22:21:46','2025-09-09 22:22:04','overtime',NULL,'expired',NULL),(843,'c96ac3a4-ed14-400c-a0eb-c25de6e515d9','2025-09-09 22:22:17','2025-09-09 22:22:36','overtime',NULL,'expired',NULL),(844,'OVERTIME-ATTENDANCE-172f2575-322b-4eb1-b801-6d7eee493aaa','2025-09-09 22:24:09','2025-09-09 22:24:27','attendance',NULL,'expired',NULL),(845,'OVERTIME-ATTENDANCE-43252f18-0415-403d-8d1a-93bfabd3ef61','2025-09-09 22:25:12','2025-09-09 22:25:30','attendance',NULL,'expired',NULL),(846,'391a6ab3-f82f-44fc-b5b4-9313a90bd90f','2025-09-09 22:29:55','2025-09-09 22:30:13','overtime',NULL,'expired',NULL),(847,'OVERTIME-ATTENDANCE-893adb7f-6f71-4e8d-a201-082412cc5d3a','2025-09-09 22:42:44','2025-09-09 22:43:02','attendance',NULL,'expired',NULL),(848,'OVERTIME-ATTENDANCE-2a7915b5-2bde-4dc5-89e5-fc56f085f358','2025-09-09 23:21:47','2025-09-09 23:22:05','attendance',NULL,'expired',NULL),(849,'dca963dc-5547-4014-b717-c98d92f334c0','2025-09-10 16:32:29','2025-09-10 16:32:47','overtime',NULL,'expired',NULL),(850,'OVERTIME-ATTENDANCE-7e2d2647-2793-4d83-ab6c-ede0dce03ec5','2025-09-13 21:17:39','2025-09-13 21:17:58','attendance',NULL,'expired',NULL),(851,'NORMAL-SHIFT-3a0c7b27-eb5f-4f01-b8a6-8fd4f83040e4','2025-09-13 21:36:30','2025-09-13 19:50:27','clock-in',NULL,'expired',NULL),(852,'SHIFT-PROOF-2025/09/13-28236fc8-1a87-4b6c-9933-4fcda6260f03','2025-09-13 21:40:00','2025-09-13 21:41:00','attendanceNormal',NULL,'expired',NULL),(853,'NORMAL-SHIFT-aa71be0f-e722-42ce-b828-26da0d3bbaa2','2025-09-13 21:42:00','2025-09-13 19:53:01','clock-in',NULL,'expired',NULL),(854,'SHIFT-PROOF-2025/09/13-357a478d-b2bc-4002-99f3-fc48d2e9b778','2025-09-13 21:45:00','2025-09-13 21:46:00','attendanceNormal',NULL,'expired',NULL),(855,'NORMAL-SHIFT-93ba84fa-7093-49bc-9d04-63e542000dbe','2025-09-13 21:48:00','2025-09-13 19:59:01','clock-in',NULL,'expired',NULL),(856,'SHIFT-PROOF-2025/09/13-b7ee0009-331e-492c-8bbc-efaeefef51f1','2025-09-13 21:50:00','2025-09-13 21:51:00','attendanceNormal',NULL,'expired',NULL),(857,'a6b9b8d8-fbae-4636-ad7b-539f2937b846','2025-09-13 21:55:50','2025-09-13 21:56:08','overtime',NULL,'expired',NULL),(858,'OVERTIME-ATTENDANCE-6c385da0-8a76-40a3-9e03-2a5d95bda8fb','2025-09-13 21:57:13','2025-09-13 21:57:32','attendance',NULL,'expired',NULL),(859,'2a860dee-7234-4739-a5f8-1cd83826e47e','2025-09-13 21:57:58','2025-09-13 21:58:16','overtime',NULL,'expired',NULL),(860,'OVERTIME-ATTENDANCE-cd8e1382-c532-4392-bfbe-9f626d950c40','2025-09-13 21:58:49','2025-09-13 21:59:08','attendance',NULL,'expired',NULL),(861,'6f545ab3-5382-4030-8510-cdda04eb359d','2025-09-13 22:08:13','2025-09-13 22:08:32','overtime',NULL,'expired',NULL),(862,'OVERTIME-ATTENDANCE-8f40923a-5959-4d9b-a6fe-9050e16133c9','2025-09-13 22:35:51','2025-09-13 22:36:10','attendance',NULL,'expired',NULL),(863,'SHIFT-PROOF-2025/09/14-35c38682-d392-4ab1-9894-e9a90a3e1bbe','2025-09-14 02:00:00','2025-09-14 02:01:00','attendanceNormal',NULL,'expired',NULL),(864,'90309dd1-5256-4073-9891-797157ba8ab5','2025-09-14 12:30:05','2025-09-14 12:30:23','overtime',NULL,'expired',NULL),(865,'OVERTIME-ATTENDANCE-2fb24a3a-84e1-44c2-a5f7-47001c1ccb40','2025-09-14 12:31:25','2025-09-14 12:31:43','attendance',NULL,'expired',NULL),(866,'NORMAL-SHIFT-933057b4-b41f-4736-9a58-a87644d0c0cd','2025-09-14 17:00:00','2025-09-14 15:11:01','clock-in',NULL,'expired',NULL);
/*!40000 ALTER TABLE `t_qr_code` ENABLE KEYS */;
UNLOCK TABLES;

--
-- Table structure for table `t_report`
--

DROP TABLE IF EXISTS `t_report`;
/*!40101 SET @saved_cs_client     = @@character_set_client */;
/*!50503 SET character_set_client = utf8mb4 */;
CREATE TABLE `t_report` (
  `report_id` int NOT NULL AUTO_INCREMENT,
  `report_type` varchar(100) NOT NULL,
  `created_at` datetime DEFAULT CURRENT_TIMESTAMP,
  `_type` enum('attendance','payroll','overtime','leave') NOT NULL,
  `employee_id` int NOT NULL,
  PRIMARY KEY (`report_id`),
  KEY `employee_id` (`employee_id`),
  CONSTRAINT `t_report_ibfk_1` FOREIGN KEY (`employee_id`) REFERENCES `t_employee` (`employee_id`)
) ENGINE=InnoDB AUTO_INCREMENT=6 DEFAULT CHARSET=utf8mb4 COLLATE=utf8mb4_0900_ai_ci;
/*!40101 SET character_set_client = @saved_cs_client */;

--
-- Dumping data for table `t_report`
--

LOCK TABLES `t_report` WRITE;
/*!40000 ALTER TABLE `t_report` DISABLE KEYS */;
INSERT INTO `t_report` VALUES (1,'Monthly Attendance Report','2025-06-17 15:01:08','attendance',1),(2,'Overtime Summary Report','2025-06-17 15:01:08','overtime',1),(3,'Payroll Report November','2025-06-17 15:01:08','payroll',1),(4,'Leave Balance Report','2025-06-17 15:01:08','leave',1),(5,'Annual Attendance Summary','2025-06-17 15:01:08','attendance',1);
/*!40000 ALTER TABLE `t_report` ENABLE KEYS */;
UNLOCK TABLES;

--
-- Table structure for table `t_role`
--

DROP TABLE IF EXISTS `t_role`;
/*!40101 SET @saved_cs_client     = @@character_set_client */;
/*!50503 SET character_set_client = utf8mb4 */;
CREATE TABLE `t_role` (
  `role_id` int NOT NULL AUTO_INCREMENT,
  `title` varchar(255) NOT NULL,
  `description` varchar(255) DEFAULT NULL,
  `base_hourly_rate` decimal(10,2) NOT NULL,
  `overtime_hourly_rate` decimal(10,2) NOT NULL,
  PRIMARY KEY (`role_id`)
) ENGINE=InnoDB AUTO_INCREMENT=8 DEFAULT CHARSET=utf8mb4 COLLATE=utf8mb4_0900_ai_ci;
/*!40101 SET character_set_client = @saved_cs_client */;

--
-- Dumping data for table `t_role`
--

LOCK TABLES `t_role` WRITE;
/*!40000 ALTER TABLE `t_role` DISABLE KEYS */;
INSERT INTO `t_role` VALUES (1,'Bartender','Serves drinks to customers',150.00,61.00),(2,'Sparkler Girl','Walks around sexy with bottles',28.75,43.13),(3,'Waiter','Takes drinks orders from customers',126.99,23.00),(4,'Cleaner','Cleans the facility',22.50,33.75),(5,'Bouncer','Guards the entrance',21.50,30.00),(6,'Runners','Fetch the drinks and hands it to customers',25.25,37.88),(7,'Leader','Leads the team to victory every night',100.00,150.00);
/*!40000 ALTER TABLE `t_role` ENABLE KEYS */;
UNLOCK TABLES;

--
-- Table structure for table `t_schedule`
--

DROP TABLE IF EXISTS `t_schedule`;
/*!40101 SET @saved_cs_client     = @@character_set_client */;
/*!50503 SET character_set_client = utf8mb4 */;
CREATE TABLE `t_schedule` (
  `schedule_id` int NOT NULL AUTO_INCREMENT,
  `period_start_date` datetime NOT NULL,
  `period_end_date` datetime NOT NULL,
  `created_at` datetime DEFAULT CURRENT_TIMESTAMP,
  `updated_at` datetime DEFAULT CURRENT_TIMESTAMP ON UPDATE CURRENT_TIMESTAMP,
  PRIMARY KEY (`schedule_id`)
) ENGINE=InnoDB AUTO_INCREMENT=44 DEFAULT CHARSET=utf8mb4 COLLATE=utf8mb4_0900_ai_ci;
/*!40101 SET character_set_client = @saved_cs_client */;

--
-- Dumping data for table `t_schedule`
--

LOCK TABLES `t_schedule` WRITE;
/*!40000 ALTER TABLE `t_schedule` DISABLE KEYS */;
INSERT INTO `t_schedule` VALUES (1,'2023-11-01 00:00:00','2023-11-30 23:59:59','2025-05-20 22:38:21','2025-05-20 22:38:21'),(2,'2023-12-01 00:00:00','2023-12-31 23:59:59','2025-05-20 22:38:21','2025-05-20 22:38:21'),(3,'2025-06-22 00:00:00','2025-06-23 00:00:00','2025-06-22 21:42:14','2025-06-22 21:42:14'),(4,'2025-06-23 00:00:00','2025-06-24 00:00:00','2025-06-23 00:42:14','2025-06-23 00:42:14'),(5,'2025-06-24 00:00:00','2025-06-25 00:00:00','2025-06-24 13:36:04','2025-06-24 13:36:04'),(6,'2025-06-25 00:00:00','2025-06-26 00:00:00','2025-06-25 14:06:23','2025-06-25 14:06:23'),(7,'2025-06-27 00:00:00','2025-06-28 00:00:00','2025-06-27 18:21:34','2025-06-27 18:21:34'),(8,'2025-07-02 00:00:00','2025-07-03 00:00:00','2025-07-02 19:20:45','2025-07-02 19:20:45'),(9,'2025-07-03 00:00:00','2025-07-04 00:00:00','2025-07-03 20:40:47','2025-07-03 20:40:47'),(10,'2025-07-04 00:00:00','2025-07-05 00:00:00','2025-07-04 14:28:56','2025-07-04 14:28:56'),(11,'2025-07-07 00:00:00','2025-07-08 00:00:00','2025-07-07 18:01:41','2025-07-07 18:01:41'),(12,'2025-07-08 00:00:00','2025-07-09 00:00:00','2025-07-08 15:36:55','2025-07-08 15:36:55'),(13,'2025-07-09 00:00:00','2025-07-10 00:00:00','2025-07-09 20:43:04','2025-07-09 20:43:04'),(14,'2025-07-22 00:00:00','2025-07-23 00:00:00','2025-07-22 21:35:17','2025-07-22 21:35:17'),(15,'2025-07-23 00:00:00','2025-07-24 00:00:00','2025-07-23 13:24:18','2025-07-23 13:24:18'),(16,'2025-07-24 00:00:00','2025-07-25 00:00:00','2025-07-24 11:07:30','2025-07-24 11:07:30'),(17,'2025-07-29 00:00:00','2025-07-30 00:00:00','2025-07-29 22:17:29','2025-07-29 22:17:29'),(18,'2025-07-30 00:00:00','2025-07-31 00:00:00','2025-07-30 00:05:55','2025-07-30 00:05:55'),(19,'2025-08-04 00:00:00','2025-08-05 00:00:00','2025-08-04 21:24:50','2025-08-04 21:24:50'),(20,'2025-09-12 00:00:00','2025-09-17 00:00:00','2025-09-08 21:59:30','2025-09-08 21:59:30'),(21,'2025-09-12 00:00:00','2025-09-17 00:00:00','2025-09-08 22:07:18','2025-09-08 22:07:18'),(22,'2025-09-12 00:00:00','2025-09-17 00:00:00','2025-09-08 22:08:26','2025-09-08 22:08:26'),(23,'2025-09-12 00:00:00','2025-09-17 00:00:00','2025-09-08 22:43:42','2025-09-08 22:43:42'),(24,'2025-09-12 00:00:00','2025-09-17 00:00:00','2025-09-08 22:44:44','2025-09-08 22:44:44'),(25,'2025-09-12 00:00:00','2025-09-17 00:00:00','2025-09-08 23:09:46','2025-09-08 23:09:46'),(26,'2025-09-12 00:00:00','2025-09-17 00:00:00','2025-09-08 23:18:31','2025-09-08 23:18:31'),(27,'2025-09-12 00:00:00','2025-09-17 00:00:00','2025-09-08 23:21:23','2025-09-08 23:21:23'),(28,'2025-09-12 00:00:00','2025-09-17 00:00:00','2025-09-08 23:27:53','2025-09-08 23:27:53'),(29,'2025-09-08 00:00:00','2025-09-09 00:00:00','2025-09-08 23:53:59','2025-09-08 23:53:59'),(30,'2025-09-09 00:00:00','2025-09-10 00:00:00','2025-09-09 00:00:20','2025-09-09 00:00:20'),(31,'2025-10-03 00:00:00','2025-10-08 00:00:00','2025-09-09 23:26:08','2025-09-09 23:26:08'),(32,'2025-10-10 00:00:00','2025-10-15 00:00:00','2025-09-09 23:26:08','2025-09-09 23:26:08'),(33,'2025-10-17 00:00:00','2025-10-22 00:00:00','2025-09-09 23:26:08','2025-09-09 23:26:08'),(34,'2025-10-24 00:00:00','2025-10-29 00:00:00','2025-09-09 23:26:08','2025-09-09 23:26:08'),(35,'2025-10-31 00:00:00','2025-11-05 00:00:00','2025-09-09 23:26:08','2025-09-09 23:26:08'),(36,'2025-09-19 00:00:00','2025-09-24 00:00:00','2025-09-09 23:43:56','2025-09-09 23:43:56'),(37,'2025-09-26 00:00:00','2025-10-01 00:00:00','2025-09-09 23:43:56','2025-09-09 23:43:56'),(38,'2025-10-03 00:00:00','2025-10-08 00:00:00','2025-09-09 23:43:56','2025-09-09 23:43:56'),(39,'2025-10-10 00:00:00','2025-10-15 00:00:00','2025-09-09 23:43:56','2025-09-09 23:43:56'),(40,'2025-09-12 00:00:00','2025-09-17 00:00:00','2025-09-10 00:15:58','2025-09-10 00:15:58'),(41,'2025-09-10 00:00:00','2025-09-11 00:00:00','2025-09-10 16:32:29','2025-09-10 16:32:29'),(42,'2025-09-13 00:00:00','2025-09-14 00:00:00','2025-09-13 21:55:50','2025-09-13 21:55:50'),(43,'2025-09-14 00:00:00','2025-09-15 00:00:00','2025-09-14 12:30:05','2025-09-14 12:30:05');
/*!40000 ALTER TABLE `t_schedule` ENABLE KEYS */;
UNLOCK TABLES;

--
-- Table structure for table `t_shift`
--

DROP TABLE IF EXISTS `t_shift`;
/*!40101 SET @saved_cs_client     = @@character_set_client */;
/*!50503 SET character_set_client = utf8mb4 */;
CREATE TABLE `t_shift` (
  `shift_id` int NOT NULL AUTO_INCREMENT,
  `shift_type` enum('normal','overtime') NOT NULL DEFAULT 'normal',
  `start_time` time NOT NULL,
  `end_time` time NOT NULL,
  `date_` date NOT NULL,
  `end_date` date NOT NULL,
  `status_` enum('scheduled','completed','missed') NOT NULL DEFAULT 'scheduled',
  `employee_id` int NOT NULL,
  `schedule_id` int NOT NULL,
  `created_at` datetime DEFAULT CURRENT_TIMESTAMP,
  `updated_at` datetime DEFAULT CURRENT_TIMESTAMP ON UPDATE CURRENT_TIMESTAMP,
  `is_replacement` tinyint(1) DEFAULT '0',
  PRIMARY KEY (`shift_id`),
  KEY `employee_id` (`employee_id`),
  KEY `schedule_id` (`schedule_id`),
  CONSTRAINT `T_Shift_ibfk_1` FOREIGN KEY (`employee_id`) REFERENCES `t_employee` (`employee_id`),
  CONSTRAINT `T_Shift_ibfk_2` FOREIGN KEY (`schedule_id`) REFERENCES `t_schedule` (`schedule_id`)
) ENGINE=InnoDB AUTO_INCREMENT=2579 DEFAULT CHARSET=utf8mb4 COLLATE=utf8mb4_0900_ai_ci;
/*!40101 SET character_set_client = @saved_cs_client */;

--
-- Dumping data for table `t_shift`
--

LOCK TABLES `t_shift` WRITE;
/*!40000 ALTER TABLE `t_shift` DISABLE KEYS */;
INSERT INTO `t_shift` VALUES (1,'normal','17:00:00','02:00:00','2023-11-15','2023-11-16','completed',1,1,'2025-05-20 22:38:22','2025-06-20 14:17:57',0),(3,'overtime','02:00:00','03:00:00','2023-11-16','2023-11-16','completed',3,1,'2025-05-20 22:38:22','2025-06-20 14:17:57',0),(4,'overtime','02:00:00','03:00:00','2023-11-16','2023-11-16','completed',4,1,'2025-05-20 22:38:22','2025-06-20 14:17:57',0),(5,'overtime','21:42:14','22:42:14','2025-06-22','2025-06-22','missed',3,3,'2025-06-22 21:42:14','2025-06-23 02:03:00',0),(6,'overtime','21:42:14','22:42:14','2025-06-22','2025-06-22','missed',7,3,'2025-06-22 21:42:14','2025-06-23 02:03:00',0),(7,'overtime','21:42:14','22:42:14','2025-06-22','2025-06-22','missed',14,3,'2025-06-22 21:42:14','2025-06-23 02:03:00',0),(8,'overtime','21:42:14','22:42:14','2025-06-22','2025-06-22','completed',4,3,'2025-06-22 21:42:14','2025-06-22 23:27:50',0),(12,'overtime','21:42:39','22:42:39','2025-06-22','2025-06-22','missed',9,3,'2025-06-22 21:42:39','2025-06-23 02:03:00',0),(15,'overtime','21:42:58','22:42:58','2025-06-22','2025-06-22','missed',3,3,'2025-06-22 21:42:58','2025-06-23 02:03:00',0),(16,'overtime','21:42:58','22:42:58','2025-06-22','2025-06-22','missed',7,3,'2025-06-22 21:42:58','2025-06-23 02:03:00',0),(17,'overtime','21:42:58','22:42:58','2025-06-22','2025-06-22','missed',14,3,'2025-06-22 21:42:58','2025-06-23 02:03:00',0),(18,'overtime','21:43:22','22:43:22','2025-06-22','2025-06-22','completed',4,3,'2025-06-22 21:43:22','2025-06-22 23:27:50',0),(19,'normal','23:22:49','23:42:49','2025-06-22','2025-06-22','completed',2,3,'2025-06-22 23:22:49','2025-06-24 13:51:20',0),(20,'overtime','23:24:19','23:44:19','2025-06-22','2025-06-22','completed',15,3,'2025-06-22 23:24:19','2025-06-22 23:24:31',0),(21,'normal','23:24:19','23:44:19','2025-06-22','2025-06-22','completed',2,3,'2025-06-22 23:24:19','2025-06-24 13:51:20',0),(22,'overtime','23:24:40','23:44:40','2025-06-22','2025-06-22','completed',4,3,'2025-06-22 23:24:40','2025-06-22 23:27:50',0),(23,'overtime','23:27:56','23:47:56','2025-06-22','2025-06-22','missed',4,3,'2025-06-22 23:27:56','2025-06-23 02:03:00',0),(24,'overtime','23:35:30','23:55:30','2025-06-22','2025-06-22','missed',13,3,'2025-06-22 23:35:30','2025-06-23 02:03:00',0),(25,'overtime','23:37:32','00:37:32','2025-06-22','2025-06-22','completed',2,3,'2025-06-22 23:37:32','2025-06-24 14:11:35',0),(26,'normal','23:38:06','23:40:06','2025-06-22','2025-06-22','completed',2,3,'2025-06-22 23:38:06','2025-06-24 13:51:20',0),(31,'overtime','00:42:14','00:43:14','2025-06-22','2025-06-22','missed',9,4,'2025-06-23 00:42:14','2025-06-23 02:03:00',0),(37,'overtime','02:09:05','04:09:05','2025-06-23','2025-06-23','completed',2,4,'2025-06-23 02:09:05','2025-06-24 14:11:35',0),(38,'overtime','02:09:54','02:10:54','2025-06-23','2025-06-23','missed',2,4,'2025-06-23 02:09:54','2025-06-23 17:54:33',0),(39,'overtime','02:12:49','02:13:49','2025-06-23','2025-06-23','missed',2,4,'2025-06-23 02:12:49','2025-06-23 17:54:33',0),(40,'overtime','02:25:34','02:26:34','2025-06-23','2025-06-23','missed',2,4,'2025-06-23 02:25:34','2025-06-23 17:54:33',0),(41,'overtime','13:13:55','13:44:39','2025-06-23','2025-06-23','missed',1,4,'2025-06-23 13:13:55','2025-06-23 17:54:33',0),(42,'overtime','13:13:55','13:44:39','2025-06-23','2025-06-23','missed',6,4,'2025-06-23 13:13:55','2025-06-23 17:54:33',0),(43,'overtime','13:13:55','13:44:39','2025-06-23','2025-06-23','missed',8,4,'2025-06-23 13:13:55','2025-06-23 17:54:33',0),(44,'overtime','13:13:55','13:44:39','2025-06-23','2025-06-23','missed',9,4,'2025-06-23 13:13:55','2025-06-23 17:54:33',0),(45,'overtime','13:13:55','13:44:39','2025-06-23','2025-06-23','missed',16,4,'2025-06-23 13:13:55','2025-06-23 17:54:33',0),(46,'overtime','13:39:38','13:44:39','2025-06-23','2025-06-23','missed',1,4,'2025-06-23 13:39:38','2025-06-23 17:54:33',0),(47,'overtime','13:39:38','13:44:39','2025-06-23','2025-06-23','missed',6,4,'2025-06-23 13:39:38','2025-06-23 17:54:33',0),(48,'overtime','13:39:38','13:44:39','2025-06-23','2025-06-23','missed',8,4,'2025-06-23 13:39:38','2025-06-23 17:54:33',0),(49,'overtime','13:39:38','13:44:39','2025-06-23','2025-06-23','missed',9,4,'2025-06-23 13:39:38','2025-06-23 17:54:33',0),(54,'overtime','13:40:19','13:44:39','2025-06-23','2025-06-23','missed',9,4,'2025-06-23 13:40:19','2025-06-23 17:54:33',0),(59,'overtime','13:40:38','13:44:39','2025-06-23','2025-06-23','missed',9,4,'2025-06-23 13:40:38','2025-06-23 17:54:33',0),(64,'overtime','14:39:54','14:41:54','2025-06-23','2025-06-23','missed',9,4,'2025-06-23 14:39:54','2025-06-23 17:54:33',0),(70,'overtime','14:43:54','14:45:54','2025-06-23','2025-06-23','missed',9,4,'2025-06-23 14:43:54','2025-06-23 17:54:33',0),(77,'overtime','18:23:01','18:25:01','2025-06-23','2025-06-23','missed',13,4,'2025-06-23 18:23:01','2025-06-23 18:52:06',0),(78,'overtime','21:00:25','21:01:25','2025-06-23','2025-06-23','completed',13,4,'2025-06-23 21:00:25','2025-06-23 21:00:26',0),(104,'overtime','14:08:39','14:10:39','2025-06-25','2025-06-25','missed',9,6,'2025-06-25 14:08:39','2025-06-25 14:11:42',0),(122,'overtime','16:31:01','16:33:01','2025-06-25','2025-06-25','missed',9,6,'2025-06-25 16:31:01','2025-06-25 16:31:58',0),(131,'normal','22:02:00','22:03:00','2025-06-27','2025-06-27','missed',13,1,'2025-06-25 17:59:32','2025-06-30 20:11:05',0),(132,'normal','22:02:00','22:03:00','2025-06-27','2025-06-27','missed',2,1,'2025-06-25 17:59:32','2025-06-27 22:04:01',0),(133,'normal','22:02:00','22:02:00','2025-06-28','2025-06-28','missed',2,1,'2025-06-25 17:59:32','2025-06-30 20:11:12',0),(134,'overtime','18:21:34','18:23:34','2025-06-27','2025-06-27','missed',1,7,'2025-06-27 18:21:34','2025-06-27 18:26:39',0),(135,'overtime','18:21:34','18:23:34','2025-06-27','2025-06-27','missed',3,7,'2025-06-27 18:21:34','2025-06-27 18:26:39',0),(136,'overtime','18:21:34','18:23:34','2025-06-27','2025-06-27','missed',6,7,'2025-06-27 18:21:34','2025-06-27 18:26:39',0),(137,'overtime','18:21:34','18:23:34','2025-06-27','2025-06-27','missed',7,7,'2025-06-27 18:21:34','2025-06-27 18:26:39',0),(138,'overtime','18:21:34','18:23:34','2025-06-27','2025-06-27','missed',8,7,'2025-06-27 18:21:34','2025-06-27 18:26:39',0),(139,'overtime','18:21:34','18:23:34','2025-06-27','2025-06-27','missed',9,7,'2025-06-27 18:21:34','2025-06-27 18:26:39',0),(140,'overtime','18:21:34','18:23:34','2025-06-27','2025-06-27','missed',13,7,'2025-06-27 18:21:34','2025-06-27 18:26:39',0),(141,'overtime','18:21:34','18:23:34','2025-06-27','2025-06-27','missed',14,7,'2025-06-27 18:21:34','2025-06-27 18:26:39',0),(142,'overtime','18:21:34','18:23:34','2025-06-27','2025-06-27','missed',16,7,'2025-06-27 18:21:34','2025-06-27 18:26:39',0),(143,'overtime','18:27:06','18:29:06','2025-06-27','2025-06-27','missed',4,7,'2025-06-27 18:27:06','2025-06-27 18:28:53',0),(144,'overtime','18:27:06','18:29:06','2025-06-27','2025-06-27','missed',15,7,'2025-06-27 18:27:06','2025-06-27 18:28:53',0),(145,'normal','19:00:00','05:00:00','2025-06-27','2025-06-28','completed',2,5,'2025-06-30 19:49:18','2025-07-03 18:19:29',0),(146,'normal','19:00:00','05:00:00','2025-06-27','2025-06-28','completed',3,5,'2025-06-30 19:49:18','2025-06-30 20:09:06',0),(147,'normal','19:00:00','05:00:00','2025-06-27','2025-06-28','completed',4,5,'2025-06-30 19:49:18','2025-06-30 20:09:06',0),(148,'normal','19:00:00','05:00:00','2025-06-27','2025-06-28','completed',5,5,'2025-06-30 19:49:18','2025-06-30 20:09:06',0),(149,'normal','19:00:00','05:00:00','2025-06-27','2025-06-28','completed',6,5,'2025-06-30 19:49:18','2025-06-30 20:09:06',0),(150,'normal','19:00:00','05:00:00','2025-06-27','2025-06-28','completed',7,5,'2025-06-30 19:49:18','2025-06-30 20:09:06',0),(151,'normal','19:00:00','05:00:00','2025-06-27','2025-06-28','completed',8,5,'2025-06-30 19:49:18','2025-06-30 21:37:12',0),(152,'normal','19:00:00','05:00:00','2025-06-28','2025-06-29','completed',2,6,'2025-06-30 19:49:18','2025-06-30 20:09:06',0),(153,'normal','19:00:00','05:00:00','2025-06-28','2025-06-29','completed',3,6,'2025-06-30 19:49:18','2025-06-30 20:09:06',0),(154,'normal','19:00:00','05:00:00','2025-06-28','2025-06-29','completed',4,6,'2025-06-30 19:49:18','2025-06-30 20:09:06',0),(155,'normal','19:00:00','05:00:00','2025-06-28','2025-06-29','completed',5,6,'2025-06-30 19:49:18','2025-06-30 20:09:06',0),(156,'normal','19:00:00','05:00:00','2025-06-28','2025-06-29','completed',6,6,'2025-06-30 19:49:18','2025-06-30 20:09:06',0),(157,'normal','19:00:00','05:00:00','2025-06-28','2025-06-29','completed',7,6,'2025-06-30 19:49:18','2025-06-30 20:09:06',0),(158,'normal','19:00:00','05:00:00','2025-06-28','2025-06-29','completed',8,6,'2025-06-30 19:49:18','2025-06-30 21:37:12',0),(159,'normal','19:00:00','05:00:00','2025-06-29','2025-06-30','completed',2,6,'2025-06-30 19:49:18','2025-06-30 20:09:06',0),(160,'normal','19:00:00','05:00:00','2025-06-29','2025-06-30','completed',3,6,'2025-06-30 19:49:18','2025-06-30 20:09:06',0),(161,'normal','19:00:00','05:00:00','2025-06-29','2025-06-30','completed',4,6,'2025-06-30 19:49:18','2025-06-30 20:09:06',0),(162,'normal','19:00:00','05:00:00','2025-06-29','2025-06-30','completed',5,6,'2025-06-30 19:49:18','2025-06-30 20:09:06',0),(163,'normal','19:00:00','05:00:00','2025-06-29','2025-06-30','completed',6,6,'2025-06-30 19:49:18','2025-06-30 20:09:06',0),(164,'normal','19:00:00','05:00:00','2025-06-29','2025-06-30','completed',7,6,'2025-06-30 19:49:18','2025-06-30 20:09:06',0),(165,'normal','19:00:00','05:00:00','2025-06-29','2025-06-30','completed',8,6,'2025-06-30 19:49:18','2025-06-30 21:37:12',0),(166,'normal','19:00:00','05:00:00','2025-06-30','2025-07-01','completed',2,7,'2025-06-30 19:49:18','2025-06-30 20:09:35',0),(167,'normal','19:00:00','05:00:00','2025-06-30','2025-07-01','completed',3,7,'2025-06-30 19:49:18','2025-06-30 20:09:35',0),(168,'normal','19:00:00','05:00:00','2025-06-30','2025-07-01','completed',4,7,'2025-06-30 19:49:18','2025-06-30 20:09:35',0),(169,'normal','19:00:00','05:00:00','2025-06-30','2025-07-01','completed',5,7,'2025-06-30 19:49:18','2025-06-30 20:09:35',0),(170,'normal','19:00:00','05:00:00','2025-06-30','2025-07-01','completed',6,7,'2025-06-30 19:49:18','2025-06-30 20:09:35',0),(171,'normal','19:00:00','05:00:00','2025-06-30','2025-07-01','completed',7,7,'2025-06-30 19:49:18','2025-06-30 20:09:35',0),(172,'normal','19:00:00','05:00:00','2025-06-30','2025-07-01','completed',8,7,'2025-06-30 19:49:18','2025-06-30 21:18:55',0),(196,'overtime','20:12:54','20:14:54','2025-07-02','2025-07-02','missed',9,8,'2025-07-02 20:12:54','2025-07-02 20:19:31',0),(206,'overtime','20:40:47','21:40:47','2025-07-03','2025-07-03','completed',9,9,'2025-07-03 20:40:47','2025-07-03 22:40:49',0),(210,'overtime','14:28:56','14:31:56','2025-07-04','2025-07-04','missed',9,10,'2025-07-04 14:28:56','2025-07-04 14:34:23',0),(214,'overtime','14:59:13','15:01:13','2025-07-04','2025-07-04','missed',9,10,'2025-07-04 14:59:13','2025-07-04 15:04:23',0),(218,'overtime','15:05:39','15:07:39','2025-07-04','2025-07-04','missed',9,10,'2025-07-04 15:05:39','2025-07-04 15:10:43',0),(255,'overtime','21:03:02','22:03:01','2025-07-07','2025-07-07','missed',9,11,'2025-07-07 21:03:02','2025-07-07 21:24:24',0),(259,'overtime','21:14:31','22:14:31','2025-07-07','2025-07-07','missed',9,11,'2025-07-07 21:14:31','2025-07-07 21:24:24',0),(263,'overtime','21:29:30','22:29:30','2025-07-07','2025-07-07','completed',9,11,'2025-07-07 21:29:30','2025-07-07 21:49:48',0),(273,'overtime','15:48:56','16:48:56','2025-07-08','2025-07-08','missed',9,12,'2025-07-08 15:48:56','2025-07-08 15:49:03',0),(285,'overtime','15:55:18','16:55:18','2025-07-08','2025-07-08','missed',9,12,'2025-07-08 15:55:18','2025-07-08 15:56:23',0),(296,'overtime','16:10:23','17:10:23','2025-07-08','2025-07-08','missed',9,12,'2025-07-08 16:10:23','2025-07-08 16:11:46',0),(300,'overtime','16:20:48','17:16:26','2025-07-08','2025-07-08','missed',9,12,'2025-07-08 16:20:48','2025-07-08 16:54:10',0),(306,'overtime','16:45:26','17:16:26','2025-07-08','2025-07-08','missed',6,12,'2025-07-08 16:45:26','2025-07-08 16:54:10',0),(307,'overtime','16:45:26','17:16:26','2025-07-08','2025-07-08','missed',8,12,'2025-07-08 16:45:26','2025-07-08 16:54:10',0),(308,'overtime','16:45:26','17:16:26','2025-07-08','2025-07-08','missed',9,12,'2025-07-08 16:45:26','2025-07-08 16:54:10',0),(309,'overtime','16:45:26','17:16:26','2025-07-08','2025-07-08','missed',16,12,'2025-07-08 16:45:26','2025-07-08 16:54:10',0),(310,'overtime','16:50:16','17:50:16','2025-07-08','2025-07-08','missed',6,12,'2025-07-08 16:50:16','2025-07-08 16:54:10',0),(311,'overtime','16:50:16','17:50:16','2025-07-08','2025-07-08','missed',8,12,'2025-07-08 16:50:16','2025-07-08 16:54:10',0),(312,'overtime','16:50:16','17:50:16','2025-07-08','2025-07-08','missed',9,12,'2025-07-08 16:50:16','2025-07-08 16:54:10',0),(313,'overtime','16:50:16','17:50:16','2025-07-08','2025-07-08','missed',16,12,'2025-07-08 16:50:16','2025-07-08 16:54:10',0),(314,'overtime','16:55:22','18:55:22','2025-07-08','2025-07-08','missed',4,12,'2025-07-08 16:55:22','2025-07-08 17:02:51',0),(315,'overtime','17:02:33','19:02:33','2025-07-08','2025-07-08','missed',4,12,'2025-07-08 17:02:33','2025-07-08 17:02:51',0),(316,'overtime','17:04:16','18:04:16','2025-07-08','2025-07-08','missed',6,12,'2025-07-08 17:04:16','2025-07-08 17:06:10',0),(317,'overtime','17:04:16','18:04:16','2025-07-08','2025-07-08','missed',8,12,'2025-07-08 17:04:16','2025-07-08 17:06:10',0),(318,'overtime','17:04:16','18:04:16','2025-07-08','2025-07-08','missed',9,12,'2025-07-08 17:04:16','2025-07-08 17:06:10',0),(319,'overtime','17:04:16','18:04:16','2025-07-08','2025-07-08','missed',16,12,'2025-07-08 17:04:16','2025-07-08 17:06:10',0),(320,'overtime','17:04:58','18:36:58','2025-07-08','2025-07-08','missed',6,12,'2025-07-08 17:04:58','2025-07-09 18:59:34',0),(321,'overtime','17:04:58','18:36:58','2025-07-08','2025-07-08','missed',8,12,'2025-07-08 17:04:58','2025-07-09 18:59:34',0),(322,'overtime','17:04:58','18:36:58','2025-07-08','2025-07-08','missed',9,12,'2025-07-08 17:04:58','2025-07-09 18:59:34',0),(323,'normal','14:41:00','14:42:00','2025-07-09','2025-07-09','missed',16,12,'2025-07-08 17:04:58','2025-07-09 14:43:01',0),(324,'overtime','20:43:04','21:43:04','2025-07-09','2025-07-09','missed',3,13,'2025-07-09 20:43:04','2025-07-09 20:44:27',0),(325,'overtime','20:43:04','21:43:04','2025-07-09','2025-07-09','missed',7,13,'2025-07-09 20:43:04','2025-07-09 20:44:27',0),(326,'overtime','20:43:04','21:43:04','2025-07-09','2025-07-09','missed',14,13,'2025-07-09 20:43:04','2025-07-09 20:44:27',0),(327,'normal','20:46:10','20:47:10','2025-07-09','2025-07-09','missed',14,13,'2025-07-09 20:43:04','2025-07-09 20:48:11',0),(328,'overtime','21:35:17','22:35:17','2025-07-22','2025-07-22','missed',4,14,'2025-07-22 21:35:17','2025-07-23 13:25:22',0),(329,'overtime','13:24:18','14:24:18','2025-07-23','2025-07-23','missed',2,15,'2025-07-23 13:24:18','2025-07-23 13:25:22',0),(330,'overtime','13:24:18','14:24:18','2025-07-23','2025-07-23','missed',3,15,'2025-07-23 13:24:18','2025-07-23 13:25:22',0),(331,'overtime','13:24:18','14:24:18','2025-07-23','2025-07-23','missed',4,15,'2025-07-23 13:24:18','2025-07-23 13:25:22',0),(332,'overtime','13:24:18','14:24:18','2025-07-23','2025-07-23','missed',5,15,'2025-07-23 13:24:18','2025-07-23 13:25:22',0),(333,'overtime','13:24:18','14:24:18','2025-07-23','2025-07-23','missed',6,15,'2025-07-23 13:24:18','2025-07-23 13:25:22',0),(334,'overtime','13:24:18','14:24:18','2025-07-23','2025-07-23','missed',7,15,'2025-07-23 13:24:18','2025-07-23 13:25:22',0),(335,'overtime','13:24:18','14:24:18','2025-07-23','2025-07-23','missed',8,15,'2025-07-23 13:24:18','2025-07-23 13:25:22',0),(336,'overtime','13:24:18','14:24:18','2025-07-23','2025-07-23','missed',8,15,'2025-07-23 13:24:18','2025-07-23 15:04:19',0),(337,'overtime','13:24:18','14:24:18','2025-07-23','2025-07-23','missed',13,15,'2025-07-23 13:24:18','2025-07-23 13:25:22',0),(338,'overtime','13:24:18','14:24:18','2025-07-23','2025-07-23','missed',14,15,'2025-07-23 13:24:18','2025-07-23 13:25:22',0),(339,'overtime','13:24:18','14:24:18','2025-07-23','2025-07-23','missed',16,15,'2025-07-23 13:24:18','2025-07-23 13:25:22',0),(340,'overtime','13:40:33','14:40:32','2025-07-23','2025-07-23','missed',4,15,'2025-07-23 13:40:33','2025-07-23 13:44:15',0),(341,'overtime','13:44:29','14:44:29','2025-07-23','2025-07-23','missed',6,15,'2025-07-23 13:44:29','2025-07-23 13:45:33',0),(342,'overtime','13:44:29','14:44:29','2025-07-23','2025-07-23','missed',8,15,'2025-07-23 13:44:29','2025-07-23 13:45:33',0),(343,'overtime','13:44:29','14:44:29','2025-07-23','2025-07-23','missed',9,15,'2025-07-23 13:44:29','2025-07-23 13:45:33',0),(344,'overtime','13:44:29','14:44:29','2025-07-23','2025-07-23','missed',16,15,'2025-07-23 13:44:29','2025-07-23 13:45:33',0),(348,'overtime','13:52:15','14:52:15','2025-07-23','2025-07-23','missed',9,15,'2025-07-23 13:52:15','2025-07-23 13:56:00',0),(352,'overtime','14:00:12','15:00:12','2025-07-27','2025-07-28','missed',9,15,'2025-07-23 14:00:12','2025-07-23 15:04:19',0),(353,'overtime','14:00:12','15:00:12','2025-07-23','2025-07-23','missed',9,15,'2025-07-23 14:00:12','2025-07-23 14:01:15',0),(357,'overtime','14:04:11','15:04:11','2025-07-23','2025-07-23','missed',9,15,'2025-07-23 14:04:11','2025-07-23 14:05:15',0),(362,'overtime','18:00:18','19:30:18','2025-07-23','2025-07-23','missed',9,15,'2025-07-23 18:00:18','2025-07-23 18:01:22',0),(369,'overtime','18:00:26','19:30:26','2025-07-23','2025-07-23','missed',9,15,'2025-07-23 18:00:26','2025-07-23 18:01:22',0),(374,'overtime','18:06:41','19:06:41','2025-07-23','2025-07-23','missed',6,15,'2025-07-23 18:06:41','2025-07-23 19:07:44',0),(375,'overtime','18:06:41','19:06:41','2025-07-23','2025-07-23','missed',8,15,'2025-07-23 18:06:41','2025-07-23 19:07:44',0),(376,'overtime','18:06:41','19:06:41','2025-07-23','2025-07-23','completed',9,15,'2025-07-23 18:06:41','2025-07-23 19:07:44',0),(377,'overtime','18:06:41','19:06:41','2025-07-23','2025-07-23','missed',16,15,'2025-07-23 18:06:41','2025-07-23 19:07:44',0),(378,'normal','18:49:30','18:50:30','2025-07-23','2025-07-23','missed',16,15,'2025-07-23 18:06:41','2025-07-23 23:27:58',0),(379,'normal','19:16:30','19:17:30','2025-07-23','2025-07-23','completed',9,15,'2025-07-23 18:06:41','2025-07-23 19:18:31',0),(380,'normal','17:00:00','02:00:00','2025-07-24','2025-07-25','completed',9,15,'2025-07-23 18:06:41','2025-08-04 21:26:02',0),(382,'normal','17:00:00','02:00:00','2025-07-26','2025-07-27','completed',8,1,'2025-07-24 00:52:32','2025-08-04 21:26:02',0),(383,'normal','17:00:00','02:00:00','2025-07-28','2025-07-29','completed',9,2,'2025-07-24 00:52:32','2025-08-04 21:26:02',0),(384,'normal','17:00:00','02:00:00','2025-08-01','2025-08-02','completed',9,3,'2025-07-24 00:52:32','2025-08-04 21:26:02',0),(385,'normal','17:00:00','02:00:00','2025-07-27','2025-07-28','completed',9,1,'2025-07-24 00:52:32','2025-08-04 21:26:02',0),(386,'normal','17:00:00','02:00:00','2025-07-25','2025-07-30','completed',8,2,'2025-07-24 00:52:32','2025-08-04 21:26:02',0),(387,'normal','17:00:00','02:00:00','2025-07-30','2025-07-31','completed',9,3,'2025-07-24 00:52:32','2025-08-04 21:26:02',0),(388,'normal','17:00:00','02:00:00','2025-07-26','2025-07-27','completed',15,7,'2025-07-24 00:52:32','2025-08-04 21:26:02',0),(389,'normal','17:00:00','02:00:00','2025-07-27','2025-07-28','completed',15,8,'2025-07-24 00:52:32','2025-08-04 21:26:02',0),(390,'normal','17:00:00','02:00:00','2025-07-28','2025-07-29','completed',15,9,'2025-07-24 00:52:32','2025-08-04 21:26:02',0),(391,'normal','17:00:00','02:00:00','2025-07-27','2025-07-28','completed',2,4,'2025-07-24 00:52:32','2025-08-04 21:26:02',0),(392,'normal','17:00:00','02:00:00','2025-07-28','2025-07-29','completed',2,5,'2025-07-24 00:52:32','2025-08-04 21:26:02',0),(393,'normal','17:00:00','02:00:00','2025-07-29','2025-07-30','completed',2,6,'2025-07-24 00:52:32','2025-08-04 21:26:02',0),(394,'normal','17:00:00','02:00:00','2025-07-26','2025-07-27','completed',4,1,'2025-07-24 00:52:32','2025-08-04 21:26:02',0),(395,'normal','17:00:00','02:00:00','2025-07-28','2025-07-29','completed',4,2,'2025-07-24 00:52:32','2025-08-04 21:26:02',0),(396,'normal','17:00:00','02:00:00','2025-07-29','2025-07-30','completed',4,5,'2025-07-24 00:52:32','2025-08-04 21:26:02',0),(404,'overtime','12:15:29','13:20:29','2025-07-24','2025-07-24','missed',6,16,'2025-07-24 12:15:29','2025-07-24 14:16:33',0),(405,'overtime','12:15:29','13:20:29','2025-07-24','2025-07-24','missed',8,16,'2025-07-24 12:15:29','2025-07-24 14:16:33',0),(406,'overtime','12:15:29','13:20:29','2025-07-24','2025-07-24','completed',9,16,'2025-07-24 12:15:29','2025-07-24 14:16:33',0),(407,'overtime','12:15:29','13:20:29','2025-07-24','2025-07-24','missed',16,16,'2025-07-24 12:15:29','2025-07-24 14:16:33',0),(408,'overtime','12:15:29','13:20:29','2025-07-24','2025-07-24','missed',7,16,'2025-07-24 12:15:29','2025-07-24 14:16:33',0),(409,'overtime','12:15:29','13:20:29','2025-07-24','2025-07-24','missed',14,16,'2025-07-24 12:15:29','2025-07-24 14:16:33',0),(410,'overtime','12:15:29','13:20:29','2025-07-24','2025-07-24','missed',18,16,'2025-07-24 12:15:29','2025-07-24 14:16:33',0),(411,'overtime','12:16:31','13:16:31','2025-07-24','2025-07-24','missed',6,16,'2025-07-24 12:16:31','2025-07-24 14:16:33',0),(412,'overtime','12:16:31','13:16:31','2025-07-24','2025-07-24','missed',8,16,'2025-07-24 12:16:31','2025-07-24 14:16:33',0),(413,'overtime','12:16:31','13:16:31','2025-07-24','2025-07-24','missed',9,16,'2025-07-24 12:16:31','2025-07-24 14:16:33',0),(414,'overtime','12:16:31','13:16:31','2025-07-24','2025-07-24','missed',16,16,'2025-07-24 12:16:31','2025-07-24 14:16:33',0),(415,'overtime','12:16:31','13:16:31','2025-07-24','2025-07-24','missed',7,16,'2025-07-24 12:16:31','2025-07-24 14:16:33',0),(416,'overtime','12:16:31','13:16:31','2025-07-24','2025-07-24','missed',14,16,'2025-07-24 12:16:31','2025-07-24 14:16:33',0),(417,'overtime','12:16:31','13:16:31','2025-07-24','2025-07-24','missed',18,16,'2025-07-24 12:16:31','2025-07-24 14:16:33',0),(418,'overtime','22:17:29','23:22:29','2025-07-29','2025-07-29','missed',6,17,'2025-07-29 22:17:29','2025-07-29 22:45:07',0),(419,'overtime','22:17:29','23:22:29','2025-07-29','2025-07-29','missed',8,17,'2025-07-29 22:17:29','2025-07-29 22:45:07',0),(420,'overtime','22:17:29','23:22:29','2025-07-29','2025-07-29','missed',16,17,'2025-07-29 22:17:29','2025-07-29 22:45:07',0),(421,'overtime','22:28:32','23:28:32','2025-07-29','2025-07-29','missed',6,17,'2025-07-29 22:28:32','2025-07-29 22:45:07',0),(422,'overtime','22:28:32','23:28:32','2025-07-29','2025-07-29','missed',8,17,'2025-07-29 22:28:32','2025-07-29 22:45:07',0),(423,'overtime','22:28:32','23:28:32','2025-07-29','2025-07-29','missed',16,17,'2025-07-29 22:28:32','2025-07-29 22:45:07',0),(424,'overtime','22:42:48','23:42:48','2025-07-29','2025-07-29','missed',1,17,'2025-07-29 22:42:48','2025-07-29 22:45:07',0),(425,'overtime','22:42:48','23:42:48','2025-07-29','2025-07-29','missed',17,17,'2025-07-29 22:42:48','2025-07-29 22:45:07',0),(426,'overtime','22:57:19','23:57:19','2025-07-29','2025-07-29','missed',6,17,'2025-07-29 22:57:19','2025-07-29 23:02:02',0),(427,'overtime','22:57:19','23:57:19','2025-07-29','2025-07-29','missed',8,17,'2025-07-29 22:57:19','2025-07-29 23:02:02',0),(428,'overtime','22:57:19','23:57:19','2025-07-29','2025-07-29','missed',16,17,'2025-07-29 22:57:19','2025-07-29 23:02:02',0),(429,'overtime','23:01:00','00:01:00','2025-07-29','2025-07-29','missed',7,17,'2025-07-29 23:01:00','2025-07-29 23:02:02',0),(430,'overtime','23:01:00','00:01:00','2025-07-29','2025-07-29','missed',14,17,'2025-07-29 23:01:00','2025-07-29 23:02:02',0),(431,'overtime','23:01:00','00:01:00','2025-07-29','2025-07-29','missed',18,17,'2025-07-29 23:01:00','2025-07-29 23:02:02',0),(432,'overtime','23:08:39','00:08:39','2025-07-29','2025-07-29','missed',4,17,'2025-07-29 23:08:39','2025-07-29 23:09:41',0),(433,'overtime','23:09:53','00:09:53','2025-07-29','2025-07-29','missed',5,17,'2025-07-29 23:09:53','2025-07-29 23:10:55',0),(434,'overtime','23:12:27','00:12:27','2025-07-29','2025-07-29','missed',6,17,'2025-07-29 23:12:27','2025-07-29 23:13:29',0),(435,'overtime','23:12:27','00:12:27','2025-07-29','2025-07-29','missed',8,17,'2025-07-29 23:12:27','2025-07-29 23:13:29',0),(436,'overtime','23:12:27','00:12:27','2025-07-29','2025-07-29','missed',16,17,'2025-07-29 23:12:27','2025-07-29 23:13:29',0),(437,'overtime','23:13:23','00:13:23','2025-07-29','2025-07-29','missed',13,17,'2025-07-29 23:13:23','2025-07-29 23:13:29',0),(438,'overtime','23:14:14','00:14:14','2025-07-29','2025-07-29','missed',6,17,'2025-07-29 23:14:14','2025-07-29 23:14:24',0),(439,'overtime','23:14:14','00:14:14','2025-07-29','2025-07-29','missed',8,17,'2025-07-29 23:14:14','2025-07-29 23:14:24',0),(440,'overtime','23:14:14','00:14:14','2025-07-29','2025-07-29','missed',16,17,'2025-07-29 23:14:14','2025-07-29 23:14:24',0),(441,'overtime','23:15:00','00:15:00','2025-07-29','2025-07-29','missed',4,17,'2025-07-29 23:15:00','2025-07-29 23:15:16',0),(442,'overtime','23:17:17','00:17:17','2025-07-29','2025-07-29','missed',13,17,'2025-07-29 23:17:17','2025-07-29 23:18:19',0),(443,'overtime','23:17:51','00:17:51','2025-07-29','2025-07-29','missed',5,17,'2025-07-29 23:17:51','2025-07-29 23:18:19',0),(444,'overtime','23:18:23','00:18:23','2025-07-29','2025-07-29','missed',2,17,'2025-07-29 23:18:23','2025-07-29 23:18:53',0),(445,'overtime','23:19:02','00:19:02','2025-07-29','2025-07-29','missed',5,17,'2025-07-29 23:19:02','2025-07-29 23:19:25',0),(446,'overtime','23:19:27','00:19:27','2025-07-29','2025-07-29','completed',5,17,'2025-07-29 23:19:27','2025-08-04 21:27:27',0),(447,'overtime','23:20:11','00:20:11','2025-07-29','2025-07-29','missed',6,17,'2025-07-29 23:20:11','2025-07-29 23:20:29',0),(448,'overtime','23:20:11','00:20:11','2025-07-29','2025-07-29','missed',8,17,'2025-07-29 23:20:11','2025-07-29 23:20:29',0),(449,'overtime','23:20:11','00:20:11','2025-07-29','2025-07-29','completed',16,17,'2025-07-29 23:20:11','2025-08-04 21:27:27',0),(450,'overtime','23:20:34','00:20:34','2025-07-29','2025-07-29','completed',6,17,'2025-07-29 23:20:34','2025-08-04 21:27:27',0),(451,'overtime','23:20:34','00:20:34','2025-07-29','2025-07-29','missed',8,17,'2025-07-29 23:20:34','2025-07-29 23:21:13',0),(452,'overtime','23:20:34','00:20:34','2025-07-29','2025-07-29','completed',16,17,'2025-07-29 23:20:34','2025-08-04 21:27:27',0),(453,'overtime','23:20:53','00:20:53','2025-07-29','2025-07-29','missed',4,17,'2025-07-29 23:20:53','2025-07-29 23:21:13',0),(454,'overtime','23:21:19','00:21:19','2025-07-29','2025-07-29','missed',7,17,'2025-07-29 23:21:19','2025-07-29 23:21:36',0),(455,'overtime','23:21:19','00:21:19','2025-07-29','2025-07-29','completed',14,17,'2025-07-29 23:21:19','2025-08-04 21:27:27',0),(456,'overtime','23:21:19','00:21:19','2025-07-29','2025-07-29','missed',18,17,'2025-07-29 23:21:19','2025-07-29 23:21:36',0),(457,'overtime','23:22:28','00:22:28','2025-07-29','2025-07-29','missed',5,17,'2025-07-29 23:22:28','2025-07-29 23:23:30',0),(458,'overtime','23:22:49','00:22:49','2025-07-29','2025-07-29','completed',5,17,'2025-07-29 23:22:49','2025-08-04 21:27:27',0),(459,'overtime','23:23:09','00:23:09','2025-07-29','2025-07-29','completed',4,17,'2025-07-29 23:23:09','2025-08-04 21:27:27',0),(460,'overtime','23:23:09','00:23:09','2025-07-29','2025-07-29','missed',5,17,'2025-07-29 23:23:09','2025-07-29 23:23:30',0),(461,'overtime','23:23:55','00:23:55','2025-07-29','2025-07-29','missed',4,17,'2025-07-29 23:23:55','2025-07-29 23:24:11',0),(462,'overtime','23:25:24','00:25:24','2025-07-29','2025-07-29','missed',13,17,'2025-07-29 23:25:24','2025-07-29 23:26:26',0),(463,'overtime','23:25:42','00:25:42','2025-07-29','2025-07-29','missed',2,17,'2025-07-29 23:25:42','2025-07-29 23:26:26',0),(464,'overtime','23:27:03','00:27:03','2025-07-29','2025-07-29','completed',13,17,'2025-07-29 23:27:03','2025-08-04 21:27:27',0),(465,'overtime','23:27:51','00:27:51','2025-07-29','2025-07-29','missed',7,17,'2025-07-29 23:27:51','2025-07-29 23:28:05',0),(466,'overtime','23:27:51','00:27:51','2025-07-29','2025-07-29','missed',14,17,'2025-07-29 23:27:51','2025-07-29 23:28:05',0),(467,'overtime','23:27:51','00:27:51','2025-07-29','2025-07-29','completed',18,17,'2025-07-29 23:27:51','2025-08-04 21:27:27',0),(468,'overtime','23:28:13','00:28:13','2025-07-29','2025-07-29','missed',13,17,'2025-07-29 23:28:13','2025-07-29 23:28:53',0),(469,'overtime','23:28:40','00:28:40','2025-07-29','2025-07-29','completed',4,17,'2025-07-29 23:28:40','2025-08-04 21:27:27',0),(470,'overtime','23:29:31','00:29:31','2025-07-29','2025-07-29','missed',4,17,'2025-07-29 23:29:31','2025-07-30 11:02:16',0),(471,'overtime','23:31:13','00:31:13','2025-07-29','2025-07-29','missed',13,17,'2025-07-29 23:31:13','2025-07-30 11:02:17',0),(472,'overtime','23:32:40','00:32:40','2025-07-29','2025-07-29','missed',6,17,'2025-07-29 23:32:40','2025-07-30 11:02:17',0),(473,'overtime','23:32:40','00:32:40','2025-07-29','2025-07-29','completed',8,17,'2025-07-29 23:32:40','2025-08-04 21:27:27',0),(474,'overtime','23:32:40','00:32:40','2025-07-29','2025-07-29','missed',16,17,'2025-07-29 23:32:40','2025-07-30 11:02:17',0),(475,'overtime','23:32:47','00:32:47','2025-07-29','2025-07-29','completed',6,17,'2025-07-29 23:32:47','2025-08-04 21:27:27',0),(476,'overtime','23:32:47','00:32:47','2025-07-29','2025-07-29','missed',8,17,'2025-07-29 23:32:47','2025-07-30 11:02:17',0),(477,'overtime','23:32:47','00:32:47','2025-07-29','2025-07-29','missed',16,17,'2025-07-29 23:32:47','2025-07-30 11:02:17',0),(478,'overtime','23:32:47','00:32:47','2025-07-29','2025-07-29','missed',7,17,'2025-07-29 23:32:47','2025-07-30 11:02:17',0),(479,'overtime','23:32:47','00:32:47','2025-07-29','2025-07-29','missed',14,17,'2025-07-29 23:32:47','2025-07-30 11:02:17',0),(480,'overtime','23:32:47','00:32:47','2025-07-29','2025-07-29','missed',18,17,'2025-07-29 23:32:47','2025-07-30 11:02:17',0),(481,'overtime','23:34:03','00:34:03','2025-07-29','2025-07-29','missed',6,17,'2025-07-29 23:34:03','2025-07-30 11:02:17',0),(482,'overtime','23:34:03','00:34:03','2025-07-29','2025-07-29','missed',8,17,'2025-07-29 23:34:03','2025-07-30 11:02:17',0),(483,'overtime','23:34:03','00:34:03','2025-07-29','2025-07-29','missed',16,17,'2025-07-29 23:34:03','2025-07-30 11:02:17',0),(484,'overtime','23:34:03','00:34:03','2025-07-29','2025-07-29','missed',7,17,'2025-07-29 23:34:03','2025-07-30 11:02:17',0),(485,'overtime','23:34:03','00:34:03','2025-07-29','2025-07-29','missed',14,17,'2025-07-29 23:34:03','2025-07-30 11:02:17',0),(486,'overtime','23:34:03','00:34:03','2025-07-29','2025-07-29','missed',18,17,'2025-07-29 23:34:03','2025-07-30 11:02:17',0),(487,'overtime','23:41:46','00:41:46','2025-07-29','2025-07-29','completed',4,17,'2025-07-29 23:41:46','2025-08-04 21:27:27',0),(488,'overtime','00:05:55','01:05:55','2025-07-29','2025-07-29','missed',5,18,'2025-07-30 00:05:55','2025-07-30 11:02:17',0),(489,'overtime','00:07:02','01:07:02','2025-07-29','2025-07-29','missed',5,18,'2025-07-30 00:07:02','2025-07-30 11:02:17',0),(490,'overtime','11:11:42','12:41:42','2025-08-01','2025-08-02','missed',9,18,'2025-07-30 11:11:42','2025-07-30 11:45:18',0),(491,'overtime','11:13:41','12:13:41','2025-07-30','2025-07-30','missed',7,18,'2025-07-30 11:13:41','2025-07-30 11:15:49',0),(492,'overtime','11:13:41','12:13:41','2025-07-30','2025-07-30','missed',14,18,'2025-07-30 11:13:41','2025-07-30 11:15:49',0),(493,'overtime','11:13:41','12:13:41','2025-07-30','2025-07-30','missed',18,18,'2025-07-30 11:13:41','2025-07-30 11:15:49',0),(494,'overtime','11:14:45','12:14:45','2025-07-30','2025-07-30','missed',7,18,'2025-07-30 11:14:45','2025-07-30 11:15:49',0),(495,'overtime','11:14:45','12:14:45','2025-07-30','2025-07-30','missed',14,18,'2025-07-30 11:14:45','2025-07-30 11:15:49',0),(496,'overtime','11:14:45','12:14:45','2025-07-30','2025-07-30','missed',18,18,'2025-07-30 11:14:45','2025-07-30 11:15:49',0),(497,'overtime','11:20:36','12:20:36','2025-07-30','2025-07-30','missed',5,18,'2025-07-30 11:20:36','2025-07-30 11:21:40',0),(498,'overtime','12:47:43','13:47:42','2025-07-30','2025-07-30','missed',5,18,'2025-07-30 12:47:43','2025-07-30 13:11:01',0),(499,'overtime','12:49:40','13:49:40','2025-07-30','2025-07-30','missed',5,18,'2025-07-30 12:49:40','2025-07-30 13:11:01',0),(500,'overtime','13:04:21','14:04:21','2025-07-30','2025-07-30','missed',5,18,'2025-07-30 13:04:21','2025-07-30 13:11:01',0),(501,'overtime','13:07:37','14:07:37','2025-07-30','2025-07-30','missed',4,18,'2025-07-30 13:07:37','2025-07-30 13:11:01',0),(502,'overtime','13:07:37','14:07:37','2025-07-30','2025-07-30','missed',5,18,'2025-07-30 13:07:37','2025-07-30 13:11:01',0),(503,'overtime','13:10:26','14:10:26','2025-07-30','2025-07-30','missed',6,18,'2025-07-30 13:10:26','2025-07-30 13:11:01',0),(504,'overtime','13:10:26','14:10:26','2025-07-30','2025-07-30','missed',8,18,'2025-07-30 13:10:26','2025-07-30 13:11:01',0),(505,'overtime','13:10:26','14:10:26','2025-07-30','2025-07-30','missed',16,18,'2025-07-30 13:10:26','2025-07-30 13:11:01',0),(506,'overtime','13:16:31','14:16:31','2025-07-30','2025-07-30','missed',7,18,'2025-07-30 13:16:31','2025-07-30 13:18:00',0),(507,'overtime','13:16:31','14:16:31','2025-07-30','2025-07-30','missed',14,18,'2025-07-30 13:16:31','2025-07-30 13:18:00',0),(508,'overtime','13:16:31','14:16:31','2025-07-30','2025-07-30','missed',18,18,'2025-07-30 13:16:31','2025-07-30 13:18:00',0),(509,'overtime','13:17:35','14:17:35','2025-07-30','2025-07-30','missed',7,18,'2025-07-30 13:17:35','2025-07-30 13:18:00',0),(510,'overtime','13:17:35','14:17:35','2025-07-30','2025-07-30','missed',14,18,'2025-07-30 13:17:35','2025-07-30 13:18:00',0),(511,'overtime','13:17:35','14:17:35','2025-07-30','2025-07-30','missed',18,18,'2025-07-30 13:17:35','2025-07-30 13:18:00',0),(512,'overtime','13:17:49','14:17:49','2025-07-30','2025-07-30','missed',7,18,'2025-07-30 13:17:49','2025-07-30 13:18:00',0),(513,'overtime','13:17:49','14:17:49','2025-07-30','2025-07-30','missed',14,18,'2025-07-30 13:17:49','2025-07-30 13:18:00',0),(514,'overtime','13:17:49','14:17:49','2025-07-30','2025-07-30','missed',18,18,'2025-07-30 13:17:49','2025-07-30 13:18:00',0),(515,'overtime','13:17:57','14:17:57','2025-07-30','2025-07-30','missed',7,18,'2025-07-30 13:17:57','2025-07-30 13:18:00',0),(516,'overtime','13:17:57','14:17:57','2025-07-30','2025-07-30','completed',14,18,'2025-07-30 13:17:57','2025-08-04 21:27:27',0),(517,'overtime','13:17:57','14:17:57','2025-07-30','2025-07-30','missed',18,18,'2025-07-30 13:17:57','2025-07-30 13:18:00',0),(518,'overtime','13:18:40','14:18:40','2025-07-30','2025-07-30','completed',4,18,'2025-07-30 13:18:40','2025-08-04 21:27:27',0),(519,'overtime','13:19:11','14:19:11','2025-07-30','2025-07-30','missed',4,18,'2025-07-30 13:19:11','2025-07-30 13:19:29',0),(520,'overtime','13:36:17','14:36:17','2025-07-30','2025-07-30','completed',7,18,'2025-07-30 13:36:17','2025-08-04 21:27:27',0),(521,'overtime','13:36:17','14:36:17','2025-07-30','2025-07-30','missed',14,18,'2025-07-30 13:36:17','2025-07-30 13:36:59',0),(522,'overtime','13:36:17','14:36:17','2025-07-30','2025-07-30','completed',18,18,'2025-07-30 13:36:17','2025-08-04 21:27:27',0),(523,'overtime','13:37:05','14:37:05','2025-07-30','2025-07-30','missed',7,18,'2025-07-30 13:37:05','2025-07-30 13:37:27',0),(524,'overtime','13:37:05','14:37:05','2025-07-30','2025-07-30','completed',14,18,'2025-07-30 13:37:05','2025-08-04 21:27:27',0),(525,'overtime','13:37:05','14:37:05','2025-07-30','2025-07-30','completed',18,18,'2025-07-30 13:37:05','2025-08-04 21:27:27',0),(526,'overtime','13:37:10','14:37:10','2025-07-30','2025-07-30','missed',13,18,'2025-07-30 13:37:10','2025-07-30 13:37:27',0),(527,'overtime','13:37:10','14:37:10','2025-07-30','2025-07-30','completed',7,18,'2025-07-30 13:37:10','2025-08-04 21:27:27',0),(528,'overtime','13:37:10','14:37:10','2025-07-30','2025-07-30','missed',14,18,'2025-07-30 13:37:10','2025-07-30 13:37:27',0),(529,'overtime','13:37:10','14:37:10','2025-07-30','2025-07-30','completed',18,18,'2025-07-30 13:37:10','2025-08-04 21:27:27',0),(530,'overtime','13:37:35','15:37:35','2025-07-30','2025-07-30','missed',5,18,'2025-07-30 13:37:35','2025-07-30 13:39:01',0),(531,'overtime','14:36:13','16:06:13','2025-07-30','2025-07-30','completed',7,18,'2025-07-30 14:36:13','2025-08-04 21:27:27',0),(532,'overtime','14:36:13','16:06:13','2025-07-30','2025-07-30','missed',14,18,'2025-07-30 14:36:13','2025-07-30 14:37:15',0),(533,'overtime','14:36:13','16:06:13','2025-07-30','2025-07-30','completed',18,18,'2025-07-30 14:36:13','2025-08-04 21:27:27',0),(534,'overtime','14:37:05','16:07:05','2025-07-30','2025-07-30','completed',7,18,'2025-07-30 14:37:05','2025-08-04 21:27:27',0),(535,'overtime','14:37:05','16:07:05','2025-07-30','2025-07-30','missed',14,18,'2025-07-30 14:37:05','2025-07-30 14:37:15',0),(536,'overtime','14:37:05','16:07:05','2025-07-30','2025-07-30','completed',18,18,'2025-07-30 14:37:05','2025-08-04 21:27:27',0),(537,'overtime','21:04:32','22:04:32','2025-07-30','2025-07-30','missed',13,18,'2025-07-30 21:04:32','2025-07-30 21:07:54',0),(538,'overtime','21:07:24','22:37:24','2025-07-30','2025-07-30','completed',6,18,'2025-07-30 21:07:24','2025-08-04 21:27:27',0),(539,'overtime','21:07:24','22:37:24','2025-07-30','2025-07-30','completed',8,18,'2025-07-30 21:07:24','2025-08-04 21:27:27',0),(540,'overtime','21:07:24','22:37:24','2025-07-30','2025-07-30','completed',16,18,'2025-07-30 21:07:24','2025-08-04 21:27:27',0),(541,'overtime','21:07:40','22:37:40','2025-07-30','2025-07-30','missed',6,18,'2025-07-30 21:07:40','2025-07-30 21:07:54',0),(542,'overtime','21:07:40','22:37:40','2025-07-30','2025-07-30','completed',8,18,'2025-07-30 21:07:40','2025-08-04 21:27:27',0),(543,'overtime','21:07:40','22:37:40','2025-07-30','2025-07-30','missed',16,18,'2025-07-30 21:07:40','2025-07-30 21:07:54',0),(544,'overtime','21:07:40','22:37:40','2025-07-30','2025-07-30','completed',2,18,'2025-07-30 21:07:40','2025-08-04 21:27:27',0),(545,'overtime','21:24:50','22:24:50','2025-08-04','2025-08-04','missed',2,19,'2025-08-04 21:24:50','2025-08-04 21:25:13',0),(546,'overtime','21:24:50','22:24:50','2025-08-04','2025-08-04','missed',4,19,'2025-08-04 21:24:50','2025-08-04 21:25:13',0),(547,'overtime','21:24:50','22:24:50','2025-08-04','2025-08-04','completed',5,19,'2025-08-04 21:24:50','2025-08-04 21:27:27',0),(548,'overtime','21:24:50','22:24:50','2025-08-04','2025-08-04','completed',6,19,'2025-08-04 21:24:50','2025-08-04 21:27:27',0),(549,'overtime','21:24:50','22:24:50','2025-08-04','2025-08-04','completed',7,19,'2025-08-04 21:24:50','2025-08-04 21:27:27',0),(550,'overtime','21:24:50','22:24:50','2025-08-04','2025-08-04','completed',8,19,'2025-08-04 21:24:50','2025-08-04 21:27:27',0),(551,'overtime','21:24:50','22:24:50','2025-08-04','2025-08-04','completed',13,19,'2025-08-04 21:24:50','2025-08-04 21:27:27',0),(552,'overtime','21:24:50','22:24:50','2025-08-04','2025-08-04','completed',14,19,'2025-08-04 21:24:50','2025-08-04 21:27:27',0),(553,'overtime','21:24:50','22:24:50','2025-08-04','2025-08-04','completed',16,19,'2025-08-04 21:24:50','2025-08-04 21:27:27',0),(554,'overtime','21:24:50','22:24:50','2025-08-04','2025-08-04','completed',18,19,'2025-08-04 21:24:50','2025-08-04 21:27:27',0),(555,'normal','17:00:00','02:00:00','2025-08-06','2025-08-07','completed',8,19,'2025-08-04 21:24:50','2025-08-14 23:07:29',0),(556,'normal','17:00:00','02:00:00','2025-08-07','2025-08-08','completed',16,19,'2025-08-04 21:24:50','2025-08-15 00:01:45',0),(557,'normal','17:00:00','02:00:00','2025-08-08','2025-08-09','completed',16,19,'2025-08-04 21:24:50','2025-08-15 00:01:45',0),(558,'normal','17:00:00','02:00:00','2025-08-09','2025-08-10','completed',9,19,'2025-08-04 21:24:50','2025-08-14 23:09:22',0),(559,'normal','00:00:00','02:00:00','2025-08-09','2025-08-10','missed',9,19,'2025-08-04 21:24:50','2025-08-14 23:57:52',0),(560,'normal','17:00:00','02:00:00','2025-08-10','2025-08-11','completed',8,19,'2025-08-04 21:24:50','2025-08-14 23:09:22',0),(561,'normal','17:00:00','02:00:00','2025-08-07','2025-08-08','completed',8,19,'2025-08-04 21:24:50','2025-08-14 23:07:29',0),(562,'normal','17:00:00','02:00:00','2025-08-13','2025-08-14','scheduled',2,19,'2025-08-10 23:19:22','2025-08-10 23:19:22',0),(563,'normal','17:00:00','02:00:00','2025-08-14','2025-08-15','scheduled',2,19,'2025-08-10 23:19:22','2025-08-10 23:19:22',0),(564,'normal','17:00:00','02:00:00','2025-08-15','2025-08-16','scheduled',2,19,'2025-08-10 23:19:22','2025-08-10 23:19:22',0),(565,'normal','17:00:00','02:00:00','2025-08-13','2025-08-12','completed',3,19,'2025-08-10 23:19:22','2025-08-14 23:07:29',0),(566,'normal','17:00:00','02:00:00','2025-08-14','2025-08-15','scheduled',3,19,'2025-08-10 23:19:22','2025-08-10 23:19:22',0),(567,'normal','17:00:00','02:00:00','2025-08-17','2025-08-18','scheduled',3,19,'2025-08-10 23:19:22','2025-08-10 23:19:22',0),(568,'normal','17:00:00','02:00:00','2025-08-12','2025-08-13','completed',4,19,'2025-08-10 23:19:22','2025-08-14 23:07:29',0),(569,'normal','17:00:00','02:00:00','2025-08-14','2025-08-15','scheduled',4,19,'2025-08-10 23:19:22','2025-08-10 23:19:22',0),(570,'normal','17:00:00','02:00:00','2025-08-16','2025-08-17','scheduled',4,19,'2025-08-10 23:19:22','2025-08-10 23:19:22',0),(571,'normal','17:00:00','02:00:00','2025-08-11','2025-08-12','completed',5,19,'2025-08-10 23:19:22','2025-08-14 23:07:29',0),(572,'normal','17:00:00','02:00:00','2025-08-13','2025-08-14','scheduled',5,19,'2025-08-10 23:19:22','2025-08-10 23:19:22',0),(573,'normal','17:00:00','02:00:00','2025-08-15','2025-08-16','scheduled',5,19,'2025-08-10 23:19:22','2025-08-10 23:19:22',0),(574,'normal','17:00:00','02:00:00','2025-08-12','2025-08-13','completed',6,19,'2025-08-10 23:19:22','2025-08-14 23:07:29',0),(575,'normal','17:00:00','02:00:00','2025-08-14','2025-08-15','scheduled',6,19,'2025-08-10 23:19:22','2025-08-10 23:19:22',0),(576,'normal','17:00:00','02:00:00','2025-08-16','2025-08-17','scheduled',6,19,'2025-08-10 23:19:22','2025-08-10 23:19:22',0),(577,'normal','17:00:00','02:00:00','2025-08-11','2025-08-12','completed',7,19,'2025-08-10 23:19:22','2025-08-14 23:07:29',0),(578,'normal','17:00:00','02:00:00','2025-08-13','2025-08-14','scheduled',7,19,'2025-08-10 23:19:22','2025-08-10 23:19:22',0),(579,'normal','17:00:00','02:00:00','2025-08-15','2025-08-16','scheduled',7,19,'2025-08-10 23:19:22','2025-08-10 23:19:22',0),(580,'normal','17:00:00','02:00:00','2025-08-12','2025-08-13','completed',8,19,'2025-08-10 23:19:22','2025-08-14 23:07:29',0),(581,'normal','17:00:00','02:00:00','2025-08-14','2025-08-15','scheduled',8,19,'2025-08-10 23:19:22','2025-08-10 23:19:22',0),(582,'normal','17:00:00','02:00:00','2025-08-16','2025-08-17','scheduled',8,19,'2025-08-10 23:19:22','2025-08-10 23:19:22',0),(583,'normal','17:00:00','02:00:00','2025-08-11','2025-08-12','missed',9,19,'2025-08-10 23:19:22','2025-08-14 23:57:52',0),(584,'normal','17:00:00','02:00:00','2025-08-13','2025-08-14','scheduled',9,19,'2025-08-10 23:19:22','2025-08-10 23:19:22',0),(585,'normal','17:00:00','02:00:00','2025-08-15','2025-08-16','scheduled',9,19,'2025-08-10 23:19:22','2025-08-10 23:19:22',0),(586,'normal','17:00:00','02:00:00','2025-08-12','2025-08-13','completed',13,19,'2025-08-10 23:19:22','2025-08-14 23:07:29',0),(587,'normal','17:00:00','02:00:00','2025-08-14','2025-08-15','scheduled',13,19,'2025-08-10 23:19:22','2025-08-10 23:19:22',0),(588,'normal','17:00:00','02:00:00','2025-08-16','2025-08-17','scheduled',13,19,'2025-08-10 23:19:22','2025-08-10 23:19:22',0),(589,'normal','17:00:00','02:00:00','2025-08-11','2025-08-12','completed',14,19,'2025-08-10 23:19:22','2025-08-14 23:07:29',0),(590,'normal','17:00:00','02:00:00','2025-08-13','2025-08-14','scheduled',14,19,'2025-08-10 23:19:22','2025-08-10 23:19:22',0),(591,'normal','17:00:00','02:00:00','2025-08-15','2025-08-16','scheduled',14,19,'2025-08-10 23:19:22','2025-08-10 23:19:22',0),(592,'normal','17:00:00','02:00:00','2025-08-12','2025-08-13','completed',15,19,'2025-08-10 23:19:22','2025-08-14 23:07:29',0),(593,'normal','17:00:00','02:00:00','2025-08-14','2025-08-15','scheduled',15,19,'2025-08-10 23:19:22','2025-08-10 23:19:22',0),(594,'normal','17:00:00','02:00:00','2025-08-16','2025-08-17','scheduled',15,19,'2025-08-10 23:19:22','2025-08-10 23:19:22',0),(595,'normal','17:00:00','02:00:00','2025-08-11','2025-08-12','completed',16,19,'2025-08-10 23:19:22','2025-08-14 23:07:29',0),(596,'normal','17:00:00','02:00:00','2025-08-13','2025-08-14','scheduled',16,19,'2025-08-10 23:19:22','2025-08-10 23:19:22',0),(597,'normal','17:00:00','02:00:00','2025-08-15','2025-08-16','scheduled',16,19,'2025-08-10 23:19:22','2025-08-10 23:19:22',0),(598,'normal','17:00:00','02:00:00','2025-08-12','2025-08-13','completed',18,19,'2025-08-10 23:19:22','2025-08-14 23:07:29',0),(599,'normal','17:00:00','02:00:00','2025-08-14','2025-08-15','scheduled',18,19,'2025-08-10 23:19:22','2025-08-10 23:19:22',0),(600,'normal','17:00:00','02:00:00','2025-08-16','2025-08-17','scheduled',18,19,'2025-08-10 23:19:22','2025-08-10 23:19:22',0),(601,'normal','17:00:00','02:00:00','2025-08-11','2025-08-13','completed',3,19,'2025-08-04 21:24:50','2025-08-14 22:50:35',0),(602,'normal','17:00:00','02:00:00','2025-08-11','2025-08-13','completed',5,19,'2025-08-04 21:24:50','2025-08-14 22:50:35',0),(603,'normal','11:47:00','11:49:00','2025-08-11','2025-08-11','missed',9,19,'2025-08-10 23:19:22','2025-08-14 23:57:52',0),(604,'normal','17:00:00','20:00:00','2025-08-20','2025-08-20','scheduled',9,19,'2025-08-04 21:24:50','2025-08-18 15:58:47',0),(605,'normal','17:00:00','14:01:00','2025-08-21','2025-08-21','scheduled',8,19,'2025-08-04 21:24:50','2025-08-18 15:58:47',0),(606,'overtime','16:50:16','17:50:16','2025-07-08','2025-07-08','missed',6,12,'2025-09-04 16:14:45','2025-09-08 23:54:19',0),(607,'normal','23:00:00','23:30:00','2025-09-04','2025-09-05','missed',6,19,'2025-08-04 21:24:50','2025-09-04 23:01:01',0),(608,'normal','17:00:00','20:01:00','2025-09-04','2025-09-05','missed',6,19,'2025-09-04 16:22:00','2025-09-05 00:23:01',0),(609,'normal','17:00:00','20:01:00','2025-09-04','2025-09-05','missed',9,19,'2025-09-04 17:08:00','2025-09-05 00:23:01',0),(610,'normal','19:57:30','20:00:00','2025-09-04','2025-09-05','missed',13,19,'2025-09-04 17:08:00','2025-09-04 19:58:31',0),(611,'normal','20:06:00','20:10:00','2025-09-04','2025-09-05','missed',13,19,'2025-09-04 19:58:31','2025-09-04 20:07:01',0),(612,'normal','20:55:00','20:56:00','2025-09-04','2025-09-05','missed',20,19,'2025-09-04 20:07:01','2025-09-04 20:59:51',0),(842,'normal','21:01:00','21:05:00','2025-09-04','2025-09-05','missed',13,19,'2025-09-04 20:59:51','2025-09-04 21:02:01',0),(843,'normal','21:11:00','21:15:00','2025-09-04','2025-09-05','missed',20,19,'2025-09-04 21:02:01','2025-09-04 21:12:01',0),(844,'normal','21:22:00','21:26:00','2025-09-04','2025-09-05','missed',13,19,'2025-09-04 21:12:01','2025-09-04 21:21:29',0),(845,'normal','21:20:00','21:21:00','2025-09-04','2025-09-05','missed',20,19,'2025-09-04 21:21:01','2025-09-04 21:21:02',0),(846,'normal','21:20:00','21:21:00','2025-09-04','2025-09-05','missed',13,19,'2025-09-04 21:21:02','2025-09-04 21:21:03',0),(847,'normal','21:20:00','21:21:00','2025-09-04','2025-09-05','missed',20,19,'2025-09-04 21:21:03','2025-09-04 21:21:04',0),(848,'normal','21:20:00','21:21:00','2025-09-04','2025-09-05','missed',13,19,'2025-09-04 21:21:04','2025-09-04 21:21:05',0),(849,'normal','21:20:00','21:21:00','2025-09-04','2025-09-05','missed',20,19,'2025-09-04 21:21:05','2025-09-04 21:21:06',0),(850,'normal','21:20:00','21:21:00','2025-09-04','2025-09-05','missed',13,19,'2025-09-04 21:21:06','2025-09-04 21:21:07',0),(851,'normal','21:20:00','21:21:00','2025-09-04','2025-09-05','missed',20,19,'2025-09-04 21:21:07','2025-09-04 21:21:08',0),(852,'normal','21:20:00','21:21:00','2025-09-04','2025-09-05','missed',13,19,'2025-09-04 21:21:08','2025-09-04 21:21:09',0),(853,'normal','21:20:00','21:21:00','2025-09-04','2025-09-05','missed',20,19,'2025-09-04 21:21:09','2025-09-04 21:21:10',0),(854,'normal','21:20:00','21:21:00','2025-09-04','2025-09-05','missed',13,19,'2025-09-04 21:21:10','2025-09-04 21:21:11',0),(855,'normal','21:20:00','21:21:00','2025-09-04','2025-09-05','missed',20,19,'2025-09-04 21:21:11','2025-09-04 21:21:12',0),(856,'normal','21:20:00','21:21:00','2025-09-04','2025-09-05','missed',13,19,'2025-09-04 21:21:12','2025-09-04 21:21:13',0),(857,'normal','21:20:00','21:21:00','2025-09-04','2025-09-05','missed',20,19,'2025-09-04 21:21:13','2025-09-04 21:21:14',0),(858,'normal','21:20:00','21:21:00','2025-09-04','2025-09-05','missed',13,19,'2025-09-04 21:21:14','2025-09-04 21:21:15',0),(859,'normal','21:20:00','21:21:00','2025-09-04','2025-09-05','missed',20,19,'2025-09-04 21:21:15','2025-09-04 21:21:16',0),(860,'normal','21:20:00','21:21:00','2025-09-04','2025-09-05','missed',13,19,'2025-09-04 21:21:16','2025-09-04 21:21:17',0),(861,'normal','21:20:00','21:21:00','2025-09-04','2025-09-05','missed',20,19,'2025-09-04 21:21:17','2025-09-04 21:21:18',0),(862,'normal','21:20:00','21:21:00','2025-09-04','2025-09-05','missed',13,19,'2025-09-04 21:21:18','2025-09-04 21:21:19',0),(863,'normal','21:20:00','21:21:00','2025-09-04','2025-09-05','missed',20,19,'2025-09-04 21:21:19','2025-09-04 21:21:20',0),(864,'normal','21:20:00','21:21:00','2025-09-04','2025-09-05','missed',13,19,'2025-09-04 21:21:20','2025-09-04 21:21:21',0),(865,'normal','21:20:00','21:21:00','2025-09-04','2025-09-05','missed',20,19,'2025-09-04 21:21:21','2025-09-04 21:21:22',0),(866,'normal','21:20:00','21:21:00','2025-09-04','2025-09-05','missed',13,19,'2025-09-04 21:21:22','2025-09-04 21:21:23',0),(867,'normal','21:20:00','21:21:00','2025-09-04','2025-09-05','missed',20,19,'2025-09-04 21:21:23','2025-09-04 21:21:24',0),(868,'normal','21:20:00','21:21:00','2025-09-04','2025-09-05','missed',13,19,'2025-09-04 21:21:24','2025-09-04 21:21:25',0),(869,'normal','21:20:00','21:21:00','2025-09-04','2025-09-05','missed',20,19,'2025-09-04 21:21:25','2025-09-04 21:21:26',0),(870,'normal','21:20:00','21:21:00','2025-09-04','2025-09-05','missed',13,19,'2025-09-04 21:21:26','2025-09-04 21:21:27',0),(871,'normal','21:20:00','21:21:00','2025-09-04','2025-09-05','missed',20,19,'2025-09-04 21:21:27','2025-09-04 21:21:28',0),(872,'normal','21:20:00','21:21:00','2025-09-04','2025-09-05','missed',13,19,'2025-09-04 21:21:28','2025-09-04 21:21:29',0),(873,'normal','21:20:00','21:21:00','2025-09-04','2025-09-05','missed',20,19,'2025-09-04 21:21:29','2025-09-04 21:21:30',0),(874,'normal','21:20:00','21:21:00','2025-09-04','2025-09-05','missed',13,19,'2025-09-04 21:21:30','2025-09-04 21:21:31',0),(875,'normal','21:20:00','21:21:00','2025-09-04','2025-09-05','missed',20,19,'2025-09-04 21:21:31','2025-09-04 21:21:32',0),(876,'normal','21:20:00','21:21:00','2025-09-04','2025-09-05','missed',13,19,'2025-09-04 21:21:32','2025-09-04 21:21:33',0),(877,'normal','21:20:00','21:21:00','2025-09-04','2025-09-05','missed',20,19,'2025-09-04 21:21:33','2025-09-04 21:21:34',0),(878,'normal','21:20:00','21:21:00','2025-09-04','2025-09-05','missed',13,19,'2025-09-04 21:21:34','2025-09-04 21:21:35',0),(879,'normal','21:20:00','21:21:00','2025-09-04','2025-09-05','missed',20,19,'2025-09-04 21:21:35','2025-09-04 21:21:36',0),(880,'normal','21:20:00','21:21:00','2025-09-04','2025-09-05','missed',13,19,'2025-09-04 21:21:36','2025-09-04 21:21:37',0),(881,'normal','21:20:00','21:21:00','2025-09-04','2025-09-05','missed',20,19,'2025-09-04 21:21:37','2025-09-04 21:21:38',0),(882,'normal','21:20:00','21:21:00','2025-09-04','2025-09-05','missed',13,19,'2025-09-04 21:21:38','2025-09-04 21:21:39',0),(883,'normal','21:20:00','21:21:00','2025-09-04','2025-09-05','missed',20,19,'2025-09-04 21:21:39','2025-09-04 21:21:40',0),(884,'normal','21:20:00','21:21:00','2025-09-04','2025-09-05','missed',13,19,'2025-09-04 21:21:40','2025-09-04 21:21:41',0),(885,'normal','21:20:00','21:21:00','2025-09-04','2025-09-05','missed',20,19,'2025-09-04 21:21:41','2025-09-04 21:21:42',0),(886,'normal','21:20:00','21:21:00','2025-09-04','2025-09-05','missed',13,19,'2025-09-04 21:21:42','2025-09-04 21:21:43',0),(887,'normal','21:20:00','21:21:00','2025-09-04','2025-09-05','missed',20,19,'2025-09-04 21:21:43','2025-09-04 21:21:44',0),(888,'normal','21:20:00','21:21:00','2025-09-04','2025-09-05','missed',13,19,'2025-09-04 21:21:44','2025-09-04 21:21:45',0),(889,'normal','21:20:00','21:21:00','2025-09-04','2025-09-05','missed',20,19,'2025-09-04 21:21:45','2025-09-04 21:21:46',0),(890,'normal','21:20:00','21:21:00','2025-09-04','2025-09-05','missed',13,19,'2025-09-04 21:21:46','2025-09-04 21:21:47',0),(891,'normal','21:20:00','21:21:00','2025-09-04','2025-09-05','missed',20,19,'2025-09-04 21:21:47','2025-09-04 21:21:48',0),(892,'normal','21:20:00','21:21:00','2025-09-04','2025-09-05','missed',13,19,'2025-09-04 21:21:48','2025-09-04 21:21:49',0),(893,'normal','21:20:00','21:21:00','2025-09-04','2025-09-05','missed',20,19,'2025-09-04 21:21:49','2025-09-04 21:21:50',0),(894,'normal','21:20:00','21:21:00','2025-09-04','2025-09-05','missed',13,19,'2025-09-04 21:21:50','2025-09-04 21:21:51',0),(895,'normal','21:20:00','21:21:00','2025-09-04','2025-09-05','missed',20,19,'2025-09-04 21:21:51','2025-09-04 21:21:52',0),(896,'normal','21:20:00','21:21:00','2025-09-04','2025-09-05','missed',13,19,'2025-09-04 21:21:52','2025-09-04 21:21:53',0),(897,'normal','21:20:00','21:21:00','2025-09-04','2025-09-05','missed',20,19,'2025-09-04 21:21:53','2025-09-04 21:21:54',0),(898,'normal','21:20:00','21:21:00','2025-09-04','2025-09-05','missed',13,19,'2025-09-04 21:21:54','2025-09-04 21:21:55',0),(899,'normal','21:20:00','21:21:00','2025-09-04','2025-09-05','missed',20,19,'2025-09-04 21:21:55','2025-09-04 21:21:56',0),(900,'normal','21:20:00','21:21:00','2025-09-04','2025-09-05','missed',13,19,'2025-09-04 21:21:56','2025-09-04 21:21:57',0),(901,'normal','21:20:00','21:21:00','2025-09-04','2025-09-05','missed',20,19,'2025-09-04 21:21:57','2025-09-04 21:21:58',0),(902,'normal','21:20:00','21:21:00','2025-09-04','2025-09-05','missed',13,19,'2025-09-04 21:21:58','2025-09-04 21:21:59',0),(903,'normal','21:20:00','21:21:00','2025-09-04','2025-09-05','missed',20,19,'2025-09-04 21:21:59','2025-09-04 21:22:00',0),(904,'normal','21:20:00','21:21:00','2025-09-04','2025-09-05','missed',20,19,'2025-09-04 21:21:59','2025-09-04 21:22:00',0),(905,'normal','21:20:00','21:21:00','2025-09-04','2025-09-05','missed',13,19,'2025-09-04 21:22:00','2025-09-04 21:22:01',0),(906,'normal','21:20:00','21:21:00','2025-09-04','2025-09-05','missed',20,19,'2025-09-04 21:22:01','2025-09-04 21:22:02',0),(907,'normal','21:20:00','21:21:00','2025-09-04','2025-09-05','missed',13,19,'2025-09-04 21:22:02','2025-09-04 21:22:03',0),(908,'normal','21:20:00','21:21:00','2025-09-04','2025-09-05','missed',20,19,'2025-09-04 21:22:03','2025-09-04 21:22:04',0),(909,'normal','21:20:00','21:21:00','2025-09-04','2025-09-05','missed',13,19,'2025-09-04 21:22:04','2025-09-04 21:22:05',0),(910,'normal','21:20:00','21:21:00','2025-09-04','2025-09-05','missed',20,19,'2025-09-04 21:22:05','2025-09-04 21:22:06',0),(911,'normal','21:20:00','21:21:00','2025-09-04','2025-09-05','missed',13,19,'2025-09-04 21:22:06','2025-09-04 21:22:07',0),(912,'normal','21:20:00','21:21:00','2025-09-04','2025-09-05','missed',20,19,'2025-09-04 21:22:07','2025-09-04 21:22:08',0),(913,'normal','21:20:00','21:21:00','2025-09-04','2025-09-05','missed',13,19,'2025-09-04 21:22:08','2025-09-04 21:22:09',0),(914,'normal','21:20:00','21:21:00','2025-09-04','2025-09-05','missed',20,19,'2025-09-04 21:22:09','2025-09-04 21:22:10',0),(915,'normal','21:20:00','21:21:00','2025-09-04','2025-09-05','missed',13,19,'2025-09-04 21:22:10','2025-09-04 21:22:11',0),(916,'normal','21:20:00','21:21:00','2025-09-04','2025-09-05','missed',20,19,'2025-09-04 21:22:11','2025-09-04 21:22:12',0),(917,'normal','21:20:00','21:21:00','2025-09-04','2025-09-05','missed',13,19,'2025-09-04 21:22:12','2025-09-04 21:22:13',0),(918,'normal','21:20:00','21:21:00','2025-09-04','2025-09-05','missed',20,19,'2025-09-04 21:22:13','2025-09-04 21:22:14',0),(919,'normal','21:20:00','21:21:00','2025-09-04','2025-09-05','missed',13,19,'2025-09-04 21:22:14','2025-09-04 21:22:15',0),(920,'normal','21:20:00','21:21:00','2025-09-04','2025-09-05','missed',20,19,'2025-09-04 21:22:15','2025-09-04 21:22:16',0),(921,'normal','21:20:00','21:21:00','2025-09-04','2025-09-05','missed',13,19,'2025-09-04 21:22:16','2025-09-04 21:22:17',0),(922,'normal','21:20:00','21:21:00','2025-09-04','2025-09-05','missed',20,19,'2025-09-04 21:22:17','2025-09-04 21:22:18',0),(923,'normal','21:20:00','21:21:00','2025-09-04','2025-09-05','missed',13,19,'2025-09-04 21:22:18','2025-09-04 21:22:19',0),(924,'normal','21:20:00','21:21:00','2025-09-04','2025-09-05','missed',20,19,'2025-09-04 21:22:19','2025-09-04 21:22:20',0),(925,'normal','21:20:00','21:21:00','2025-09-04','2025-09-05','missed',13,19,'2025-09-04 21:22:20','2025-09-04 21:22:21',0),(926,'normal','21:20:00','21:21:00','2025-09-04','2025-09-05','missed',20,19,'2025-09-04 21:22:21','2025-09-04 21:22:22',0),(927,'normal','21:20:00','21:21:00','2025-09-04','2025-09-05','missed',13,19,'2025-09-04 21:22:22','2025-09-04 21:22:23',0),(928,'normal','21:20:00','21:21:00','2025-09-04','2025-09-05','missed',20,19,'2025-09-04 21:22:23','2025-09-04 21:22:24',0),(929,'normal','21:20:00','21:21:00','2025-09-04','2025-09-05','missed',13,19,'2025-09-04 21:22:24','2025-09-04 21:22:25',0),(930,'normal','21:20:00','21:21:00','2025-09-04','2025-09-05','missed',20,19,'2025-09-04 21:22:25','2025-09-04 21:22:26',0),(931,'normal','21:20:00','21:21:00','2025-09-04','2025-09-05','missed',13,19,'2025-09-04 21:22:26','2025-09-04 21:22:27',0),(932,'normal','21:20:00','21:21:00','2025-09-04','2025-09-05','missed',20,19,'2025-09-04 21:22:27','2025-09-04 21:22:28',0),(933,'normal','21:20:00','21:21:00','2025-09-04','2025-09-05','missed',13,19,'2025-09-04 21:22:28','2025-09-04 21:22:29',0),(934,'normal','21:20:00','21:21:00','2025-09-04','2025-09-05','missed',20,19,'2025-09-04 21:22:29','2025-09-04 21:22:30',0),(935,'normal','21:20:00','21:21:00','2025-09-04','2025-09-05','missed',13,19,'2025-09-04 21:22:30','2025-09-04 21:22:31',0),(936,'normal','21:20:00','21:21:00','2025-09-04','2025-09-05','missed',20,19,'2025-09-04 21:22:31','2025-09-04 21:22:32',0),(937,'normal','21:20:00','21:21:00','2025-09-04','2025-09-05','missed',13,19,'2025-09-04 21:22:32','2025-09-04 21:22:33',0),(938,'normal','21:20:00','21:21:00','2025-09-04','2025-09-05','missed',20,19,'2025-09-04 21:22:33','2025-09-04 21:22:34',0),(939,'normal','21:20:00','21:21:00','2025-09-04','2025-09-05','missed',13,19,'2025-09-04 21:22:34','2025-09-04 21:22:35',0),(940,'normal','21:20:00','21:21:00','2025-09-04','2025-09-05','missed',20,19,'2025-09-04 21:22:35','2025-09-04 21:22:36',0),(941,'normal','21:20:00','21:21:00','2025-09-04','2025-09-05','missed',13,19,'2025-09-04 21:22:36','2025-09-04 21:22:37',0),(942,'normal','21:20:00','21:21:00','2025-09-04','2025-09-05','missed',20,19,'2025-09-04 21:22:37','2025-09-04 21:22:38',0),(943,'normal','21:20:00','21:21:00','2025-09-04','2025-09-05','missed',13,19,'2025-09-04 21:22:38','2025-09-04 21:22:39',0),(944,'normal','21:20:00','21:21:00','2025-09-04','2025-09-05','missed',20,19,'2025-09-04 21:22:39','2025-09-04 21:22:40',0),(945,'normal','21:20:00','21:21:00','2025-09-04','2025-09-05','missed',13,19,'2025-09-04 21:22:40','2025-09-04 21:22:41',0),(946,'normal','21:20:00','21:21:00','2025-09-04','2025-09-05','missed',20,19,'2025-09-04 21:22:41','2025-09-04 21:22:42',0),(947,'normal','21:20:00','21:21:00','2025-09-04','2025-09-05','missed',13,19,'2025-09-04 21:22:42','2025-09-04 21:22:43',0),(948,'normal','21:20:00','21:21:00','2025-09-04','2025-09-05','missed',20,19,'2025-09-04 21:22:43','2025-09-04 21:22:44',0),(949,'normal','21:20:00','21:21:00','2025-09-04','2025-09-05','missed',13,19,'2025-09-04 21:22:44','2025-09-04 21:22:45',0),(950,'normal','21:20:00','21:21:00','2025-09-04','2025-09-05','missed',20,19,'2025-09-04 21:22:45','2025-09-04 21:22:46',0),(951,'normal','21:20:00','21:21:00','2025-09-04','2025-09-05','missed',13,19,'2025-09-04 21:22:46','2025-09-04 21:22:47',0),(952,'normal','21:20:00','21:21:00','2025-09-04','2025-09-05','missed',20,19,'2025-09-04 21:22:47','2025-09-04 21:22:48',0),(953,'normal','21:20:00','21:21:00','2025-09-04','2025-09-05','missed',13,19,'2025-09-04 21:22:48','2025-09-04 21:22:49',0),(954,'normal','21:20:00','21:21:00','2025-09-04','2025-09-05','missed',20,19,'2025-09-04 21:22:49','2025-09-04 21:22:50',0),(955,'normal','21:20:00','21:21:00','2025-09-04','2025-09-05','missed',13,19,'2025-09-04 21:22:50','2025-09-04 21:22:51',0),(956,'normal','21:20:00','21:21:00','2025-09-04','2025-09-05','missed',20,19,'2025-09-04 21:22:51','2025-09-04 21:22:52',0),(957,'normal','21:20:00','21:21:00','2025-09-04','2025-09-05','missed',13,19,'2025-09-04 21:22:52','2025-09-04 21:22:53',0),(958,'normal','21:20:00','21:21:00','2025-09-04','2025-09-05','missed',20,19,'2025-09-04 21:22:53','2025-09-04 21:22:54',0),(959,'normal','21:20:00','21:21:00','2025-09-04','2025-09-05','missed',13,19,'2025-09-04 21:22:54','2025-09-04 21:22:55',0),(960,'normal','21:20:00','21:21:00','2025-09-04','2025-09-05','missed',20,19,'2025-09-04 21:22:55','2025-09-04 21:22:56',0),(961,'normal','21:20:00','21:21:00','2025-09-04','2025-09-05','missed',13,19,'2025-09-04 21:22:56','2025-09-04 21:22:57',0),(962,'normal','21:20:00','21:21:00','2025-09-04','2025-09-05','missed',20,19,'2025-09-04 21:22:57','2025-09-04 21:22:58',0),(963,'normal','21:20:00','21:21:00','2025-09-04','2025-09-05','missed',13,19,'2025-09-04 21:22:58','2025-09-04 21:22:59',0),(964,'normal','21:20:00','21:21:00','2025-09-04','2025-09-05','missed',20,19,'2025-09-04 21:22:59','2025-09-04 21:23:00',0),(965,'normal','21:20:00','21:21:00','2025-09-04','2025-09-05','missed',13,19,'2025-09-04 21:23:00','2025-09-04 21:23:01',0),(966,'normal','21:20:00','21:21:00','2025-09-04','2025-09-05','missed',20,19,'2025-09-04 21:23:01','2025-09-04 21:23:02',0),(967,'normal','21:20:00','21:21:00','2025-09-04','2025-09-05','missed',13,19,'2025-09-04 21:23:02','2025-09-04 21:23:03',0),(968,'normal','21:20:00','21:21:00','2025-09-04','2025-09-05','missed',20,19,'2025-09-04 21:23:03','2025-09-04 21:23:04',0),(969,'normal','21:20:00','21:21:00','2025-09-04','2025-09-05','missed',13,19,'2025-09-04 21:23:04','2025-09-04 21:23:05',0),(970,'normal','21:20:00','21:21:00','2025-09-04','2025-09-05','missed',20,19,'2025-09-04 21:23:05','2025-09-04 21:23:06',0),(971,'normal','21:20:00','21:21:00','2025-09-04','2025-09-05','missed',13,19,'2025-09-04 21:23:06','2025-09-04 21:23:07',0),(972,'normal','21:20:00','21:21:00','2025-09-04','2025-09-05','missed',20,19,'2025-09-04 21:23:07','2025-09-04 21:23:08',0),(973,'normal','21:20:00','21:21:00','2025-09-04','2025-09-05','missed',13,19,'2025-09-04 21:23:08','2025-09-04 21:23:09',0),(974,'normal','21:20:00','21:21:00','2025-09-04','2025-09-05','missed',20,19,'2025-09-04 21:23:09','2025-09-04 21:23:10',0),(975,'normal','21:20:00','21:21:00','2025-09-04','2025-09-05','missed',13,19,'2025-09-04 21:23:10','2025-09-04 21:23:11',0),(976,'normal','21:20:00','21:21:00','2025-09-04','2025-09-05','missed',20,19,'2025-09-04 21:23:11','2025-09-04 21:23:12',0),(977,'normal','21:20:00','21:21:00','2025-09-04','2025-09-05','missed',13,19,'2025-09-04 21:23:12','2025-09-04 21:23:13',0),(978,'normal','21:20:00','21:21:00','2025-09-04','2025-09-05','missed',20,19,'2025-09-04 21:23:13','2025-09-04 21:23:14',0),(979,'normal','21:20:00','21:21:00','2025-09-04','2025-09-05','missed',13,19,'2025-09-04 21:23:14','2025-09-04 21:23:15',0),(980,'normal','21:20:00','21:21:00','2025-09-04','2025-09-05','missed',20,19,'2025-09-04 21:23:15','2025-09-04 21:23:16',0),(981,'normal','21:20:00','21:21:00','2025-09-04','2025-09-05','missed',13,19,'2025-09-04 21:23:16','2025-09-04 21:23:17',0),(982,'normal','21:20:00','21:21:00','2025-09-04','2025-09-05','missed',20,19,'2025-09-04 21:23:17','2025-09-04 21:23:18',0),(983,'normal','21:20:00','21:21:00','2025-09-04','2025-09-05','missed',13,19,'2025-09-04 21:23:18','2025-09-04 21:23:19',0),(984,'normal','21:20:00','21:21:00','2025-09-04','2025-09-05','missed',20,19,'2025-09-04 21:23:19','2025-09-04 21:23:20',0),(985,'normal','21:20:00','21:21:00','2025-09-04','2025-09-05','missed',13,19,'2025-09-04 21:23:20','2025-09-04 21:23:21',0),(986,'normal','21:20:00','21:21:00','2025-09-04','2025-09-05','missed',20,19,'2025-09-04 21:23:21','2025-09-04 21:23:22',0),(987,'normal','21:20:00','21:21:00','2025-09-04','2025-09-05','missed',13,19,'2025-09-04 21:23:22','2025-09-04 21:23:23',0),(988,'normal','21:20:00','21:21:00','2025-09-04','2025-09-05','missed',20,19,'2025-09-04 21:23:23','2025-09-04 21:23:24',0),(989,'normal','21:20:00','21:21:00','2025-09-04','2025-09-05','missed',13,19,'2025-09-04 21:23:24','2025-09-04 21:23:25',0),(990,'normal','21:20:00','21:21:00','2025-09-04','2025-09-05','missed',20,19,'2025-09-04 21:23:25','2025-09-04 21:23:26',0),(991,'normal','21:20:00','21:21:00','2025-09-04','2025-09-05','missed',13,19,'2025-09-04 21:23:26','2025-09-04 21:23:27',0),(992,'normal','21:20:00','21:21:00','2025-09-04','2025-09-05','missed',20,19,'2025-09-04 21:23:27','2025-09-04 21:23:28',0),(993,'normal','21:20:00','21:21:00','2025-09-04','2025-09-05','missed',13,19,'2025-09-04 21:23:28','2025-09-04 21:23:29',0),(994,'normal','21:20:00','21:21:00','2025-09-04','2025-09-05','missed',20,19,'2025-09-04 21:23:29','2025-09-04 21:23:30',0),(995,'normal','21:20:00','21:21:00','2025-09-04','2025-09-05','missed',13,19,'2025-09-04 21:23:30','2025-09-04 21:23:31',0),(996,'normal','21:20:00','21:21:00','2025-09-04','2025-09-05','missed',20,19,'2025-09-04 21:23:31','2025-09-04 21:23:32',0),(997,'normal','21:20:00','21:21:00','2025-09-04','2025-09-05','missed',13,19,'2025-09-04 21:23:32','2025-09-04 21:23:33',0),(998,'normal','21:20:00','21:21:00','2025-09-04','2025-09-05','missed',20,19,'2025-09-04 21:23:33','2025-09-04 21:23:34',0),(999,'normal','21:20:00','21:21:00','2025-09-04','2025-09-05','missed',13,19,'2025-09-04 21:23:34','2025-09-04 21:23:35',0),(1000,'normal','21:20:00','21:21:00','2025-09-04','2025-09-05','missed',20,19,'2025-09-04 21:23:35','2025-09-04 21:23:36',0),(1001,'normal','21:20:00','21:21:00','2025-09-04','2025-09-05','missed',13,19,'2025-09-04 21:23:36','2025-09-04 21:23:37',0),(1002,'normal','21:20:00','21:21:00','2025-09-04','2025-09-05','missed',20,19,'2025-09-04 21:23:37','2025-09-04 21:23:38',0),(1003,'normal','21:20:00','21:21:00','2025-09-04','2025-09-05','missed',13,19,'2025-09-04 21:23:38','2025-09-04 21:23:39',0),(1004,'normal','21:20:00','21:21:00','2025-09-04','2025-09-05','missed',20,19,'2025-09-04 21:23:39','2025-09-04 21:23:40',0),(1005,'normal','21:20:00','21:21:00','2025-09-04','2025-09-05','missed',13,19,'2025-09-04 21:23:40','2025-09-04 21:23:41',0),(1006,'normal','21:20:00','21:21:00','2025-09-04','2025-09-05','missed',20,19,'2025-09-04 21:23:41','2025-09-04 21:23:42',0),(1007,'normal','21:20:00','21:21:00','2025-09-04','2025-09-05','missed',13,19,'2025-09-04 21:23:42','2025-09-04 21:23:43',0),(1008,'normal','21:20:00','21:21:00','2025-09-04','2025-09-05','missed',20,19,'2025-09-04 21:23:43','2025-09-04 21:23:44',0),(1009,'normal','21:20:00','21:21:00','2025-09-04','2025-09-05','missed',13,19,'2025-09-04 21:23:44','2025-09-04 21:23:45',0),(1010,'normal','21:20:00','21:21:00','2025-09-04','2025-09-05','missed',20,19,'2025-09-04 21:23:45','2025-09-04 21:23:46',0),(1011,'normal','21:20:00','21:21:00','2025-09-04','2025-09-05','missed',13,19,'2025-09-04 21:23:46','2025-09-04 21:23:47',0),(1012,'normal','21:20:00','21:21:00','2025-09-04','2025-09-05','missed',20,19,'2025-09-04 21:23:47','2025-09-04 21:23:48',0),(1013,'normal','21:20:00','21:21:00','2025-09-04','2025-09-05','missed',13,19,'2025-09-04 21:23:48','2025-09-04 21:23:49',0),(1014,'normal','21:20:00','21:21:00','2025-09-04','2025-09-05','missed',20,19,'2025-09-04 21:23:49','2025-09-04 21:23:50',0),(1015,'normal','21:20:00','21:21:00','2025-09-04','2025-09-05','missed',13,19,'2025-09-04 21:23:50','2025-09-04 21:23:51',0),(1016,'normal','21:20:00','21:21:00','2025-09-04','2025-09-05','missed',20,19,'2025-09-04 21:23:51','2025-09-04 21:23:52',0),(1017,'normal','21:20:00','21:21:00','2025-09-04','2025-09-05','missed',13,19,'2025-09-04 21:23:52','2025-09-04 21:23:53',0),(1018,'normal','21:20:00','21:21:00','2025-09-04','2025-09-05','missed',20,19,'2025-09-04 21:23:53','2025-09-04 21:23:54',0),(1019,'normal','21:20:00','21:21:00','2025-09-04','2025-09-05','missed',13,19,'2025-09-04 21:23:54','2025-09-04 21:23:55',0),(1020,'normal','21:20:00','21:21:00','2025-09-04','2025-09-05','missed',20,19,'2025-09-04 21:23:55','2025-09-04 21:23:56',0),(1021,'normal','21:20:00','21:21:00','2025-09-04','2025-09-05','missed',13,19,'2025-09-04 21:23:56','2025-09-04 21:23:57',0),(1022,'normal','21:20:00','21:21:00','2025-09-04','2025-09-05','missed',20,19,'2025-09-04 21:23:57','2025-09-04 21:23:58',0),(1023,'normal','21:20:00','21:21:00','2025-09-04','2025-09-05','missed',13,19,'2025-09-04 21:23:58','2025-09-04 21:23:59',0),(1024,'normal','21:20:00','21:21:00','2025-09-04','2025-09-05','missed',20,19,'2025-09-04 21:23:59','2025-09-04 21:24:00',0),(1025,'normal','21:20:00','21:21:00','2025-09-04','2025-09-05','missed',13,19,'2025-09-04 21:24:00','2025-09-04 21:24:01',0),(1026,'normal','21:20:00','21:21:00','2025-09-04','2025-09-05','missed',20,19,'2025-09-04 21:24:01','2025-09-04 21:24:02',0),(1027,'normal','21:20:00','21:21:00','2025-09-04','2025-09-05','missed',13,19,'2025-09-04 21:24:02','2025-09-04 21:24:03',0),(1028,'normal','21:20:00','21:21:00','2025-09-04','2025-09-05','missed',20,19,'2025-09-04 21:24:03','2025-09-04 21:24:04',0),(1029,'normal','21:20:00','21:21:00','2025-09-04','2025-09-05','missed',13,19,'2025-09-04 21:24:04','2025-09-04 21:24:05',0),(1030,'normal','21:20:00','21:21:00','2025-09-04','2025-09-05','missed',20,19,'2025-09-04 21:24:05','2025-09-04 21:24:06',0),(1031,'normal','21:20:00','21:21:00','2025-09-04','2025-09-05','missed',13,19,'2025-09-04 21:24:06','2025-09-04 21:24:07',0),(1032,'normal','21:20:00','21:21:00','2025-09-04','2025-09-05','missed',20,19,'2025-09-04 21:24:07','2025-09-04 21:24:08',0),(1033,'normal','21:20:00','21:21:00','2025-09-04','2025-09-05','missed',13,19,'2025-09-04 21:24:08','2025-09-04 21:24:09',0),(1034,'normal','21:20:00','21:21:00','2025-09-04','2025-09-05','missed',20,19,'2025-09-04 21:24:09','2025-09-04 21:24:10',0),(1035,'normal','21:20:00','21:21:00','2025-09-04','2025-09-05','missed',13,19,'2025-09-04 21:24:10','2025-09-04 21:24:11',0),(1036,'normal','21:20:00','21:21:00','2025-09-04','2025-09-05','missed',20,19,'2025-09-04 21:24:11','2025-09-04 21:24:12',0),(1037,'normal','21:20:00','21:21:00','2025-09-04','2025-09-05','missed',13,19,'2025-09-04 21:24:12','2025-09-04 21:24:13',0),(1038,'normal','21:20:00','21:21:00','2025-09-04','2025-09-05','missed',20,19,'2025-09-04 21:24:13','2025-09-04 21:24:14',0),(1039,'normal','21:20:00','21:21:00','2025-09-04','2025-09-05','missed',13,19,'2025-09-04 21:24:14','2025-09-04 21:24:15',0),(1040,'normal','21:20:00','21:21:00','2025-09-04','2025-09-05','missed',20,19,'2025-09-04 21:24:15','2025-09-04 21:24:16',0),(1041,'normal','21:20:00','21:21:00','2025-09-04','2025-09-05','missed',13,19,'2025-09-04 21:24:16','2025-09-04 21:24:17',0),(1042,'normal','21:20:00','21:21:00','2025-09-04','2025-09-05','missed',20,19,'2025-09-04 21:24:17','2025-09-04 21:24:18',0),(1043,'normal','21:20:00','21:21:00','2025-09-04','2025-09-05','missed',13,19,'2025-09-04 21:24:18','2025-09-04 21:24:19',0),(1044,'normal','21:20:00','21:21:00','2025-09-04','2025-09-05','missed',20,19,'2025-09-04 21:24:19','2025-09-04 21:24:20',0),(1045,'normal','21:20:00','21:21:00','2025-09-04','2025-09-05','missed',13,19,'2025-09-04 21:24:20','2025-09-04 21:24:21',0),(1046,'normal','21:20:00','21:21:00','2025-09-04','2025-09-05','missed',20,19,'2025-09-04 21:24:21','2025-09-04 21:24:22',0),(1047,'normal','21:20:00','21:21:00','2025-09-04','2025-09-05','missed',13,19,'2025-09-04 21:24:22','2025-09-04 21:24:23',0),(1048,'normal','21:20:00','21:21:00','2025-09-04','2025-09-05','missed',20,19,'2025-09-04 21:24:23','2025-09-04 21:24:24',0),(1049,'normal','21:20:00','21:21:00','2025-09-04','2025-09-05','missed',13,19,'2025-09-04 21:24:24','2025-09-04 21:24:25',0),(1050,'normal','21:20:00','21:21:00','2025-09-04','2025-09-05','missed',20,19,'2025-09-04 21:24:25','2025-09-04 21:24:26',0),(1051,'normal','21:20:00','21:21:00','2025-09-04','2025-09-05','missed',13,19,'2025-09-04 21:24:26','2025-09-04 21:24:27',0),(1052,'normal','21:20:00','21:21:00','2025-09-04','2025-09-05','missed',20,19,'2025-09-04 21:24:27','2025-09-04 21:24:28',0),(1053,'normal','21:20:00','21:21:00','2025-09-04','2025-09-05','missed',13,19,'2025-09-04 21:24:28','2025-09-04 21:24:29',0),(1054,'normal','21:20:00','21:21:00','2025-09-04','2025-09-05','missed',20,19,'2025-09-04 21:24:29','2025-09-04 21:24:30',0),(1055,'normal','21:20:00','21:21:00','2025-09-04','2025-09-05','missed',13,19,'2025-09-04 21:24:30','2025-09-04 21:24:31',0),(1056,'normal','21:20:00','21:21:00','2025-09-04','2025-09-05','missed',20,19,'2025-09-04 21:24:31','2025-09-04 21:24:32',0),(1057,'normal','21:20:00','21:21:00','2025-09-04','2025-09-05','missed',13,19,'2025-09-04 21:24:32','2025-09-04 21:24:33',0),(1058,'normal','21:20:00','21:21:00','2025-09-04','2025-09-05','missed',20,19,'2025-09-04 21:24:33','2025-09-04 21:24:34',0),(1059,'normal','21:20:00','21:21:00','2025-09-04','2025-09-05','missed',13,19,'2025-09-04 21:24:34','2025-09-04 21:24:35',0),(1060,'normal','21:20:00','21:21:00','2025-09-04','2025-09-05','missed',20,19,'2025-09-04 21:24:35','2025-09-04 21:24:36',0),(1061,'normal','21:20:00','21:21:00','2025-09-04','2025-09-05','missed',13,19,'2025-09-04 21:24:36','2025-09-04 21:24:37',0),(1062,'normal','21:20:00','21:21:00','2025-09-04','2025-09-05','missed',20,19,'2025-09-04 21:24:37','2025-09-04 21:24:38',0),(1063,'normal','21:20:00','21:21:00','2025-09-04','2025-09-05','missed',13,19,'2025-09-04 21:24:38','2025-09-04 21:24:39',0),(1064,'normal','21:20:00','21:21:00','2025-09-04','2025-09-05','missed',20,19,'2025-09-04 21:24:39','2025-09-04 21:24:40',0),(1065,'normal','21:20:00','21:21:00','2025-09-04','2025-09-05','missed',13,19,'2025-09-04 21:24:40','2025-09-04 21:24:41',0),(1066,'normal','21:20:00','21:21:00','2025-09-04','2025-09-05','missed',20,19,'2025-09-04 21:24:41','2025-09-04 21:24:42',0),(1067,'normal','21:20:00','21:21:00','2025-09-04','2025-09-05','missed',13,19,'2025-09-04 21:24:42','2025-09-04 21:24:43',0),(1068,'normal','21:51:00','21:55:00','2025-09-04','2025-09-05','missed',20,19,'2025-09-04 21:24:43','2025-09-04 21:54:06',0),(1079,'normal','23:00:00','23:30:00','2025-09-04','2025-09-05','missed',6,19,'2025-09-04 22:53:00','2025-09-05 00:23:01',1),(1080,'normal','23:00:00','23:30:00','2025-09-04','2025-09-05','missed',16,19,'2025-09-04 22:56:00','2025-09-05 00:23:01',1),(1081,'normal','17:00:00','20:01:00','2025-09-04','2025-09-05','missed',16,19,'2025-09-04 22:59:00','2025-09-05 00:23:01',1),(1082,'normal','17:00:00','20:01:00','2025-09-04','2025-09-05','missed',16,19,'2025-09-04 22:59:00','2025-09-05 00:23:01',0),(1083,'normal','17:00:00','20:01:00','2025-09-04','2025-09-05','missed',9,19,'2025-09-04 22:59:00','2025-09-05 00:23:01',0),(1084,'normal','00:57:00','01:09:00','2025-09-05','2025-09-05','missed',8,19,'2025-09-04 22:59:00','2025-09-05 00:58:32',0),(1086,'normal','00:30:00','00:50:00','2025-09-05','2025-09-05','missed',7,19,'2025-09-05 00:31:01','2025-09-05 00:33:00',1),(1090,'normal','15:56:10','15:59:10','2025-09-08','2025-09-08','missed',9,19,'2025-09-07 22:43:31','2025-09-08 15:57:11',0),(1091,'normal','15:56:10','15:59:10','2025-09-08','2025-09-08','missed',8,19,'2025-09-08 15:57:11','2025-09-08 16:00:11',1),(1489,'overtime','23:53:59','00:53:59','2025-09-08','2025-09-08','missed',6,29,'2025-09-08 23:53:59','2025-09-08 23:54:19',0),(1490,'overtime','23:53:59','00:53:59','2025-09-08','2025-09-08','missed',8,29,'2025-09-08 23:53:59','2025-09-08 23:54:19',0),(1491,'overtime','23:53:59','00:53:59','2025-09-08','2025-09-08','missed',9,29,'2025-09-08 23:53:59','2025-09-08 23:54:19',0),(1492,'overtime','23:53:59','00:53:59','2025-09-08','2025-09-08','missed',16,29,'2025-09-08 23:53:59','2025-09-08 23:54:19',0),(1493,'overtime','23:54:11','00:54:11','2025-09-08','2025-09-08','missed',6,29,'2025-09-08 23:54:11','2025-09-08 23:54:19',0),(1494,'overtime','23:54:11','00:54:11','2025-09-08','2025-09-08','missed',8,29,'2025-09-08 23:54:11','2025-09-08 23:54:19',0),(1495,'overtime','23:54:11','00:54:11','2025-09-08','2025-09-08','missed',9,29,'2025-09-08 23:54:11','2025-09-08 23:54:19',0),(1496,'overtime','23:54:11','00:54:11','2025-09-08','2025-09-08','missed',16,29,'2025-09-08 23:54:11','2025-09-08 23:54:19',0),(1497,'overtime','23:54:16','00:54:16','2025-09-08','2025-09-08','missed',6,29,'2025-09-08 23:54:16','2025-09-08 23:54:19',0),(1498,'overtime','23:54:16','00:54:16','2025-09-08','2025-09-08','missed',8,29,'2025-09-08 23:54:16','2025-09-08 23:54:19',0),(1499,'overtime','23:54:16','00:54:16','2025-09-08','2025-09-08','missed',9,29,'2025-09-08 23:54:16','2025-09-08 23:54:19',0),(1500,'overtime','23:54:16','00:54:16','2025-09-08','2025-09-08','missed',16,29,'2025-09-08 23:54:16','2025-09-08 23:54:19',0),(1501,'overtime','23:54:57','00:54:57','2025-09-08','2025-09-08','missed',13,29,'2025-09-08 23:54:57','2025-09-08 23:55:17',0),(1502,'overtime','23:54:57','00:54:57','2025-09-08','2025-09-08','missed',20,29,'2025-09-08 23:54:57','2025-09-08 23:55:17',0),(1503,'overtime','23:54:57','00:54:57','2025-09-08','2025-09-08','missed',21,29,'2025-09-08 23:54:57','2025-09-08 23:55:17',0),(1504,'overtime','23:54:57','00:54:57','2025-09-08','2025-09-08','missed',22,29,'2025-09-08 23:54:57','2025-09-08 23:55:17',0),(1505,'overtime','23:58:05','01:03:05','2025-09-08','2025-09-08','missed',5,29,'2025-09-08 23:58:05','2025-09-08 23:58:25',0),(1506,'overtime','23:58:05','01:03:05','2025-09-08','2025-09-08','missed',7,29,'2025-09-08 23:58:05','2025-09-08 23:58:25',0),(1507,'overtime','23:58:05','01:03:05','2025-09-08','2025-09-08','missed',13,29,'2025-09-08 23:58:05','2025-09-08 23:58:25',0),(1508,'overtime','23:58:05','01:03:05','2025-09-08','2025-09-08','missed',14,29,'2025-09-08 23:58:05','2025-09-08 23:58:25',0),(1509,'overtime','23:58:05','01:03:05','2025-09-08','2025-09-08','missed',18,29,'2025-09-08 23:58:05','2025-09-08 23:58:25',0),(1510,'overtime','23:58:05','01:03:05','2025-09-08','2025-09-08','missed',20,29,'2025-09-08 23:58:05','2025-09-08 23:58:25',0),(1511,'overtime','23:58:05','01:03:05','2025-09-08','2025-09-08','missed',21,29,'2025-09-08 23:58:05','2025-09-08 23:58:25',0),(1512,'overtime','23:58:05','01:03:05','2025-09-08','2025-09-08','missed',22,29,'2025-09-08 23:58:05','2025-09-08 23:58:25',0),(1513,'overtime','23:58:05','01:03:05','2025-09-08','2025-09-08','missed',26,29,'2025-09-08 23:58:05','2025-09-08 23:58:25',0),(1514,'overtime','23:58:05','01:03:05','2025-09-08','2025-09-08','missed',27,29,'2025-09-08 23:58:05','2025-09-08 23:58:25',0),(1515,'overtime','23:58:12','01:03:12','2025-09-08','2025-09-08','missed',5,29,'2025-09-08 23:58:12','2025-09-08 23:58:25',0),(1516,'overtime','23:58:12','01:03:12','2025-09-08','2025-09-08','missed',7,29,'2025-09-08 23:58:12','2025-09-08 23:58:25',0),(1517,'overtime','23:58:12','01:03:12','2025-09-08','2025-09-08','missed',13,29,'2025-09-08 23:58:12','2025-09-08 23:58:25',0),(1518,'overtime','23:58:12','01:03:12','2025-09-08','2025-09-08','missed',14,29,'2025-09-08 23:58:12','2025-09-08 23:58:25',0),(1519,'overtime','23:58:12','01:03:12','2025-09-08','2025-09-08','missed',18,29,'2025-09-08 23:58:12','2025-09-08 23:58:25',0),(1520,'overtime','23:58:12','01:03:12','2025-09-08','2025-09-08','missed',20,29,'2025-09-08 23:58:12','2025-09-08 23:58:25',0),(1521,'overtime','23:58:12','01:03:12','2025-09-08','2025-09-08','missed',21,29,'2025-09-08 23:58:12','2025-09-08 23:58:25',0),(1522,'overtime','23:58:12','01:03:12','2025-09-08','2025-09-08','missed',22,29,'2025-09-08 23:58:12','2025-09-08 23:58:25',0),(1523,'overtime','23:58:12','01:03:12','2025-09-08','2025-09-08','missed',26,29,'2025-09-08 23:58:12','2025-09-08 23:58:25',0),(1524,'overtime','23:58:12','01:03:12','2025-09-08','2025-09-08','missed',27,29,'2025-09-08 23:58:12','2025-09-08 23:58:25',0),(1525,'overtime','23:58:14','01:03:14','2025-09-08','2025-09-08','missed',5,29,'2025-09-08 23:58:14','2025-09-08 23:58:25',0),(1526,'overtime','23:58:14','01:03:14','2025-09-08','2025-09-08','missed',7,29,'2025-09-08 23:58:14','2025-09-08 23:58:25',0),(1527,'overtime','23:58:14','01:03:14','2025-09-08','2025-09-08','missed',13,29,'2025-09-08 23:58:14','2025-09-08 23:58:25',0),(1528,'overtime','23:58:14','01:03:14','2025-09-08','2025-09-08','missed',14,29,'2025-09-08 23:58:14','2025-09-08 23:58:25',0),(1529,'overtime','23:58:14','01:03:14','2025-09-08','2025-09-08','missed',18,29,'2025-09-08 23:58:14','2025-09-08 23:58:25',0),(1530,'overtime','23:58:14','01:03:14','2025-09-08','2025-09-08','missed',20,29,'2025-09-08 23:58:14','2025-09-08 23:58:25',0),(1531,'overtime','23:58:14','01:03:14','2025-09-08','2025-09-08','missed',21,29,'2025-09-08 23:58:14','2025-09-08 23:58:25',0),(1532,'overtime','23:58:14','01:03:14','2025-09-08','2025-09-08','missed',22,29,'2025-09-08 23:58:14','2025-09-08 23:58:25',0),(1533,'overtime','23:58:14','01:03:14','2025-09-08','2025-09-08','missed',26,29,'2025-09-08 23:58:14','2025-09-08 23:58:25',0),(1534,'overtime','23:58:14','01:03:14','2025-09-08','2025-09-08','missed',27,29,'2025-09-08 23:58:14','2025-09-08 23:58:25',0),(1535,'overtime','23:58:53','00:58:53','2025-09-08','2025-09-08','missed',7,29,'2025-09-08 23:58:53','2025-09-08 23:59:13',0),(1536,'overtime','23:58:53','00:58:53','2025-09-08','2025-09-08','missed',14,29,'2025-09-08 23:58:53','2025-09-08 23:59:13',0),(1537,'overtime','23:58:53','00:58:53','2025-09-08','2025-09-08','missed',18,29,'2025-09-08 23:58:53','2025-09-08 23:59:13',0),(1538,'overtime','23:58:53','00:58:53','2025-09-08','2025-09-08','missed',4,29,'2025-09-08 23:58:53','2025-09-08 23:59:13',0),(1539,'overtime','23:58:53','00:58:53','2025-09-08','2025-09-08','missed',23,29,'2025-09-08 23:58:53','2025-09-08 23:59:13',0),(1540,'overtime','23:58:53','00:58:53','2025-09-08','2025-09-08','missed',24,29,'2025-09-08 23:58:53','2025-09-08 23:59:13',0),(1541,'overtime','23:58:53','00:58:53','2025-09-08','2025-09-08','missed',25,29,'2025-09-08 23:58:53','2025-09-08 23:59:13',0),(1542,'overtime','23:59:25','00:59:25','2025-09-08','2025-09-08','missed',6,29,'2025-09-08 23:59:25','2025-09-08 23:59:45',0),(1543,'overtime','23:59:25','00:59:25','2025-09-08','2025-09-08','missed',8,29,'2025-09-08 23:59:25','2025-09-08 23:59:45',0),(1544,'overtime','23:59:25','00:59:25','2025-09-08','2025-09-08','missed',9,29,'2025-09-08 23:59:25','2025-09-08 23:59:45',0),(1545,'overtime','23:59:25','00:59:25','2025-09-08','2025-09-08','missed',16,29,'2025-09-08 23:59:25','2025-09-08 23:59:45',0),(1546,'overtime','23:59:25','00:59:25','2025-09-08','2025-09-08','missed',13,29,'2025-09-08 23:59:25','2025-09-08 23:59:45',0),(1547,'overtime','23:59:25','00:59:25','2025-09-08','2025-09-08','missed',20,29,'2025-09-08 23:59:25','2025-09-08 23:59:45',0),(1548,'overtime','23:59:25','00:59:25','2025-09-08','2025-09-08','missed',21,29,'2025-09-08 23:59:25','2025-09-08 23:59:45',0),(1549,'overtime','23:59:25','00:59:25','2025-09-08','2025-09-08','missed',22,29,'2025-09-08 23:59:25','2025-09-08 23:59:45',0),(1550,'overtime','00:00:20','01:00:20','2025-09-08','2025-09-08','missed',2,30,'2025-09-09 00:00:20','2025-09-09 00:01:04',0),(1551,'overtime','00:00:20','01:00:20','2025-09-08','2025-09-08','missed',28,30,'2025-09-09 00:00:20','2025-09-09 00:01:04',0),(1552,'overtime','00:00:20','01:00:20','2025-09-08','2025-09-08','missed',29,30,'2025-09-09 00:00:20','2025-09-09 00:01:04',0),(1553,'overtime','00:00:20','01:00:20','2025-09-08','2025-09-08','missed',30,30,'2025-09-09 00:00:20','2025-09-09 00:01:04',0),(1554,'overtime','00:08:43','01:08:43','2025-09-08','2025-09-08','missed',7,30,'2025-09-09 00:08:43','2025-09-09 00:09:00',0),(1555,'overtime','00:08:43','01:08:43','2025-09-08','2025-09-08','missed',14,30,'2025-09-09 00:08:43','2025-09-09 00:09:00',0),(1556,'overtime','00:08:43','01:08:43','2025-09-08','2025-09-08','missed',18,30,'2025-09-09 00:08:43','2025-09-09 00:09:00',0),(1557,'overtime','00:08:43','01:08:43','2025-09-08','2025-09-08','missed',2,30,'2025-09-09 00:08:43','2025-09-09 00:09:00',0),(1558,'overtime','00:08:43','01:08:43','2025-09-08','2025-09-08','missed',28,30,'2025-09-09 00:08:43','2025-09-09 00:09:00',0),(1559,'overtime','00:08:43','01:08:43','2025-09-08','2025-09-08','missed',29,30,'2025-09-09 00:08:43','2025-09-09 00:09:00',0),(1560,'overtime','00:08:43','01:08:43','2025-09-08','2025-09-08','missed',30,30,'2025-09-09 00:08:43','2025-09-09 00:09:00',0),(1561,'overtime','00:30:51','01:30:51','2025-09-08','2025-09-08','missed',4,30,'2025-09-09 00:30:51','2025-09-09 00:31:09',0),(1562,'overtime','00:30:51','01:30:51','2025-09-08','2025-09-08','missed',25,30,'2025-09-09 00:30:51','2025-09-09 00:31:09',0),(1563,'overtime','00:31:56','01:31:56','2025-09-08','2025-09-08','missed',7,30,'2025-09-09 00:31:56','2025-09-09 00:32:39',0),(1564,'overtime','00:31:56','01:31:56','2025-09-08','2025-09-08','missed',18,30,'2025-09-09 00:31:56','2025-09-09 00:32:39',0),(1565,'overtime','00:31:56','01:31:56','2025-09-08','2025-09-08','missed',4,30,'2025-09-09 00:31:56','2025-09-09 00:32:39',0),(1566,'overtime','00:31:56','01:31:56','2025-09-08','2025-09-08','missed',25,30,'2025-09-09 00:31:56','2025-09-09 00:32:39',0),(1567,'overtime','00:32:26','01:32:26','2025-09-08','2025-09-08','missed',6,30,'2025-09-09 00:32:26','2025-09-09 00:32:39',0),(1568,'overtime','00:32:26','01:32:26','2025-09-08','2025-09-08','missed',16,30,'2025-09-09 00:32:26','2025-09-09 00:32:39',0),(1569,'overtime','00:37:41','01:37:41','2025-09-08','2025-09-08','missed',7,30,'2025-09-09 00:37:41','2025-09-09 00:41:55',0),(1570,'overtime','00:37:41','01:37:41','2025-09-08','2025-09-08','missed',18,30,'2025-09-09 00:37:41','2025-09-09 00:41:55',0),(1571,'overtime','00:37:41','01:37:41','2025-09-08','2025-09-08','missed',4,30,'2025-09-09 00:37:41','2025-09-09 00:41:55',0),(1572,'overtime','00:37:41','01:37:41','2025-09-08','2025-09-08','missed',25,30,'2025-09-09 00:37:41','2025-09-09 00:41:55',0),(1573,'overtime','00:41:38','01:41:38','2025-09-08','2025-09-08','missed',7,30,'2025-09-09 00:41:38','2025-09-09 00:41:55',0),(1574,'overtime','00:41:38','01:41:38','2025-09-08','2025-09-08','missed',18,30,'2025-09-09 00:41:38','2025-09-09 00:41:55',0),(1575,'overtime','00:41:38','01:41:38','2025-09-08','2025-09-08','missed',4,30,'2025-09-09 00:41:38','2025-09-09 00:41:55',0),(1576,'overtime','00:41:38','01:41:38','2025-09-08','2025-09-08','missed',25,30,'2025-09-09 00:41:38','2025-09-09 00:41:55',0),(1577,'overtime','00:42:23','01:42:23','2025-09-08','2025-09-08','missed',5,30,'2025-09-09 00:42:23','2025-09-09 00:43:17',0),(1578,'overtime','00:42:23','01:42:23','2025-09-08','2025-09-08','missed',27,30,'2025-09-09 00:42:23','2025-09-09 00:43:17',0),(1579,'overtime','00:43:00','01:43:00','2025-09-08','2025-09-08','missed',5,30,'2025-09-09 00:43:00','2025-09-09 00:43:17',0),(1580,'overtime','00:43:00','01:43:00','2025-09-08','2025-09-08','missed',27,30,'2025-09-09 00:43:00','2025-09-09 00:43:17',0),(1581,'overtime','00:43:40','01:43:40','2025-09-08','2025-09-08','missed',7,30,'2025-09-09 00:43:40','2025-09-09 00:44:39',0),(1582,'overtime','00:43:40','01:43:40','2025-09-08','2025-09-08','missed',18,30,'2025-09-09 00:43:40','2025-09-09 00:44:39',0),(1583,'overtime','00:44:21','01:44:21','2025-09-08','2025-09-08','missed',7,30,'2025-09-09 00:44:21','2025-09-09 00:44:39',0),(1584,'overtime','00:44:21','01:44:21','2025-09-08','2025-09-08','missed',18,30,'2025-09-09 00:44:21','2025-09-09 00:44:39',0),(1585,'overtime','00:44:35','01:44:35','2025-09-08','2025-09-08','missed',7,30,'2025-09-09 00:44:35','2025-09-09 00:44:39',0),(1586,'overtime','00:44:35','01:44:35','2025-09-08','2025-09-08','missed',18,30,'2025-09-09 00:44:35','2025-09-09 00:44:39',0),(1587,'overtime','00:45:03','01:45:02','2025-09-08','2025-09-08','missed',13,30,'2025-09-09 00:45:03','2025-09-09 00:46:34',0),(1588,'overtime','00:45:03','01:45:02','2025-09-08','2025-09-08','missed',22,30,'2025-09-09 00:45:03','2025-09-09 00:46:34',0),(1589,'overtime','00:46:16','01:46:16','2025-09-08','2025-09-08','missed',13,30,'2025-09-09 00:46:16','2025-09-09 00:46:34',0),(1590,'overtime','00:46:16','01:46:16','2025-09-08','2025-09-08','missed',22,30,'2025-09-09 00:46:16','2025-09-09 00:46:34',0),(1591,'overtime','00:47:05','01:47:05','2025-09-08','2025-09-08','missed',4,30,'2025-09-09 00:47:05','2025-09-09 00:48:34',0),(1592,'overtime','00:47:05','01:47:05','2025-09-08','2025-09-08','missed',25,30,'2025-09-09 00:47:05','2025-09-09 00:48:34',0),(1593,'overtime','00:48:18','01:48:18','2025-09-08','2025-09-08','missed',6,30,'2025-09-09 00:48:18','2025-09-09 00:48:34',0),(1594,'overtime','00:48:18','01:48:18','2025-09-08','2025-09-08','missed',16,30,'2025-09-09 00:48:18','2025-09-09 00:48:34',0),(1595,'overtime','00:48:18','01:48:18','2025-09-08','2025-09-08','missed',4,30,'2025-09-09 00:48:18','2025-09-09 00:48:34',0),(1596,'overtime','00:48:18','01:48:18','2025-09-08','2025-09-08','missed',25,30,'2025-09-09 00:48:18','2025-09-09 00:48:34',0),(1597,'overtime','00:49:24','01:49:24','2025-09-08','2025-09-08','missed',5,30,'2025-09-09 00:49:24','2025-09-09 01:05:38',0),(1598,'overtime','00:49:24','01:49:24','2025-09-08','2025-09-08','missed',27,30,'2025-09-09 00:49:24','2025-09-09 01:05:38',0),(1599,'overtime','13:36:57','14:36:56','2025-09-09','2025-09-09','missed',6,30,'2025-09-09 13:36:57','2025-09-09 13:46:22',0),(1600,'overtime','13:36:57','14:36:56','2025-09-09','2025-09-09','missed',16,30,'2025-09-09 13:36:57','2025-09-09 13:46:22',0),(1601,'overtime','21:25:10','22:25:10','2025-09-09','2025-09-09','missed',6,30,'2025-09-09 21:25:10','2025-09-09 22:22:00',0),(1602,'overtime','21:25:10','22:25:10','2025-09-09','2025-09-09','missed',16,30,'2025-09-09 21:25:10','2025-09-09 22:22:00',0),(1603,'overtime','21:47:24','22:47:24','2025-09-09','2025-09-09','missed',6,30,'2025-09-09 21:47:24','2025-09-09 21:47:44',0),(1604,'normal','21:47:24','22:47:24','2025-09-09','2025-09-09','completed',9,30,'2025-09-09 21:47:24','2025-09-09 22:24:03',0),(1605,'normal','21:48:00','21:50:00','2025-09-13','2025-09-13','missed',9,30,'2025-09-09 22:29:55','2025-09-13 21:49:01',0),(2086,'normal','17:00:00','02:00:00','2025-09-12','2025-09-13','missed',6,31,'2025-09-10 11:44:16','2025-09-13 21:41:01',0),(2087,'normal','17:00:00','02:00:00','2025-09-13','2025-09-14','missed',6,31,'2025-09-10 11:44:16','2025-09-14 02:01:01',0),(2088,'normal','17:00:00','02:00:00','2025-09-14','2025-09-15','missed',6,31,'2025-09-10 11:44:16','2025-09-14 17:01:01',0),(2089,'normal','17:00:00','02:00:00','2025-09-15','2025-09-16','scheduled',6,31,'2025-09-10 11:44:16','2025-09-10 13:45:49',0),(2090,'normal','17:00:00','02:00:00','2025-09-12','2025-09-13','missed',8,31,'2025-09-10 11:44:16','2025-09-13 21:41:01',0),(2091,'normal','17:00:00','02:00:00','2025-09-13','2025-09-14','missed',8,31,'2025-09-10 11:44:16','2025-09-14 02:01:01',0),(2092,'normal','17:00:00','02:00:00','2025-09-14','2025-09-15','missed',8,31,'2025-09-10 11:44:16','2025-09-14 17:01:01',0),(2093,'normal','17:00:00','02:00:00','2025-09-15','2025-09-16','scheduled',8,31,'2025-09-10 11:44:16','2025-09-10 13:45:49',0),(2094,'normal','17:00:00','02:00:00','2025-09-12','2025-09-13','missed',13,31,'2025-09-10 11:44:16','2025-09-13 21:41:01',0),(2095,'normal','17:00:00','02:00:00','2025-09-13','2025-09-14','missed',13,31,'2025-09-10 11:44:16','2025-09-14 02:01:01',0),(2096,'normal','17:00:00','02:00:00','2025-09-14','2025-09-15','missed',13,31,'2025-09-10 11:44:16','2025-09-14 17:01:01',0),(2097,'normal','17:00:00','02:00:00','2025-09-15','2025-09-16','scheduled',13,31,'2025-09-10 11:44:16','2025-09-10 13:45:49',0),(2098,'normal','17:00:00','02:00:00','2025-09-12','2025-09-13','missed',20,31,'2025-09-10 11:44:16','2025-09-13 21:41:01',0),(2099,'normal','17:00:00','02:00:00','2025-09-13','2025-09-14','missed',20,31,'2025-09-10 11:44:16','2025-09-14 02:01:01',0),(2100,'normal','17:00:00','02:00:00','2025-09-14','2025-09-15','missed',20,31,'2025-09-10 11:44:16','2025-09-14 17:01:01',0),(2101,'normal','17:00:00','02:00:00','2025-09-15','2025-09-16','scheduled',20,31,'2025-09-10 11:44:16','2025-09-10 13:45:49',0),(2102,'normal','17:00:00','02:00:00','2025-09-12','2025-09-13','missed',7,31,'2025-09-10 11:44:16','2025-09-13 21:41:01',0),(2103,'normal','17:00:00','02:00:00','2025-09-13','2025-09-14','missed',7,31,'2025-09-10 11:44:16','2025-09-14 02:01:01',0),(2104,'normal','17:00:00','02:00:00','2025-09-14','2025-09-15','missed',7,31,'2025-09-10 11:44:16','2025-09-14 17:01:01',0),(2105,'normal','17:00:00','02:00:00','2025-09-15','2025-09-16','scheduled',7,31,'2025-09-10 11:44:16','2025-09-10 13:45:49',0),(2106,'normal','17:00:00','02:00:00','2025-09-12','2025-09-13','missed',14,31,'2025-09-10 11:44:16','2025-09-13 21:41:01',0),(2107,'normal','17:00:00','02:00:00','2025-09-13','2025-09-14','missed',14,31,'2025-09-10 11:44:16','2025-09-14 02:01:01',0),(2108,'normal','17:00:00','02:00:00','2025-09-14','2025-09-15','missed',14,31,'2025-09-10 11:44:16','2025-09-14 17:01:01',0),(2109,'normal','17:00:00','02:00:00','2025-09-15','2025-09-16','scheduled',14,31,'2025-09-10 11:44:16','2025-09-10 13:45:49',0),(2110,'normal','17:00:00','02:00:00','2025-09-12','2025-09-13','missed',4,31,'2025-09-10 11:44:16','2025-09-13 21:41:01',0),(2111,'normal','17:00:00','02:00:00','2025-09-13','2025-09-14','missed',4,31,'2025-09-10 11:44:16','2025-09-14 02:01:01',0),(2112,'normal','17:00:00','02:00:00','2025-09-14','2025-09-15','missed',4,31,'2025-09-10 11:44:16','2025-09-14 17:01:01',0),(2113,'normal','17:00:00','02:00:00','2025-09-15','2025-09-16','scheduled',4,31,'2025-09-10 11:44:16','2025-09-10 13:45:49',0),(2114,'normal','17:00:00','02:00:00','2025-09-12','2025-09-13','missed',23,31,'2025-09-10 11:44:16','2025-09-13 21:41:01',0),(2115,'normal','17:00:00','02:00:00','2025-09-13','2025-09-14','missed',23,31,'2025-09-10 11:44:16','2025-09-14 02:01:01',0),(2116,'normal','17:00:00','02:00:00','2025-09-14','2025-09-15','missed',23,31,'2025-09-10 11:44:16','2025-09-14 17:01:01',0),(2117,'normal','17:00:00','02:00:00','2025-09-15','2025-09-16','scheduled',23,31,'2025-09-10 11:44:16','2025-09-10 13:45:49',0),(2118,'normal','17:00:00','02:00:00','2025-09-12','2025-09-13','missed',5,31,'2025-09-10 11:44:16','2025-09-13 21:41:01',0),(2119,'normal','17:00:00','02:00:00','2025-09-13','2025-09-14','missed',5,31,'2025-09-10 11:44:16','2025-09-14 02:01:01',0),(2120,'normal','17:00:00','02:00:00','2025-09-14','2025-09-15','missed',5,31,'2025-09-10 11:44:16','2025-09-14 17:01:01',0),(2121,'normal','17:00:00','02:00:00','2025-09-15','2025-09-16','scheduled',5,31,'2025-09-10 11:44:16','2025-09-10 13:45:49',0),(2122,'normal','17:00:00','02:00:00','2025-09-12','2025-09-13','missed',26,31,'2025-09-10 11:44:16','2025-09-13 21:41:01',0),(2123,'normal','17:00:00','02:00:00','2025-09-13','2025-09-14','missed',26,31,'2025-09-10 11:44:16','2025-09-14 02:01:01',0),(2124,'normal','17:00:00','02:00:00','2025-09-14','2025-09-15','missed',26,31,'2025-09-10 11:44:16','2025-09-14 17:01:01',0),(2125,'normal','17:00:00','02:00:00','2025-09-15','2025-09-16','scheduled',26,31,'2025-09-10 11:44:16','2025-09-10 13:45:49',0),(2126,'normal','17:00:00','02:00:00','2025-09-12','2025-09-13','missed',2,31,'2025-09-10 11:44:16','2025-09-13 21:41:01',0),(2127,'normal','17:00:00','02:00:00','2025-09-13','2025-09-14','missed',2,31,'2025-09-10 11:44:16','2025-09-14 02:01:01',0),(2128,'normal','17:00:00','02:00:00','2025-09-14','2025-09-15','missed',2,31,'2025-09-10 11:44:16','2025-09-14 17:01:01',0),(2129,'normal','17:00:00','02:00:00','2025-09-15','2025-09-16','scheduled',2,31,'2025-09-10 11:44:16','2025-09-10 13:45:49',0),(2130,'normal','17:00:00','02:00:00','2025-09-12','2025-09-13','missed',28,31,'2025-09-10 11:44:16','2025-09-13 21:41:01',0),(2131,'normal','17:00:00','02:00:00','2025-09-13','2025-09-14','missed',28,31,'2025-09-10 11:44:16','2025-09-14 02:01:01',0),(2132,'normal','17:00:00','02:00:00','2025-09-14','2025-09-15','missed',28,31,'2025-09-10 11:44:16','2025-09-14 17:01:01',0),(2133,'normal','17:00:00','02:00:00','2025-09-15','2025-09-16','scheduled',28,31,'2025-09-10 11:44:16','2025-09-10 13:45:49',0),(2326,'normal','21:36:30','21:40:00','2025-09-13','2025-09-13','missed',16,30,'2025-09-13 21:40:27','2025-09-13 21:41:01',1),(2327,'normal','21:42:00','21:45:00','2025-09-14','2025-09-14','missed',9,30,'2025-09-13 21:43:01','2025-09-14 13:28:12',1),(2328,'normal','21:48:00','21:50:00','2025-10-13','2025-10-13','missed',9,30,'2025-09-13 21:49:01','2025-09-14 13:26:23',1),(2329,'normal','17:00:00','02:00:00','2025-10-03','2025-10-04','scheduled',6,31,'2025-09-14 14:47:13','2025-09-14 14:47:13',0),(2330,'normal','17:00:00','02:00:00','2025-10-04','2025-10-05','scheduled',6,31,'2025-09-14 14:47:13','2025-09-14 14:47:13',0),(2331,'normal','17:00:00','02:00:00','2025-10-05','2025-10-06','scheduled',6,31,'2025-09-14 14:47:13','2025-09-14 14:47:13',0),(2332,'normal','17:00:00','02:00:00','2025-10-06','2025-10-07','scheduled',6,31,'2025-09-14 14:47:13','2025-09-14 14:47:13',0),(2333,'normal','17:00:00','02:00:00','2025-10-03','2025-10-04','scheduled',8,31,'2025-09-14 14:47:13','2025-09-14 14:47:13',0),(2334,'normal','17:00:00','02:00:00','2025-10-04','2025-10-05','scheduled',8,31,'2025-09-14 14:47:13','2025-09-14 14:47:13',0),(2335,'normal','17:00:00','02:00:00','2025-10-05','2025-10-06','scheduled',8,31,'2025-09-14 14:47:13','2025-09-14 14:47:13',0),(2336,'normal','17:00:00','02:00:00','2025-10-06','2025-10-07','scheduled',8,31,'2025-09-14 14:47:13','2025-09-14 14:47:13',0),(2337,'normal','17:00:00','02:00:00','2025-10-03','2025-10-04','scheduled',13,31,'2025-09-14 14:47:13','2025-09-14 14:47:13',0),(2338,'normal','17:00:00','02:00:00','2025-10-04','2025-10-05','scheduled',13,31,'2025-09-14 14:47:13','2025-09-14 14:47:13',0),(2339,'normal','17:00:00','02:00:00','2025-10-05','2025-10-06','scheduled',13,31,'2025-09-14 14:47:13','2025-09-14 14:47:13',0),(2340,'normal','17:00:00','02:00:00','2025-10-06','2025-10-07','scheduled',13,31,'2025-09-14 14:47:13','2025-09-14 14:47:13',0),(2341,'normal','17:00:00','02:00:00','2025-10-03','2025-10-04','scheduled',20,31,'2025-09-14 14:47:13','2025-09-14 14:47:13',0),(2342,'normal','17:00:00','02:00:00','2025-10-04','2025-10-05','scheduled',20,31,'2025-09-14 14:47:13','2025-09-14 14:47:13',0),(2343,'normal','17:00:00','02:00:00','2025-10-05','2025-10-06','scheduled',20,31,'2025-09-14 14:47:13','2025-09-14 14:47:13',0),(2344,'normal','17:00:00','02:00:00','2025-10-06','2025-10-07','scheduled',20,31,'2025-09-14 14:47:13','2025-09-14 14:47:13',0),(2345,'normal','17:00:00','02:00:00','2025-10-03','2025-10-04','scheduled',7,31,'2025-09-14 14:47:13','2025-09-14 14:47:13',0),(2346,'normal','17:00:00','02:00:00','2025-10-04','2025-10-05','scheduled',7,31,'2025-09-14 14:47:13','2025-09-14 14:47:13',0),(2347,'normal','17:00:00','02:00:00','2025-10-05','2025-10-06','scheduled',7,31,'2025-09-14 14:47:13','2025-09-14 14:47:13',0),(2348,'normal','17:00:00','02:00:00','2025-10-06','2025-10-07','scheduled',7,31,'2025-09-14 14:47:13','2025-09-14 14:47:13',0),(2349,'normal','17:00:00','02:00:00','2025-10-03','2025-10-04','scheduled',14,31,'2025-09-14 14:47:13','2025-09-14 14:47:13',0),(2350,'normal','17:00:00','02:00:00','2025-10-04','2025-10-05','scheduled',14,31,'2025-09-14 14:47:13','2025-09-14 14:47:13',0),(2351,'normal','17:00:00','02:00:00','2025-10-05','2025-10-06','scheduled',14,31,'2025-09-14 14:47:13','2025-09-14 14:47:13',0),(2352,'normal','17:00:00','02:00:00','2025-10-06','2025-10-07','scheduled',14,31,'2025-09-14 14:47:13','2025-09-14 14:47:13',0),(2353,'normal','17:00:00','02:00:00','2025-10-03','2025-10-04','scheduled',4,31,'2025-09-14 14:47:13','2025-09-14 14:47:13',0),(2354,'normal','17:00:00','02:00:00','2025-10-04','2025-10-05','scheduled',4,31,'2025-09-14 14:47:13','2025-09-14 14:47:13',0),(2355,'normal','17:00:00','02:00:00','2025-10-05','2025-10-06','scheduled',4,31,'2025-09-14 14:47:13','2025-09-14 14:47:13',0),(2356,'normal','17:00:00','02:00:00','2025-10-06','2025-10-07','scheduled',4,31,'2025-09-14 14:47:13','2025-09-14 14:47:13',0),(2357,'normal','17:00:00','02:00:00','2025-10-03','2025-10-04','scheduled',23,31,'2025-09-14 14:47:13','2025-09-14 14:47:13',0),(2358,'normal','17:00:00','02:00:00','2025-10-04','2025-10-05','scheduled',23,31,'2025-09-14 14:47:13','2025-09-14 14:47:13',0),(2359,'normal','17:00:00','02:00:00','2025-10-05','2025-10-06','scheduled',23,31,'2025-09-14 14:47:13','2025-09-14 14:47:13',0),(2360,'normal','17:00:00','02:00:00','2025-10-06','2025-10-07','scheduled',23,31,'2025-09-14 14:47:13','2025-09-14 14:47:13',0),(2361,'normal','17:00:00','02:00:00','2025-10-03','2025-10-04','scheduled',5,31,'2025-09-14 14:47:13','2025-09-14 14:47:13',0),(2362,'normal','17:00:00','02:00:00','2025-10-04','2025-10-05','scheduled',5,31,'2025-09-14 14:47:13','2025-09-14 14:47:13',0),(2363,'normal','17:00:00','02:00:00','2025-10-05','2025-10-06','scheduled',5,31,'2025-09-14 14:47:13','2025-09-14 14:47:13',0),(2364,'normal','17:00:00','02:00:00','2025-10-06','2025-10-07','scheduled',5,31,'2025-09-14 14:47:13','2025-09-14 14:47:13',0),(2365,'normal','17:00:00','02:00:00','2025-10-03','2025-10-04','scheduled',26,31,'2025-09-14 14:47:13','2025-09-14 14:47:13',0),(2366,'normal','17:00:00','02:00:00','2025-10-04','2025-10-05','scheduled',26,31,'2025-09-14 14:47:13','2025-09-14 14:47:13',0),(2367,'normal','17:00:00','02:00:00','2025-10-05','2025-10-06','scheduled',26,31,'2025-09-14 14:47:13','2025-09-14 14:47:13',0),(2368,'normal','17:00:00','02:00:00','2025-10-06','2025-10-07','scheduled',26,31,'2025-09-14 14:47:13','2025-09-14 14:47:13',0),(2369,'normal','17:00:00','02:00:00','2025-10-03','2025-10-04','scheduled',2,31,'2025-09-14 14:47:13','2025-09-14 14:47:13',0),(2370,'normal','17:00:00','02:00:00','2025-10-04','2025-10-05','scheduled',2,31,'2025-09-14 14:47:13','2025-09-14 14:47:13',0),(2371,'normal','17:00:00','02:00:00','2025-10-05','2025-10-06','scheduled',2,31,'2025-09-14 14:47:13','2025-09-14 14:47:13',0),(2372,'normal','17:00:00','02:00:00','2025-10-06','2025-10-07','scheduled',2,31,'2025-09-14 14:47:13','2025-09-14 14:47:13',0),(2373,'normal','17:00:00','02:00:00','2025-10-03','2025-10-04','scheduled',28,31,'2025-09-14 14:47:13','2025-09-14 14:47:13',0),(2374,'normal','17:00:00','02:00:00','2025-10-04','2025-10-05','scheduled',28,31,'2025-09-14 14:47:13','2025-09-14 14:47:13',0),(2375,'normal','17:00:00','02:00:00','2025-10-05','2025-10-06','scheduled',28,31,'2025-09-14 14:47:13','2025-09-14 14:47:13',0),(2376,'normal','17:00:00','02:00:00','2025-10-06','2025-10-07','scheduled',28,31,'2025-09-14 14:47:13','2025-09-14 14:47:13',0),(2377,'normal','17:00:00','02:00:00','2025-10-10','2025-10-11','scheduled',8,31,'2025-09-14 14:47:13','2025-09-14 14:47:13',0),(2378,'normal','17:00:00','02:00:00','2025-10-11','2025-10-12','scheduled',8,31,'2025-09-14 14:47:13','2025-09-14 14:47:13',0),(2379,'normal','17:00:00','02:00:00','2025-10-12','2025-10-13','scheduled',8,31,'2025-09-14 14:47:13','2025-09-14 14:47:13',0),(2380,'normal','17:00:00','02:00:00','2025-10-13','2025-10-14','scheduled',8,31,'2025-09-14 14:47:13','2025-09-14 14:47:13',0),(2381,'normal','17:00:00','02:00:00','2025-10-10','2025-10-11','scheduled',9,31,'2025-09-14 14:47:13','2025-09-14 14:47:13',0),(2382,'normal','17:00:00','02:00:00','2025-10-11','2025-10-12','scheduled',9,31,'2025-09-14 14:47:13','2025-09-14 14:47:13',0),(2383,'normal','17:00:00','02:00:00','2025-10-12','2025-10-13','scheduled',9,31,'2025-09-14 14:47:13','2025-09-14 14:47:13',0),(2384,'normal','17:00:00','02:00:00','2025-10-13','2025-10-14','scheduled',9,31,'2025-09-14 14:47:13','2025-09-14 14:47:13',0),(2385,'normal','17:00:00','02:00:00','2025-10-10','2025-10-11','scheduled',20,31,'2025-09-14 14:47:13','2025-09-14 14:47:13',0),(2386,'normal','17:00:00','02:00:00','2025-10-11','2025-10-12','scheduled',20,31,'2025-09-14 14:47:13','2025-09-14 14:47:13',0),(2387,'normal','17:00:00','02:00:00','2025-10-12','2025-10-13','scheduled',20,31,'2025-09-14 14:47:13','2025-09-14 14:47:13',0),(2388,'normal','17:00:00','02:00:00','2025-10-13','2025-10-14','scheduled',20,31,'2025-09-14 14:47:13','2025-09-14 14:47:13',0),(2389,'normal','17:00:00','02:00:00','2025-10-10','2025-10-11','scheduled',21,31,'2025-09-14 14:47:13','2025-09-14 14:47:13',0),(2390,'normal','17:00:00','02:00:00','2025-10-11','2025-10-12','scheduled',21,31,'2025-09-14 14:47:13','2025-09-14 14:47:13',0),(2391,'normal','17:00:00','02:00:00','2025-10-12','2025-10-13','scheduled',21,31,'2025-09-14 14:47:13','2025-09-14 14:47:13',0),(2392,'normal','17:00:00','02:00:00','2025-10-13','2025-10-14','scheduled',21,31,'2025-09-14 14:47:13','2025-09-14 14:47:13',0),(2393,'normal','17:00:00','02:00:00','2025-10-10','2025-10-11','scheduled',14,31,'2025-09-14 14:47:13','2025-09-14 14:47:13',0),(2394,'normal','17:00:00','02:00:00','2025-10-11','2025-10-12','scheduled',14,31,'2025-09-14 14:47:13','2025-09-14 14:47:13',0),(2395,'normal','17:00:00','02:00:00','2025-10-12','2025-10-13','scheduled',14,31,'2025-09-14 14:47:13','2025-09-14 14:47:13',0),(2396,'normal','17:00:00','02:00:00','2025-10-13','2025-10-14','scheduled',14,31,'2025-09-14 14:47:13','2025-09-14 14:47:13',0),(2397,'normal','17:00:00','02:00:00','2025-10-10','2025-10-11','scheduled',18,31,'2025-09-14 14:47:13','2025-09-14 14:47:13',0),(2398,'normal','17:00:00','02:00:00','2025-10-11','2025-10-12','scheduled',18,31,'2025-09-14 14:47:13','2025-09-14 14:47:13',0),(2399,'normal','17:00:00','02:00:00','2025-10-12','2025-10-13','scheduled',18,31,'2025-09-14 14:47:13','2025-09-14 14:47:13',0),(2400,'normal','17:00:00','02:00:00','2025-10-13','2025-10-14','scheduled',18,31,'2025-09-14 14:47:13','2025-09-14 14:47:13',0),(2401,'normal','17:00:00','02:00:00','2025-10-10','2025-10-11','scheduled',23,31,'2025-09-14 14:47:13','2025-09-14 14:47:13',0),(2402,'normal','17:00:00','02:00:00','2025-10-11','2025-10-12','scheduled',23,31,'2025-09-14 14:47:13','2025-09-14 14:47:13',0),(2403,'normal','17:00:00','02:00:00','2025-10-12','2025-10-13','scheduled',23,31,'2025-09-14 14:47:13','2025-09-14 14:47:13',0),(2404,'normal','17:00:00','02:00:00','2025-10-13','2025-10-14','scheduled',23,31,'2025-09-14 14:47:13','2025-09-14 14:47:13',0),(2405,'normal','17:00:00','02:00:00','2025-10-10','2025-10-11','scheduled',24,31,'2025-09-14 14:47:13','2025-09-14 14:47:13',0),(2406,'normal','17:00:00','02:00:00','2025-10-11','2025-10-12','scheduled',24,31,'2025-09-14 14:47:13','2025-09-14 14:47:13',0),(2407,'normal','17:00:00','02:00:00','2025-10-12','2025-10-13','scheduled',24,31,'2025-09-14 14:47:13','2025-09-14 14:47:13',0),(2408,'normal','17:00:00','02:00:00','2025-10-13','2025-10-14','scheduled',24,31,'2025-09-14 14:47:13','2025-09-14 14:47:13',0),(2409,'normal','17:00:00','02:00:00','2025-10-10','2025-10-11','scheduled',26,31,'2025-09-14 14:47:13','2025-09-14 14:47:13',0),(2410,'normal','17:00:00','02:00:00','2025-10-11','2025-10-12','scheduled',26,31,'2025-09-14 14:47:13','2025-09-14 14:47:13',0),(2411,'normal','17:00:00','02:00:00','2025-10-12','2025-10-13','scheduled',26,31,'2025-09-14 14:47:13','2025-09-14 14:47:13',0),(2412,'normal','17:00:00','02:00:00','2025-10-13','2025-10-14','scheduled',26,31,'2025-09-14 14:47:13','2025-09-14 14:47:13',0),(2413,'normal','17:00:00','02:00:00','2025-10-10','2025-10-11','scheduled',27,31,'2025-09-14 14:47:13','2025-09-14 14:47:13',0),(2414,'normal','17:00:00','02:00:00','2025-10-11','2025-10-12','scheduled',27,31,'2025-09-14 14:47:13','2025-09-14 14:47:13',0),(2415,'normal','17:00:00','02:00:00','2025-10-12','2025-10-13','scheduled',27,31,'2025-09-14 14:47:13','2025-09-14 14:47:13',0),(2416,'normal','17:00:00','02:00:00','2025-10-13','2025-10-14','scheduled',27,31,'2025-09-14 14:47:13','2025-09-14 14:47:13',0),(2417,'normal','17:00:00','02:00:00','2025-10-10','2025-10-11','scheduled',28,31,'2025-09-14 14:47:13','2025-09-14 14:47:13',0),(2418,'normal','17:00:00','02:00:00','2025-10-11','2025-10-12','scheduled',28,31,'2025-09-14 14:47:13','2025-09-14 14:47:13',0),(2419,'normal','17:00:00','02:00:00','2025-10-12','2025-10-13','scheduled',28,31,'2025-09-14 14:47:13','2025-09-14 14:47:13',0),(2420,'normal','17:00:00','02:00:00','2025-10-13','2025-10-14','scheduled',28,31,'2025-09-14 14:47:13','2025-09-14 14:47:13',0),(2421,'normal','17:00:00','02:00:00','2025-10-10','2025-10-11','scheduled',29,31,'2025-09-14 14:47:13','2025-09-14 14:47:13',0),(2422,'normal','17:00:00','02:00:00','2025-10-11','2025-10-12','scheduled',29,31,'2025-09-14 14:47:13','2025-09-14 14:47:13',0),(2423,'normal','17:00:00','02:00:00','2025-10-12','2025-10-13','scheduled',29,31,'2025-09-14 14:47:13','2025-09-14 14:47:13',0),(2424,'normal','17:00:00','02:00:00','2025-10-13','2025-10-14','scheduled',29,31,'2025-09-14 14:47:13','2025-09-14 14:47:13',0),(2425,'normal','17:00:00','02:00:00','2025-10-17','2025-10-18','scheduled',9,31,'2025-09-14 14:47:13','2025-09-14 14:47:13',0),(2426,'normal','17:00:00','02:00:00','2025-10-18','2025-10-19','scheduled',9,31,'2025-09-14 14:47:13','2025-09-14 14:47:13',0),(2427,'normal','17:00:00','02:00:00','2025-10-19','2025-10-20','scheduled',9,31,'2025-09-14 14:47:13','2025-09-14 14:47:13',0),(2428,'normal','17:00:00','02:00:00','2025-10-20','2025-10-21','scheduled',9,31,'2025-09-14 14:47:13','2025-09-14 14:47:13',0),(2429,'normal','17:00:00','02:00:00','2025-10-17','2025-10-18','scheduled',16,31,'2025-09-14 14:47:13','2025-09-14 14:47:13',0),(2430,'normal','17:00:00','02:00:00','2025-10-18','2025-10-19','scheduled',16,31,'2025-09-14 14:47:13','2025-09-14 14:47:13',0),(2431,'normal','17:00:00','02:00:00','2025-10-19','2025-10-20','scheduled',16,31,'2025-09-14 14:47:13','2025-09-14 14:47:13',0),(2432,'normal','17:00:00','02:00:00','2025-10-20','2025-10-21','scheduled',16,31,'2025-09-14 14:47:13','2025-09-14 14:47:13',0),(2433,'normal','17:00:00','02:00:00','2025-10-17','2025-10-18','scheduled',21,31,'2025-09-14 14:47:13','2025-09-14 14:47:13',0),(2434,'normal','17:00:00','02:00:00','2025-10-18','2025-10-19','scheduled',21,31,'2025-09-14 14:47:13','2025-09-14 14:47:13',0),(2435,'normal','17:00:00','02:00:00','2025-10-19','2025-10-20','scheduled',21,31,'2025-09-14 14:47:13','2025-09-14 14:47:13',0),(2436,'normal','17:00:00','02:00:00','2025-10-20','2025-10-21','scheduled',21,31,'2025-09-14 14:47:13','2025-09-14 14:47:13',0),(2437,'normal','17:00:00','02:00:00','2025-10-17','2025-10-18','scheduled',22,31,'2025-09-14 14:47:13','2025-09-14 14:47:13',0),(2438,'normal','17:00:00','02:00:00','2025-10-18','2025-10-19','scheduled',22,31,'2025-09-14 14:47:13','2025-09-14 14:47:13',0),(2439,'normal','17:00:00','02:00:00','2025-10-19','2025-10-20','scheduled',22,31,'2025-09-14 14:47:13','2025-09-14 14:47:13',0),(2440,'normal','17:00:00','02:00:00','2025-10-20','2025-10-21','scheduled',22,31,'2025-09-14 14:47:13','2025-09-14 14:47:13',0),(2441,'normal','17:00:00','02:00:00','2025-10-17','2025-10-18','scheduled',18,31,'2025-09-14 14:47:13','2025-09-14 14:47:13',0),(2442,'normal','17:00:00','02:00:00','2025-10-18','2025-10-19','scheduled',18,31,'2025-09-14 14:47:13','2025-09-14 14:47:13',0),(2443,'normal','17:00:00','02:00:00','2025-10-19','2025-10-20','scheduled',18,31,'2025-09-14 14:47:13','2025-09-14 14:47:13',0),(2444,'normal','17:00:00','02:00:00','2025-10-20','2025-10-21','scheduled',18,31,'2025-09-14 14:47:13','2025-09-14 14:47:13',0),(2445,'normal','17:00:00','02:00:00','2025-10-17','2025-10-18','scheduled',7,31,'2025-09-14 14:47:13','2025-09-14 14:47:13',0),(2446,'normal','17:00:00','02:00:00','2025-10-18','2025-10-19','scheduled',7,31,'2025-09-14 14:47:13','2025-09-14 14:47:13',0),(2447,'normal','17:00:00','02:00:00','2025-10-19','2025-10-20','scheduled',7,31,'2025-09-14 14:47:13','2025-09-14 14:47:13',0),(2448,'normal','17:00:00','02:00:00','2025-10-20','2025-10-21','scheduled',7,31,'2025-09-14 14:47:13','2025-09-14 14:47:13',0),(2449,'normal','17:00:00','02:00:00','2025-10-17','2025-10-18','scheduled',24,31,'2025-09-14 14:47:13','2025-09-14 14:47:13',0),(2450,'normal','17:00:00','02:00:00','2025-10-18','2025-10-19','scheduled',24,31,'2025-09-14 14:47:13','2025-09-14 14:47:13',0),(2451,'normal','17:00:00','02:00:00','2025-10-19','2025-10-20','scheduled',24,31,'2025-09-14 14:47:13','2025-09-14 14:47:13',0),(2452,'normal','17:00:00','02:00:00','2025-10-20','2025-10-21','scheduled',24,31,'2025-09-14 14:47:13','2025-09-14 14:47:13',0),(2453,'normal','17:00:00','02:00:00','2025-10-17','2025-10-18','scheduled',25,31,'2025-09-14 14:47:13','2025-09-14 14:47:13',0),(2454,'normal','17:00:00','02:00:00','2025-10-18','2025-10-19','scheduled',25,31,'2025-09-14 14:47:13','2025-09-14 14:47:13',0),(2455,'normal','17:00:00','02:00:00','2025-10-19','2025-10-20','scheduled',25,31,'2025-09-14 14:47:13','2025-09-14 14:47:13',0),(2456,'normal','17:00:00','02:00:00','2025-10-20','2025-10-21','scheduled',25,31,'2025-09-14 14:47:13','2025-09-14 14:47:13',0),(2457,'normal','17:00:00','02:00:00','2025-10-17','2025-10-18','scheduled',27,31,'2025-09-14 14:47:13','2025-09-14 14:47:13',0),(2458,'normal','17:00:00','02:00:00','2025-10-18','2025-10-19','scheduled',27,31,'2025-09-14 14:47:13','2025-09-14 14:47:13',0),(2459,'normal','17:00:00','02:00:00','2025-10-19','2025-10-20','scheduled',27,31,'2025-09-14 14:47:13','2025-09-14 14:47:13',0),(2460,'normal','17:00:00','02:00:00','2025-10-20','2025-10-21','scheduled',27,31,'2025-09-14 14:47:13','2025-09-14 14:47:13',0),(2461,'normal','17:00:00','02:00:00','2025-10-17','2025-10-18','scheduled',5,31,'2025-09-14 14:47:13','2025-09-14 14:47:13',0),(2462,'normal','17:00:00','02:00:00','2025-10-18','2025-10-19','scheduled',5,31,'2025-09-14 14:47:13','2025-09-14 14:47:13',0),(2463,'normal','17:00:00','02:00:00','2025-10-19','2025-10-20','scheduled',5,31,'2025-09-14 14:47:13','2025-09-14 14:47:13',0),(2464,'normal','17:00:00','02:00:00','2025-10-20','2025-10-21','scheduled',5,31,'2025-09-14 14:47:13','2025-09-14 14:47:13',0),(2465,'normal','17:00:00','02:00:00','2025-10-17','2025-10-18','scheduled',29,31,'2025-09-14 14:47:13','2025-09-14 14:47:13',0),(2466,'normal','17:00:00','02:00:00','2025-10-18','2025-10-19','scheduled',29,31,'2025-09-14 14:47:13','2025-09-14 14:47:13',0),(2467,'normal','17:00:00','02:00:00','2025-10-19','2025-10-20','scheduled',29,31,'2025-09-14 14:47:13','2025-09-14 14:47:13',0),(2468,'normal','17:00:00','02:00:00','2025-10-20','2025-10-21','scheduled',29,31,'2025-09-14 14:47:13','2025-09-14 14:47:13',0),(2469,'normal','17:00:00','02:00:00','2025-10-17','2025-10-18','scheduled',30,31,'2025-09-14 14:47:13','2025-09-14 14:47:13',0),(2470,'normal','17:00:00','02:00:00','2025-10-18','2025-10-19','scheduled',30,31,'2025-09-14 14:47:13','2025-09-14 14:47:13',0),(2471,'normal','17:00:00','02:00:00','2025-10-19','2025-10-20','scheduled',30,31,'2025-09-14 14:47:13','2025-09-14 14:47:13',0),(2472,'normal','17:00:00','02:00:00','2025-10-20','2025-10-21','scheduled',30,31,'2025-09-14 14:47:13','2025-09-14 14:47:13',0),(2473,'normal','17:00:00','02:00:00','2025-10-24','2025-10-25','scheduled',16,31,'2025-09-14 14:47:13','2025-09-14 14:47:13',0),(2474,'normal','17:00:00','02:00:00','2025-10-25','2025-10-26','scheduled',16,31,'2025-09-14 14:47:13','2025-09-14 14:47:13',0),(2475,'normal','17:00:00','02:00:00','2025-10-26','2025-10-27','scheduled',16,31,'2025-09-14 14:47:13','2025-09-14 14:47:13',0),(2476,'normal','17:00:00','02:00:00','2025-10-27','2025-10-28','scheduled',16,31,'2025-09-14 14:47:13','2025-09-14 14:47:13',0),(2477,'normal','17:00:00','02:00:00','2025-10-24','2025-10-25','scheduled',6,31,'2025-09-14 14:47:13','2025-09-14 14:47:13',0),(2478,'normal','17:00:00','02:00:00','2025-10-25','2025-10-26','scheduled',6,31,'2025-09-14 14:47:13','2025-09-14 14:47:13',0),(2479,'normal','17:00:00','02:00:00','2025-10-26','2025-10-27','scheduled',6,31,'2025-09-14 14:47:13','2025-09-14 14:47:13',0),(2480,'normal','17:00:00','02:00:00','2025-10-27','2025-10-28','scheduled',6,31,'2025-09-14 14:47:13','2025-09-14 14:47:13',0),(2481,'normal','17:00:00','02:00:00','2025-10-24','2025-10-25','scheduled',22,31,'2025-09-14 14:47:13','2025-09-14 14:47:13',0),(2482,'normal','17:00:00','02:00:00','2025-10-25','2025-10-26','scheduled',22,31,'2025-09-14 14:47:13','2025-09-14 14:47:13',0),(2483,'normal','17:00:00','02:00:00','2025-10-26','2025-10-27','scheduled',22,31,'2025-09-14 14:47:13','2025-09-14 14:47:13',0),(2484,'normal','17:00:00','02:00:00','2025-10-27','2025-10-28','scheduled',22,31,'2025-09-14 14:47:13','2025-09-14 14:47:13',0),(2485,'normal','17:00:00','02:00:00','2025-10-24','2025-10-25','scheduled',13,31,'2025-09-14 14:47:13','2025-09-14 14:47:13',0),(2486,'normal','17:00:00','02:00:00','2025-10-25','2025-10-26','scheduled',13,31,'2025-09-14 14:47:13','2025-09-14 14:47:13',0),(2487,'normal','17:00:00','02:00:00','2025-10-26','2025-10-27','scheduled',13,31,'2025-09-14 14:47:13','2025-09-14 14:47:13',0),(2488,'normal','17:00:00','02:00:00','2025-10-27','2025-10-28','scheduled',13,31,'2025-09-14 14:47:13','2025-09-14 14:47:13',0),(2489,'normal','17:00:00','02:00:00','2025-10-24','2025-10-25','scheduled',7,31,'2025-09-14 14:47:13','2025-09-14 14:47:13',0),(2490,'normal','17:00:00','02:00:00','2025-10-25','2025-10-26','scheduled',7,31,'2025-09-14 14:47:13','2025-09-14 14:47:13',0),(2491,'normal','17:00:00','02:00:00','2025-10-26','2025-10-27','scheduled',7,31,'2025-09-14 14:47:13','2025-09-14 14:47:13',0),(2492,'normal','17:00:00','02:00:00','2025-10-27','2025-10-28','scheduled',7,31,'2025-09-14 14:47:13','2025-09-14 14:47:13',0),(2493,'normal','17:00:00','02:00:00','2025-10-24','2025-10-25','scheduled',14,31,'2025-09-14 14:47:13','2025-09-14 14:47:13',0),(2494,'normal','17:00:00','02:00:00','2025-10-25','2025-10-26','scheduled',14,31,'2025-09-14 14:47:13','2025-09-14 14:47:13',0),(2495,'normal','17:00:00','02:00:00','2025-10-26','2025-10-27','scheduled',14,31,'2025-09-14 14:47:13','2025-09-14 14:47:13',0),(2496,'normal','17:00:00','02:00:00','2025-10-27','2025-10-28','scheduled',14,31,'2025-09-14 14:47:13','2025-09-14 14:47:13',0),(2497,'normal','17:00:00','02:00:00','2025-10-24','2025-10-25','scheduled',25,31,'2025-09-14 14:47:13','2025-09-14 14:47:13',0),(2498,'normal','17:00:00','02:00:00','2025-10-25','2025-10-26','scheduled',25,31,'2025-09-14 14:47:13','2025-09-14 14:47:13',0),(2499,'normal','17:00:00','02:00:00','2025-10-26','2025-10-27','scheduled',25,31,'2025-09-14 14:47:13','2025-09-14 14:47:13',0),(2500,'normal','17:00:00','02:00:00','2025-10-27','2025-10-28','scheduled',25,31,'2025-09-14 14:47:13','2025-09-14 14:47:13',0),(2501,'normal','17:00:00','02:00:00','2025-10-24','2025-10-25','scheduled',4,31,'2025-09-14 14:47:13','2025-09-14 14:47:13',0),(2502,'normal','17:00:00','02:00:00','2025-10-25','2025-10-26','scheduled',4,31,'2025-09-14 14:47:13','2025-09-14 14:47:13',0),(2503,'normal','17:00:00','02:00:00','2025-10-26','2025-10-27','scheduled',4,31,'2025-09-14 14:47:13','2025-09-14 14:47:13',0),(2504,'normal','17:00:00','02:00:00','2025-10-27','2025-10-28','scheduled',4,31,'2025-09-14 14:47:13','2025-09-14 14:47:13',0),(2505,'normal','17:00:00','02:00:00','2025-10-24','2025-10-25','scheduled',5,31,'2025-09-14 14:47:13','2025-09-14 14:47:13',0),(2506,'normal','17:00:00','02:00:00','2025-10-25','2025-10-26','scheduled',5,31,'2025-09-14 14:47:13','2025-09-14 14:47:13',0),(2507,'normal','17:00:00','02:00:00','2025-10-26','2025-10-27','scheduled',5,31,'2025-09-14 14:47:13','2025-09-14 14:47:13',0),(2508,'normal','17:00:00','02:00:00','2025-10-27','2025-10-28','scheduled',5,31,'2025-09-14 14:47:13','2025-09-14 14:47:13',0),(2509,'normal','17:00:00','02:00:00','2025-10-24','2025-10-25','scheduled',26,31,'2025-09-14 14:47:13','2025-09-14 14:47:13',0),(2510,'normal','17:00:00','02:00:00','2025-10-25','2025-10-26','scheduled',26,31,'2025-09-14 14:47:13','2025-09-14 14:47:13',0),(2511,'normal','17:00:00','02:00:00','2025-10-26','2025-10-27','scheduled',26,31,'2025-09-14 14:47:13','2025-09-14 14:47:13',0),(2512,'normal','17:00:00','02:00:00','2025-10-27','2025-10-28','scheduled',26,31,'2025-09-14 14:47:13','2025-09-14 14:47:13',0),(2513,'normal','17:00:00','02:00:00','2025-10-24','2025-10-25','scheduled',30,31,'2025-09-14 14:47:13','2025-09-14 14:47:13',0),(2514,'normal','17:00:00','02:00:00','2025-10-25','2025-10-26','scheduled',30,31,'2025-09-14 14:47:13','2025-09-14 14:47:13',0),(2515,'normal','17:00:00','02:00:00','2025-10-26','2025-10-27','scheduled',30,31,'2025-09-14 14:47:13','2025-09-14 14:47:13',0),(2516,'normal','17:00:00','02:00:00','2025-10-27','2025-10-28','scheduled',30,31,'2025-09-14 14:47:13','2025-09-14 14:47:13',0),(2517,'normal','17:00:00','02:00:00','2025-10-24','2025-10-25','scheduled',2,31,'2025-09-14 14:47:13','2025-09-14 14:47:13',0),(2518,'normal','17:00:00','02:00:00','2025-10-25','2025-10-26','scheduled',2,31,'2025-09-14 14:47:13','2025-09-14 14:47:13',0),(2519,'normal','17:00:00','02:00:00','2025-10-26','2025-10-27','scheduled',2,31,'2025-09-14 14:47:13','2025-09-14 14:47:13',0),(2520,'normal','17:00:00','02:00:00','2025-10-27','2025-10-28','scheduled',2,31,'2025-09-14 14:47:13','2025-09-14 14:47:13',0),(2521,'normal','17:00:00','02:00:00','2025-10-31','2025-11-01','scheduled',6,31,'2025-09-14 14:47:13','2025-09-14 14:47:13',0),(2522,'normal','17:00:00','02:00:00','2025-11-01','2025-11-02','scheduled',6,31,'2025-09-14 14:47:13','2025-09-14 14:47:13',0),(2523,'normal','17:00:00','02:00:00','2025-11-02','2025-11-03','scheduled',6,31,'2025-09-14 14:47:13','2025-09-14 14:47:13',0),(2524,'normal','17:00:00','02:00:00','2025-11-03','2025-11-04','scheduled',6,31,'2025-09-14 14:47:13','2025-09-14 14:47:13',0),(2525,'normal','17:00:00','02:00:00','2025-10-31','2025-11-01','scheduled',8,31,'2025-09-14 14:47:13','2025-09-14 14:47:13',0),(2526,'normal','17:00:00','02:00:00','2025-11-01','2025-11-02','scheduled',8,31,'2025-09-14 14:47:13','2025-09-14 14:47:13',0),(2527,'normal','17:00:00','02:00:00','2025-11-02','2025-11-03','scheduled',8,31,'2025-09-14 14:47:13','2025-09-14 14:47:13',0),(2528,'normal','17:00:00','02:00:00','2025-11-03','2025-11-04','scheduled',8,31,'2025-09-14 14:47:13','2025-09-14 14:47:13',0),(2529,'normal','17:00:00','02:00:00','2025-10-31','2025-11-01','scheduled',13,31,'2025-09-14 14:47:13','2025-09-14 14:47:13',0),(2530,'normal','17:00:00','02:00:00','2025-11-01','2025-11-02','scheduled',13,31,'2025-09-14 14:47:13','2025-09-14 14:47:13',0),(2531,'normal','17:00:00','02:00:00','2025-11-02','2025-11-03','scheduled',13,31,'2025-09-14 14:47:13','2025-09-14 14:47:13',0),(2532,'normal','17:00:00','02:00:00','2025-11-03','2025-11-04','scheduled',13,31,'2025-09-14 14:47:13','2025-09-14 14:47:13',0),(2533,'normal','17:00:00','02:00:00','2025-10-31','2025-11-01','scheduled',20,31,'2025-09-14 14:47:13','2025-09-14 14:47:13',0),(2534,'normal','17:00:00','02:00:00','2025-11-01','2025-11-02','scheduled',20,31,'2025-09-14 14:47:13','2025-09-14 14:47:13',0),(2535,'normal','17:00:00','02:00:00','2025-11-02','2025-11-03','scheduled',20,31,'2025-09-14 14:47:13','2025-09-14 14:47:13',0),(2536,'normal','17:00:00','02:00:00','2025-11-03','2025-11-04','scheduled',20,31,'2025-09-14 14:47:13','2025-09-14 14:47:13',0),(2537,'normal','17:00:00','02:00:00','2025-10-31','2025-11-01','scheduled',14,31,'2025-09-14 14:47:13','2025-09-14 14:47:13',0),(2538,'normal','17:00:00','02:00:00','2025-11-01','2025-11-02','scheduled',14,31,'2025-09-14 14:47:13','2025-09-14 14:47:13',0),(2539,'normal','17:00:00','02:00:00','2025-11-02','2025-11-03','scheduled',14,31,'2025-09-14 14:47:13','2025-09-14 14:47:13',0),(2540,'normal','17:00:00','02:00:00','2025-11-03','2025-11-04','scheduled',14,31,'2025-09-14 14:47:13','2025-09-14 14:47:13',0),(2541,'normal','17:00:00','02:00:00','2025-10-31','2025-11-01','scheduled',18,31,'2025-09-14 14:47:13','2025-09-14 14:47:13',0),(2542,'normal','17:00:00','02:00:00','2025-11-01','2025-11-02','scheduled',18,31,'2025-09-14 14:47:13','2025-09-14 14:47:13',0),(2543,'normal','17:00:00','02:00:00','2025-11-02','2025-11-03','scheduled',18,31,'2025-09-14 14:47:13','2025-09-14 14:47:13',0),(2544,'normal','17:00:00','02:00:00','2025-11-03','2025-11-04','scheduled',18,31,'2025-09-14 14:47:13','2025-09-14 14:47:13',0),(2545,'normal','17:00:00','02:00:00','2025-10-31','2025-11-01','scheduled',4,31,'2025-09-14 14:47:13','2025-09-14 14:47:13',0),(2546,'normal','17:00:00','02:00:00','2025-11-01','2025-11-02','scheduled',4,31,'2025-09-14 14:47:13','2025-09-14 14:47:13',0),(2547,'normal','17:00:00','02:00:00','2025-11-02','2025-11-03','scheduled',4,31,'2025-09-14 14:47:13','2025-09-14 14:47:13',0),(2548,'normal','17:00:00','02:00:00','2025-11-03','2025-11-04','scheduled',4,31,'2025-09-14 14:47:13','2025-09-14 14:47:13',0),(2549,'normal','17:00:00','02:00:00','2025-10-31','2025-11-01','scheduled',23,31,'2025-09-14 14:47:13','2025-09-14 14:47:13',0),(2550,'normal','17:00:00','02:00:00','2025-11-01','2025-11-02','scheduled',23,31,'2025-09-14 14:47:13','2025-09-14 14:47:13',0),(2551,'normal','17:00:00','02:00:00','2025-11-02','2025-11-03','scheduled',23,31,'2025-09-14 14:47:13','2025-09-14 14:47:13',0),(2552,'normal','17:00:00','02:00:00','2025-11-03','2025-11-04','scheduled',23,31,'2025-09-14 14:47:13','2025-09-14 14:47:13',0),(2553,'normal','17:00:00','02:00:00','2025-10-31','2025-11-01','scheduled',26,31,'2025-09-14 14:47:13','2025-09-14 14:47:13',0),(2554,'normal','17:00:00','02:00:00','2025-11-01','2025-11-02','scheduled',26,31,'2025-09-14 14:47:13','2025-09-14 14:47:13',0),(2555,'normal','17:00:00','02:00:00','2025-11-02','2025-11-03','scheduled',26,31,'2025-09-14 14:47:13','2025-09-14 14:47:13',0),(2556,'normal','17:00:00','02:00:00','2025-11-03','2025-11-04','scheduled',26,31,'2025-09-14 14:47:13','2025-09-14 14:47:13',0),(2557,'normal','17:00:00','02:00:00','2025-10-31','2025-11-01','scheduled',27,31,'2025-09-14 14:47:13','2025-09-14 14:47:13',0),(2558,'normal','17:00:00','02:00:00','2025-11-01','2025-11-02','scheduled',27,31,'2025-09-14 14:47:13','2025-09-14 14:47:13',0),(2559,'normal','17:00:00','02:00:00','2025-11-02','2025-11-03','scheduled',27,31,'2025-09-14 14:47:13','2025-09-14 14:47:13',0),(2560,'normal','17:00:00','02:00:00','2025-11-03','2025-11-04','scheduled',27,31,'2025-09-14 14:47:13','2025-09-14 14:47:13',0),(2561,'normal','17:00:00','02:00:00','2025-10-31','2025-11-01','scheduled',2,31,'2025-09-14 14:47:13','2025-09-14 14:47:13',0),(2562,'normal','17:00:00','02:00:00','2025-11-01','2025-11-02','scheduled',2,31,'2025-09-14 14:47:13','2025-09-14 14:47:13',0),(2563,'normal','17:00:00','02:00:00','2025-11-02','2025-11-03','scheduled',2,31,'2025-09-14 14:47:13','2025-09-14 14:47:13',0),(2564,'normal','17:00:00','02:00:00','2025-11-03','2025-11-04','scheduled',2,31,'2025-09-14 14:47:13','2025-09-14 14:47:13',0),(2565,'normal','17:00:00','02:00:00','2025-10-31','2025-11-01','scheduled',28,31,'2025-09-14 14:47:13','2025-09-14 14:47:13',0),(2566,'normal','17:00:00','02:00:00','2025-11-01','2025-11-02','scheduled',28,31,'2025-09-14 14:47:13','2025-09-14 14:47:13',0),(2567,'normal','17:00:00','02:00:00','2025-11-02','2025-11-03','scheduled',28,31,'2025-09-14 14:47:13','2025-09-14 14:47:13',0),(2568,'normal','17:00:00','02:00:00','2025-11-03','2025-11-04','scheduled',28,31,'2025-09-14 14:47:13','2025-09-14 14:47:13',0),(2569,'normal','17:00:00','02:00:00','2025-09-14','2025-09-15','scheduled',9,31,'2025-09-14 17:01:01','2025-09-14 17:01:01',1),(2570,'normal','17:00:00','02:00:00','2025-09-14','2025-09-15','scheduled',16,31,'2025-09-14 17:01:01','2025-09-14 17:01:01',1),(2571,'normal','17:00:00','02:00:00','2025-09-14','2025-09-15','scheduled',21,31,'2025-09-14 17:01:01','2025-09-14 17:01:01',1),(2572,'normal','17:00:00','02:00:00','2025-09-14','2025-09-15','scheduled',22,31,'2025-09-14 17:01:01','2025-09-14 17:01:01',1),(2573,'normal','17:00:00','02:00:00','2025-09-14','2025-09-15','scheduled',18,31,'2025-09-14 17:01:01','2025-09-14 17:01:01',1),(2574,'normal','17:00:00','02:00:00','2025-09-14','2025-09-15','scheduled',24,31,'2025-09-14 17:01:01','2025-09-14 17:01:01',1),(2575,'normal','17:00:00','02:00:00','2025-09-14','2025-09-15','scheduled',25,31,'2025-09-14 17:01:01','2025-09-14 17:01:01',1),(2576,'normal','17:00:00','02:00:00','2025-09-14','2025-09-15','scheduled',27,31,'2025-09-14 17:01:01','2025-09-14 17:01:01',1),(2577,'normal','17:00:00','02:00:00','2025-09-14','2025-09-15','scheduled',29,31,'2025-09-14 17:01:01','2025-09-14 17:01:01',1),(2578,'normal','17:00:00','02:00:00','2025-09-14','2025-09-15','scheduled',30,31,'2025-09-14 17:01:01','2025-09-14 17:01:01',1);
/*!40000 ALTER TABLE `t_shift` ENABLE KEYS */;
UNLOCK TABLES;

--
-- Table structure for table `t_shift_cancellations`
--

DROP TABLE IF EXISTS `t_shift_cancellations`;
/*!40101 SET @saved_cs_client     = @@character_set_client */;
/*!50503 SET character_set_client = utf8mb4 */;
CREATE TABLE `t_shift_cancellations` (
  `cancellation_id` int NOT NULL AUTO_INCREMENT,
  `shift_id` int NOT NULL,
  `employee_id` int NOT NULL,
  `requested_at` datetime NOT NULL,
  `reason` text,
  `status_` enum('pending','approved','rejected') DEFAULT 'pending',
  `responded_at` datetime DEFAULT NULL,
  `response_notes` text,
  `count` int NOT NULL,
  `notes` varchar(255) NOT NULL,
  `processed` tinyint(1) DEFAULT '0',
  PRIMARY KEY (`cancellation_id`),
  KEY `shift_id` (`shift_id`),
  KEY `employee_id` (`employee_id`),
  CONSTRAINT `t_shift_cancellations_ibfk_1` FOREIGN KEY (`shift_id`) REFERENCES `t_shift` (`shift_id`),
  CONSTRAINT `t_shift_cancellations_ibfk_2` FOREIGN KEY (`employee_id`) REFERENCES `t_employee` (`employee_id`)
) ENGINE=InnoDB AUTO_INCREMENT=8 DEFAULT CHARSET=utf8mb4 COLLATE=utf8mb4_0900_ai_ci;
/*!40101 SET character_set_client = @saved_cs_client */;

--
-- Dumping data for table `t_shift_cancellations`
--

LOCK TABLES `t_shift_cancellations` WRITE;
/*!40000 ALTER TABLE `t_shift_cancellations` DISABLE KEYS */;
INSERT INTO `t_shift_cancellations` VALUES (1,313,9,'2025-09-02 20:59:15','Employee notified absence','approved',NULL,NULL,1,'Something happened, I cannot make it',1),(2,315,8,'2025-09-03 13:06:47','transport','approved',NULL,NULL,1,'I do no have enough money for transport ',1),(3,608,9,'2025-09-03 13:06:47','transport','approved',NULL,NULL,1,'I do no have enough money for transport ',1),(4,607,6,'2025-09-03 13:06:47','transport','approved',NULL,NULL,1,'I do no have enough money for transport ',1),(5,1082,16,'2025-09-03 13:06:47','transport','approved',NULL,NULL,1,'I do no have enough money for transport ',1),(6,1083,9,'2025-09-03 13:06:47','transport','approved',NULL,NULL,1,'I do no have enough money for transport ',1),(7,1084,8,'2025-09-08 13:06:47','transport','approved',NULL,NULL,1,'I do no have enough money for transport ',1);
/*!40000 ALTER TABLE `t_shift_cancellations` ENABLE KEYS */;
UNLOCK TABLES;

--
-- Table structure for table `t_shift_swap`
--

DROP TABLE IF EXISTS `t_shift_swap`;
/*!40101 SET @saved_cs_client     = @@character_set_client */;
/*!50503 SET character_set_client = utf8mb4 */;
CREATE TABLE `t_shift_swap` (
  `swap_id` int NOT NULL AUTO_INCREMENT,
  `status_` enum('pending','approved','rejected','cancelled') NOT NULL DEFAULT 'pending',
  `request_date_time` datetime DEFAULT CURRENT_TIMESTAMP,
  `approval_date_time` datetime DEFAULT NULL,
  `original_shift_id` int NOT NULL,
  `requested_shift_id` int NOT NULL,
  `requesting_employee_id` int NOT NULL,
  `approving_employee_id` int DEFAULT NULL,
  PRIMARY KEY (`swap_id`),
  KEY `original_shift_id` (`original_shift_id`),
  KEY `requested_shift_id` (`requested_shift_id`),
  KEY `requesting_employee_id` (`requesting_employee_id`),
  KEY `approving_employee_id` (`approving_employee_id`),
  CONSTRAINT `T_Shift_Swap_ibfk_1` FOREIGN KEY (`original_shift_id`) REFERENCES `t_shift` (`shift_id`),
  CONSTRAINT `T_Shift_Swap_ibfk_2` FOREIGN KEY (`requested_shift_id`) REFERENCES `t_shift` (`shift_id`),
  CONSTRAINT `T_Shift_Swap_ibfk_3` FOREIGN KEY (`requesting_employee_id`) REFERENCES `t_employee` (`employee_id`),
  CONSTRAINT `T_Shift_Swap_ibfk_4` FOREIGN KEY (`approving_employee_id`) REFERENCES `t_employee` (`employee_id`)
) ENGINE=InnoDB AUTO_INCREMENT=18 DEFAULT CHARSET=utf8mb4 COLLATE=utf8mb4_0900_ai_ci;
/*!40101 SET character_set_client = @saved_cs_client */;

--
-- Dumping data for table `t_shift_swap`
--

LOCK TABLES `t_shift_swap` WRITE;
/*!40000 ALTER TABLE `t_shift_swap` DISABLE KEYS */;
INSERT INTO `t_shift_swap` VALUES (1,'pending','2025-05-20 22:38:22',NULL,1,2,3,NULL),(2,'approved','2025-05-20 22:38:22','2023-11-10 14:30:00',3,4,2,1),(3,'approved','2025-07-23 14:59:43','2025-07-23 15:04:19',336,352,9,8),(4,'approved','2025-07-24 12:19:08','2025-07-24 12:21:27',382,385,9,8),(5,'approved','2025-08-05 17:54:30','2025-08-05 17:56:21',555,559,9,8),(6,'approved','2025-01-15 14:30:22','2025-01-16 09:15:33',145,146,2,1),(7,'rejected','2025-02-10 11:20:45',NULL,147,148,4,NULL),(8,'approved','2025-03-05 16:45:12','2025-03-06 10:30:00',150,151,7,1),(9,'pending','2025-04-12 09:30:15',NULL,153,154,9,NULL),(10,'approved','2025-05-18 13:20:33','2025-05-19 08:45:12',156,157,13,17),(11,'cancelled','2025-06-22 10:15:42','2025-06-22 14:30:00',159,160,15,1),(12,'approved','2025-07-10 15:30:22','2025-07-11 09:45:33',162,163,3,17),(13,'pending','2025-08-01 11:45:12',NULL,165,166,5,NULL),(14,'rejected','2025-08-18 15:52:05','2025-08-18 15:55:12',605,604,8,9),(15,'approved','2025-08-18 15:53:09','2025-08-18 15:54:51',605,604,8,9),(16,'approved','2025-08-18 15:56:32','2025-08-18 15:58:49',604,605,8,9),(17,'approved','2025-08-18 15:56:54','2025-08-18 15:58:47',604,605,8,9);
/*!40000 ALTER TABLE `t_shift_swap` ENABLE KEYS */;
UNLOCK TABLES;
/*!40103 SET TIME_ZONE=@OLD_TIME_ZONE */;

/*!40101 SET SQL_MODE=@OLD_SQL_MODE */;
/*!40014 SET FOREIGN_KEY_CHECKS=@OLD_FOREIGN_KEY_CHECKS */;
/*!40014 SET UNIQUE_CHECKS=@OLD_UNIQUE_CHECKS */;
/*!40101 SET CHARACTER_SET_CLIENT=@OLD_CHARACTER_SET_CLIENT */;
/*!40101 SET CHARACTER_SET_RESULTS=@OLD_CHARACTER_SET_RESULTS */;
/*!40101 SET COLLATION_CONNECTION=@OLD_COLLATION_CONNECTION */;
/*!40111 SET SQL_NOTES=@OLD_SQL_NOTES */;

-- Dump completed on 2025-09-14 17:35:36
